---------------------------------------
Begin Slurm Prolog: Apr-26-2026 16:24:01
Job ID:    5064229
User ID:   pzolotarev3
Account:   coc
Job name:  nanochat-stage2b
Partition: ice-gpu
QOS:       coc-ice
---------------------------------------
=== Stage 2b: Pretraining (chunk 2 / auto-resume) ===
Base dir: /home/hice1/pzolotarev3/scratch/nanochat
Started: Sun Apr 26 16:24:02 EDT 2026
Resuming from step 2400

                                                       █████                █████
                                                      ░░███                ░░███
     ████████    ██████   ████████    ██████   ██████  ░███████    ██████  ███████
    ░░███░░███  ░░░░░███ ░░███░░███  ███░░███ ███░░███ ░███░░███  ░░░░░███░░░███░
     ░███ ░███   ███████  ░███ ░███ ░███ ░███░███ ░░░  ░███ ░███   ███████  ░███
     ░███ ░███  ███░░███  ░███ ░███ ░███ ░███░███  ███ ░███ ░███  ███░░███  ░███ ███
     ████ █████░░████████ ████ █████░░██████ ░░██████  ████ █████░░███████  ░░█████
    ░░░░ ░░░░░  ░░░░░░░░ ░░░░ ░░░░░  ░░░░░░   ░░░░░░  ░░░░ ░░░░░  ░░░░░░░░   ░░░░░
    
Autodetected device type: cuda
GPU: NVIDIA H200 | Peak FLOPS (BF16): 9.89e+14
COMPUTE_DTYPE: torch.bfloat16 (auto-detected: CUDA SM 90 (bf16 supported))
✓ Using Flash Attention 3 (Hopper GPU detected), efficient, new and awesome.
Vocab size: 32,768
Model config:
{
  "sequence_len": 2048,
  "vocab_size": 32768,
  "n_layer": 24,
  "n_head": 12,
  "n_kv_head": 12,
  "n_embd": 1536,
  "window_pattern": "SSSL",
  "use_xsa": false,
  "xsa_alpha": 1.0,
  "xsa_layer_indices": null
}
Resuming optimization from step 2400
Parameter counts:
wte                     : 50,331,648
value_embeds            : 603,979,776
lm_head                 : 50,331,648
transformer_matrices    : 679,478,976
scalars                 : 74
total                   : 1,384,122,122
Estimated FLOPs per token: 4.775225e+09
Auto-computed optimal batch size: 1,048,576 tokens
Scaling LRs by 1.4142 for batch size 1,048,576 (reference: 524,288)
Scaling weight decay from 0.280000 to 0.059738 for depth 24
Scaling the LR for the AdamW parameters ∝1/√(1536/768) = 0.707107
Calculated number of iterations from target data:param ratio: 5,568
Total number of training tokens: 5,838,471,168
Tokens : Scaling params ratio: 8.00
Total training FLOPs estimate: 2.788002e+19
Tokens / micro-batch / rank: 16 x 2048 = 32,768
Tokens / micro-batch: 65,536
Total batch size 1,048,576 => gradient accumulation steps: 16
step 02400/05568 (43.10%) | loss: 2.558742 | lrm: 0.88 | dt: 96388.49ms | tok/sec: 10,878 | bf16_mfu: 2.63 | epoch: 1 pq: 56 rg: 2 | total time: 204.21m | eta: 270.7m
step 02401/05568 (43.12%) | loss: 2.553719 | lrm: 0.88 | dt: 4786.23ms | tok/sec: 219,081 | bf16_mfu: 52.89 | epoch: 1 pq: 56 rg: 4 | total time: 204.29m | eta: 270.6m
step 02402/05568 (43.14%) | loss: 2.562482 | lrm: 0.88 | dt: 4951.20ms | tok/sec: 211,782 | bf16_mfu: 51.13 | epoch: 1 pq: 56 rg: 6 | total time: 204.37m | eta: 270.5m
step 02403/05568 (43.16%) | loss: 2.562331 | lrm: 0.88 | dt: 5057.26ms | tok/sec: 207,340 | bf16_mfu: 50.06 | epoch: 1 pq: 56 rg: 8 | total time: 204.45m | eta: 270.4m
step 02404/05568 (43.18%) | loss: 2.574461 | lrm: 0.88 | dt: 5135.87ms | tok/sec: 204,167 | bf16_mfu: 49.29 | epoch: 1 pq: 56 rg: 10 | total time: 204.54m | eta: 270.3m
step 02405/05568 (43.19%) | loss: 2.569989 | lrm: 0.88 | dt: 5156.62ms | tok/sec: 203,345 | bf16_mfu: 49.09 | epoch: 1 pq: 56 rg: 12 | total time: 204.62m | eta: 270.2m
step 02406/05568 (43.21%) | loss: 2.567439 | lrm: 0.88 | dt: 5198.00ms | tok/sec: 201,726 | bf16_mfu: 48.70 | epoch: 1 pq: 56 rg: 14 | total time: 204.71m | eta: 270.2m
step 02407/05568 (43.23%) | loss: 2.581402 | lrm: 0.88 | dt: 5236.97ms | tok/sec: 200,225 | bf16_mfu: 48.34 | epoch: 1 pq: 56 rg: 16 | total time: 204.80m | eta: 270.1m
step 02408/05568 (43.25%) | loss: 2.600656 | lrm: 0.88 | dt: 5292.54ms | tok/sec: 198,123 | bf16_mfu: 47.83 | epoch: 1 pq: 56 rg: 18 | total time: 204.89m | eta: 270.0m
step 02409/05568 (43.27%) | loss: 2.599537 | lrm: 0.88 | dt: 5263.37ms | tok/sec: 199,221 | bf16_mfu: 48.10 | epoch: 1 pq: 56 rg: 20 | total time: 204.97m | eta: 269.9m
step 02410/05568 (43.28%) | loss: 2.612447 | lrm: 0.88 | dt: 5281.32ms | tok/sec: 198,544 | bf16_mfu: 47.93 | epoch: 1 pq: 56 rg: 22 | total time: 205.06m | eta: 269.8m
step 02411/05568 (43.30%) | loss: 2.600540 | lrm: 0.88 | dt: 5299.87ms | tok/sec: 197,849 | bf16_mfu: 47.76 | epoch: 1 pq: 56 rg: 26 | total time: 205.15m | eta: 269.7m
step 02412/05568 (43.32%) | loss: 2.594965 | lrm: 0.88 | dt: 5276.20ms | tok/sec: 198,736 | bf16_mfu: 47.98 | epoch: 1 pq: 56 rg: 28 | total time: 205.24m | eta: 269.7m
step 02413/05568 (43.34%) | loss: 2.608342 | lrm: 0.88 | dt: 5232.73ms | tok/sec: 200,388 | bf16_mfu: 48.38 | epoch: 1 pq: 56 rg: 30 | total time: 205.33m | eta: 269.6m
step 02414/05568 (43.35%) | loss: 2.613574 | lrm: 0.88 | dt: 5294.96ms | tok/sec: 198,033 | bf16_mfu: 47.81 | epoch: 1 pq: 56 rg: 32 | total time: 205.41m | eta: 269.5m
step 02415/05568 (43.37%) | loss: 2.597962 | lrm: 0.88 | dt: 5233.18ms | tok/sec: 200,370 | bf16_mfu: 48.37 | epoch: 1 pq: 56 rg: 34 | total time: 205.50m | eta: 269.4m
step 02416/05568 (43.39%) | loss: 2.616534 | lrm: 0.88 | dt: 5290.54ms | tok/sec: 198,198 | bf16_mfu: 47.85 | epoch: 1 pq: 56 rg: 36 | total time: 205.59m | eta: 269.3m
step 02417/05568 (43.41%) | loss: 2.613099 | lrm: 0.88 | dt: 5253.83ms | tok/sec: 199,583 | bf16_mfu: 48.18 | epoch: 1 pq: 56 rg: 38 | total time: 205.68m | eta: 269.3m
step 02418/05568 (43.43%) | loss: 2.608193 | lrm: 0.88 | dt: 5288.25ms | tok/sec: 198,284 | bf16_mfu: 47.87 | epoch: 1 pq: 56 rg: 40 | total time: 205.77m | eta: 269.2m
step 02419/05568 (43.44%) | loss: 2.608470 | lrm: 0.88 | dt: 5223.95ms | tok/sec: 200,724 | bf16_mfu: 48.46 | epoch: 1 pq: 56 rg: 42 | total time: 205.85m | eta: 269.1m
step 02420/05568 (43.46%) | loss: 2.598846 | lrm: 0.88 | dt: 5216.32ms | tok/sec: 201,018 | bf16_mfu: 48.53 | epoch: 1 pq: 56 rg: 44 | total time: 205.94m | eta: 269.0m
step 02421/05568 (43.48%) | loss: 2.597549 | lrm: 0.88 | dt: 5263.99ms | tok/sec: 199,197 | bf16_mfu: 48.09 | epoch: 1 pq: 56 rg: 46 | total time: 206.03m | eta: 268.9m
step 02422/05568 (43.50%) | loss: 2.608546 | lrm: 0.88 | dt: 5235.03ms | tok/sec: 200,299 | bf16_mfu: 48.36 | epoch: 1 pq: 56 rg: 48 | total time: 206.11m | eta: 268.8m
step 02423/05568 (43.52%) | loss: 2.614714 | lrm: 0.88 | dt: 5241.08ms | tok/sec: 200,068 | bf16_mfu: 48.30 | epoch: 1 pq: 56 rg: 50 | total time: 206.20m | eta: 268.8m
step 02424/05568 (43.53%) | loss: 2.604169 | lrm: 0.88 | dt: 5261.77ms | tok/sec: 199,281 | bf16_mfu: 48.11 | epoch: 1 pq: 56 rg: 52 | total time: 206.29m | eta: 268.7m
step 02425/05568 (43.55%) | loss: 2.607038 | lrm: 0.88 | dt: 5246.02ms | tok/sec: 199,880 | bf16_mfu: 48.25 | epoch: 1 pq: 56 rg: 54 | total time: 206.38m | eta: 268.6m
step 02426/05568 (43.57%) | loss: 2.619960 | lrm: 0.87 | dt: 5235.15ms | tok/sec: 200,295 | bf16_mfu: 48.35 | epoch: 1 pq: 56 rg: 56 | total time: 206.46m | eta: 268.5m
step 02427/05568 (43.59%) | loss: 2.618537 | lrm: 0.87 | dt: 5352.02ms | tok/sec: 195,921 | bf16_mfu: 47.30 | epoch: 1 pq: 56 rg: 60 | total time: 206.55m | eta: 268.4m
step 02428/05568 (43.61%) | loss: 2.619044 | lrm: 0.87 | dt: 5164.03ms | tok/sec: 203,053 | bf16_mfu: 49.02 | epoch: 1 pq: 56 rg: 62 | total time: 206.64m | eta: 268.3m
step 02429/05568 (43.62%) | loss: 2.608191 | lrm: 0.87 | dt: 5152.98ms | tok/sec: 203,489 | bf16_mfu: 49.13 | epoch: 1 pq: 56 rg: 64 | total time: 206.73m | eta: 268.3m
step 02430/05568 (43.64%) | loss: 2.619581 | lrm: 0.87 | dt: 5208.31ms | tok/sec: 201,327 | bf16_mfu: 48.60 | epoch: 1 pq: 56 rg: 66 | total time: 206.81m | eta: 268.2m
step 02431/05568 (43.66%) | loss: 2.620943 | lrm: 0.87 | dt: 5158.83ms | tok/sec: 203,258 | bf16_mfu: 49.07 | epoch: 1 pq: 56 rg: 68 | total time: 206.90m | eta: 268.1m
step 02432/05568 (43.68%) | loss: 2.619065 | lrm: 0.87 | dt: 5218.28ms | tok/sec: 200,942 | bf16_mfu: 48.51 | epoch: 1 pq: 56 rg: 70 | total time: 206.99m | eta: 268.0m
step 02433/05568 (43.70%) | loss: 2.629322 | lrm: 0.87 | dt: 5191.16ms | tok/sec: 201,992 | bf16_mfu: 48.76 | epoch: 1 pq: 56 rg: 72 | total time: 207.07m | eta: 267.9m
step 02434/05568 (43.71%) | loss: 2.625263 | lrm: 0.87 | dt: 5169.00ms | tok/sec: 202,858 | bf16_mfu: 48.97 | epoch: 1 pq: 56 rg: 72 | total time: 207.16m | eta: 267.8m
step 02435/05568 (43.73%) | loss: 2.629837 | lrm: 0.87 | dt: 5121.90ms | tok/sec: 204,724 | bf16_mfu: 49.42 | epoch: 1 pq: 56 rg: 74 | total time: 207.24m | eta: 267.7m
step 02436/05568 (43.75%) | loss: 2.628355 | lrm: 0.87 | dt: 5152.84ms | tok/sec: 203,494 | bf16_mfu: 49.13 | epoch: 1 pq: 56 rg: 76 | total time: 207.33m | eta: 267.7m
step 02437/05568 (43.77%) | loss: 2.637112 | lrm: 0.87 | dt: 5115.05ms | tok/sec: 204,998 | bf16_mfu: 49.49 | epoch: 1 pq: 56 rg: 78 | total time: 207.41m | eta: 267.6m
step 02438/05568 (43.79%) | loss: 2.635469 | lrm: 0.87 | dt: 5126.34ms | tok/sec: 204,546 | bf16_mfu: 49.38 | epoch: 1 pq: 56 rg: 80 | total time: 207.50m | eta: 267.5m
step 02439/05568 (43.80%) | loss: 2.636074 | lrm: 0.87 | dt: 5109.60ms | tok/sec: 205,216 | bf16_mfu: 49.54 | epoch: 1 pq: 56 rg: 82 | total time: 207.59m | eta: 267.4m
step 02440/05568 (43.82%) | loss: 2.635187 | lrm: 0.87 | dt: 5114.76ms | tok/sec: 205,009 | bf16_mfu: 49.49 | epoch: 1 pq: 57 rg: 0 | total time: 207.67m | eta: 267.3m
step 02441/05568 (43.84%) | loss: 2.645243 | lrm: 0.87 | dt: 5130.38ms | tok/sec: 204,385 | bf16_mfu: 49.34 | epoch: 1 pq: 57 rg: 2 | total time: 207.76m | eta: 267.2m
step 02442/05568 (43.86%) | loss: 2.637230 | lrm: 0.87 | dt: 5150.93ms | tok/sec: 203,570 | bf16_mfu: 49.15 | epoch: 1 pq: 57 rg: 4 | total time: 207.84m | eta: 267.2m
step 02443/05568 (43.88%) | loss: 2.635750 | lrm: 0.87 | dt: 5122.01ms | tok/sec: 204,719 | bf16_mfu: 49.42 | epoch: 1 pq: 57 rg: 6 | total time: 207.93m | eta: 267.1m
step 02444/05568 (43.89%) | loss: 2.639125 | lrm: 0.87 | dt: 5143.30ms | tok/sec: 203,872 | bf16_mfu: 49.22 | epoch: 1 pq: 57 rg: 8 | total time: 208.01m | eta: 267.0m
step 02445/05568 (43.91%) | loss: 2.641666 | lrm: 0.87 | dt: 5117.26ms | tok/sec: 204,909 | bf16_mfu: 49.47 | epoch: 1 pq: 57 rg: 10 | total time: 208.10m | eta: 266.9m
step 02446/05568 (43.93%) | loss: 2.622780 | lrm: 0.87 | dt: 5117.54ms | tok/sec: 204,898 | bf16_mfu: 49.47 | epoch: 1 pq: 57 rg: 12 | total time: 208.18m | eta: 266.8m
step 02447/05568 (43.95%) | loss: 2.598072 | lrm: 0.87 | dt: 5128.27ms | tok/sec: 204,469 | bf16_mfu: 49.36 | epoch: 1 pq: 57 rg: 14 | total time: 208.27m | eta: 266.7m
step 02448/05568 (43.97%) | loss: 2.599632 | lrm: 0.87 | dt: 5154.83ms | tok/sec: 203,416 | bf16_mfu: 49.11 | epoch: 1 pq: 57 rg: 16 | total time: 208.35m | eta: 266.6m
step 02449/05568 (43.98%) | loss: 2.616991 | lrm: 0.87 | dt: 5134.79ms | tok/sec: 204,210 | bf16_mfu: 49.30 | epoch: 1 pq: 57 rg: 18 | total time: 208.44m | eta: 266.6m
step 02450/05568 (44.00%) | loss: 2.609521 | lrm: 0.87 | dt: 5135.11ms | tok/sec: 204,197 | bf16_mfu: 49.30 | epoch: 1 pq: 57 rg: 20 | total time: 208.53m | eta: 266.5m
step 02451/05568 (44.02%) | loss: 2.625840 | lrm: 0.87 | dt: 5141.44ms | tok/sec: 203,946 | bf16_mfu: 49.24 | epoch: 1 pq: 57 rg: 22 | total time: 208.61m | eta: 266.4m
step 02452/05568 (44.04%) | loss: 2.635784 | lrm: 0.87 | dt: 5140.75ms | tok/sec: 203,973 | bf16_mfu: 49.24 | epoch: 1 pq: 57 rg: 24 | total time: 208.70m | eta: 266.3m
step 02453/05568 (44.06%) | loss: 2.627621 | lrm: 0.87 | dt: 5166.52ms | tok/sec: 202,956 | bf16_mfu: 49.00 | epoch: 1 pq: 57 rg: 26 | total time: 208.78m | eta: 266.2m
step 02454/05568 (44.07%) | loss: 2.625645 | lrm: 0.87 | dt: 5142.66ms | tok/sec: 203,897 | bf16_mfu: 49.22 | epoch: 1 pq: 57 rg: 28 | total time: 208.87m | eta: 266.1m
step 02455/05568 (44.09%) | loss: 2.634073 | lrm: 0.87 | dt: 5144.98ms | tok/sec: 203,805 | bf16_mfu: 49.20 | epoch: 1 pq: 57 rg: 30 | total time: 208.95m | eta: 266.0m
step 02456/05568 (44.11%) | loss: 2.630511 | lrm: 0.87 | dt: 5182.62ms | tok/sec: 202,325 | bf16_mfu: 48.84 | epoch: 1 pq: 57 rg: 32 | total time: 209.04m | eta: 266.0m
step 02457/05568 (44.13%) | loss: 2.638958 | lrm: 0.87 | dt: 5119.69ms | tok/sec: 204,812 | bf16_mfu: 49.45 | epoch: 1 pq: 57 rg: 34 | total time: 209.13m | eta: 265.9m
step 02458/05568 (44.15%) | loss: 2.637731 | lrm: 0.87 | dt: 5119.98ms | tok/sec: 204,800 | bf16_mfu: 49.44 | epoch: 1 pq: 57 rg: 36 | total time: 209.21m | eta: 265.8m
step 02459/05568 (44.16%) | loss: 2.630762 | lrm: 0.87 | dt: 5110.52ms | tok/sec: 205,180 | bf16_mfu: 49.53 | epoch: 1 pq: 57 rg: 38 | total time: 209.30m | eta: 265.7m
step 02460/05568 (44.18%) | loss: 2.644025 | lrm: 0.87 | dt: 5137.20ms | tok/sec: 204,114 | bf16_mfu: 49.28 | epoch: 1 pq: 57 rg: 40 | total time: 209.38m | eta: 265.6m
step 02461/05568 (44.20%) | loss: 2.652093 | lrm: 0.87 | dt: 5136.03ms | tok/sec: 204,160 | bf16_mfu: 49.29 | epoch: 1 pq: 57 rg: 42 | total time: 209.47m | eta: 265.5m
step 02462/05568 (44.22%) | loss: 2.660000 | lrm: 0.87 | dt: 5140.27ms | tok/sec: 203,992 | bf16_mfu: 49.25 | epoch: 1 pq: 57 rg: 44 | total time: 209.55m | eta: 265.4m
step 02463/05568 (44.23%) | loss: 2.665235 | lrm: 0.87 | dt: 5141.06ms | tok/sec: 203,961 | bf16_mfu: 49.24 | epoch: 1 pq: 57 rg: 46 | total time: 209.64m | eta: 265.4m
step 02464/05568 (44.25%) | loss: 2.654255 | lrm: 0.86 | dt: 5133.03ms | tok/sec: 204,279 | bf16_mfu: 49.32 | epoch: 1 pq: 57 rg: 46 | total time: 209.73m | eta: 265.3m
step 02465/05568 (44.27%) | loss: 2.636341 | lrm: 0.86 | dt: 5186.91ms | tok/sec: 202,158 | bf16_mfu: 48.80 | epoch: 1 pq: 57 rg: 48 | total time: 209.81m | eta: 265.2m
step 02466/05568 (44.29%) | loss: 2.644484 | lrm: 0.86 | dt: 5121.46ms | tok/sec: 204,741 | bf16_mfu: 49.43 | epoch: 1 pq: 57 rg: 52 | total time: 209.90m | eta: 265.1m
step 02467/05568 (44.31%) | loss: 2.646947 | lrm: 0.86 | dt: 5110.83ms | tok/sec: 205,167 | bf16_mfu: 49.53 | epoch: 1 pq: 57 rg: 52 | total time: 209.98m | eta: 265.0m
step 02468/05568 (44.32%) | loss: 2.644711 | lrm: 0.86 | dt: 5145.74ms | tok/sec: 203,775 | bf16_mfu: 49.19 | epoch: 1 pq: 57 rg: 54 | total time: 210.07m | eta: 264.9m
step 02469/05568 (44.34%) | loss: 2.649816 | lrm: 0.86 | dt: 5107.72ms | tok/sec: 205,292 | bf16_mfu: 49.56 | epoch: 1 pq: 57 rg: 56 | total time: 210.15m | eta: 264.8m
step 02470/05568 (44.36%) | loss: 2.645261 | lrm: 0.86 | dt: 5140.03ms | tok/sec: 204,001 | bf16_mfu: 49.25 | epoch: 1 pq: 57 rg: 58 | total time: 210.24m | eta: 264.8m
step 02471/05568 (44.38%) | loss: 2.644994 | lrm: 0.86 | dt: 5124.62ms | tok/sec: 204,615 | bf16_mfu: 49.40 | epoch: 1 pq: 57 rg: 60 | total time: 210.32m | eta: 264.7m
step 02472/05568 (44.40%) | loss: 2.635708 | lrm: 0.86 | dt: 5128.47ms | tok/sec: 204,461 | bf16_mfu: 49.36 | epoch: 1 pq: 57 rg: 62 | total time: 210.41m | eta: 264.6m
step 02473/05568 (44.41%) | loss: 2.622846 | lrm: 0.86 | dt: 5192.05ms | tok/sec: 201,958 | bf16_mfu: 48.76 | epoch: 1 pq: 57 rg: 64 | total time: 210.50m | eta: 264.5m
step 02474/05568 (44.43%) | loss: 2.650739 | lrm: 0.86 | dt: 5145.94ms | tok/sec: 203,767 | bf16_mfu: 49.19 | epoch: 1 pq: 57 rg: 66 | total time: 210.58m | eta: 264.4m
step 02475/05568 (44.45%) | loss: 2.658630 | lrm: 0.86 | dt: 5125.14ms | tok/sec: 204,594 | bf16_mfu: 49.39 | epoch: 1 pq: 57 rg: 68 | total time: 210.67m | eta: 264.3m
step 02476/05568 (44.47%) | loss: 2.649263 | lrm: 0.86 | dt: 5138.19ms | tok/sec: 204,075 | bf16_mfu: 49.27 | epoch: 1 pq: 57 rg: 70 | total time: 210.75m | eta: 264.3m
step 02477/05568 (44.49%) | loss: 2.619523 | lrm: 0.86 | dt: 5137.68ms | tok/sec: 204,095 | bf16_mfu: 49.27 | epoch: 1 pq: 57 rg: 72 | total time: 210.84m | eta: 264.2m
step 02478/05568 (44.50%) | loss: 2.618333 | lrm: 0.86 | dt: 5178.11ms | tok/sec: 202,501 | bf16_mfu: 48.89 | epoch: 1 pq: 57 rg: 74 | total time: 210.92m | eta: 264.1m
step 02479/05568 (44.52%) | loss: 2.620153 | lrm: 0.86 | dt: 5134.03ms | tok/sec: 204,240 | bf16_mfu: 49.31 | epoch: 1 pq: 57 rg: 76 | total time: 211.01m | eta: 264.0m
step 02480/05568 (44.54%) | loss: 2.608679 | lrm: 0.86 | dt: 5179.04ms | tok/sec: 202,465 | bf16_mfu: 48.88 | epoch: 1 pq: 57 rg: 78 | total time: 211.10m | eta: 263.9m
step 02481/05568 (44.56%) | loss: 2.606318 | lrm: 0.86 | dt: 5200.59ms | tok/sec: 201,626 | bf16_mfu: 48.68 | epoch: 1 pq: 57 rg: 80 | total time: 211.18m | eta: 263.8m
step 02482/05568 (44.58%) | loss: 2.611439 | lrm: 0.86 | dt: 5108.00ms | tok/sec: 205,281 | bf16_mfu: 49.56 | epoch: 1 pq: 58 rg: 0 | total time: 211.27m | eta: 263.7m
step 02483/05568 (44.59%) | loss: 2.624877 | lrm: 0.86 | dt: 5089.39ms | tok/sec: 206,031 | bf16_mfu: 49.74 | epoch: 1 pq: 58 rg: 2 | total time: 211.35m | eta: 263.7m
step 02484/05568 (44.61%) | loss: 2.621587 | lrm: 0.86 | dt: 5087.54ms | tok/sec: 206,106 | bf16_mfu: 49.76 | epoch: 1 pq: 58 rg: 4 | total time: 211.44m | eta: 263.6m
step 02485/05568 (44.63%) | loss: 2.615662 | lrm: 0.86 | dt: 5135.58ms | tok/sec: 204,178 | bf16_mfu: 49.29 | epoch: 1 pq: 58 rg: 6 | total time: 211.52m | eta: 263.5m
step 02486/05568 (44.65%) | loss: 2.606655 | lrm: 0.86 | dt: 5126.90ms | tok/sec: 204,524 | bf16_mfu: 49.38 | epoch: 1 pq: 58 rg: 8 | total time: 211.61m | eta: 263.4m
step 02487/05568 (44.67%) | loss: 2.609045 | lrm: 0.86 | dt: 5118.00ms | tok/sec: 204,880 | bf16_mfu: 49.46 | epoch: 1 pq: 58 rg: 10 | total time: 211.69m | eta: 263.3m
step 02488/05568 (44.68%) | loss: 2.617423 | lrm: 0.86 | dt: 5122.84ms | tok/sec: 204,686 | bf16_mfu: 49.41 | epoch: 1 pq: 58 rg: 12 | total time: 211.78m | eta: 263.2m
step 02489/05568 (44.70%) | loss: 2.599572 | lrm: 0.86 | dt: 5129.94ms | tok/sec: 204,403 | bf16_mfu: 49.35 | epoch: 1 pq: 58 rg: 14 | total time: 211.87m | eta: 263.1m
step 02490/05568 (44.72%) | loss: 2.579843 | lrm: 0.86 | dt: 5111.78ms | tok/sec: 205,129 | bf16_mfu: 49.52 | epoch: 1 pq: 58 rg: 16 | total time: 211.95m | eta: 263.1m
step 02491/05568 (44.74%) | loss: 2.582609 | lrm: 0.86 | dt: 5124.68ms | tok/sec: 204,613 | bf16_mfu: 49.40 | epoch: 1 pq: 58 rg: 18 | total time: 212.04m | eta: 263.0m
step 02492/05568 (44.76%) | loss: 2.594125 | lrm: 0.86 | dt: 5167.93ms | tok/sec: 202,900 | bf16_mfu: 48.98 | epoch: 1 pq: 58 rg: 18 | total time: 212.12m | eta: 262.9m
step 02493/05568 (44.77%) | loss: 2.603980 | lrm: 0.86 | dt: 5124.86ms | tok/sec: 204,605 | bf16_mfu: 49.40 | epoch: 1 pq: 58 rg: 20 | total time: 212.21m | eta: 262.8m
step 02494/05568 (44.79%) | loss: 2.608754 | lrm: 0.86 | dt: 5118.19ms | tok/sec: 204,872 | bf16_mfu: 49.46 | epoch: 1 pq: 58 rg: 22 | total time: 212.29m | eta: 262.7m
step 02495/05568 (44.81%) | loss: 2.620804 | lrm: 0.86 | dt: 5194.16ms | tok/sec: 201,875 | bf16_mfu: 48.74 | epoch: 1 pq: 58 rg: 24 | total time: 212.38m | eta: 262.6m
step 02496/05568 (44.83%) | loss: 2.626200 | lrm: 0.86 | dt: 5140.59ms | tok/sec: 203,979 | bf16_mfu: 49.24 | epoch: 1 pq: 58 rg: 26 | total time: 212.47m | eta: 262.5m
step 02497/05568 (44.85%) | loss: 2.625964 | lrm: 0.86 | dt: 5166.60ms | tok/sec: 202,952 | bf16_mfu: 49.00 | epoch: 1 pq: 58 rg: 28 | total time: 212.55m | eta: 262.5m
step 02498/05568 (44.86%) | loss: 2.620408 | lrm: 0.86 | dt: 5151.71ms | tok/sec: 203,539 | bf16_mfu: 49.14 | epoch: 1 pq: 58 rg: 30 | total time: 212.64m | eta: 262.4m
step 02499/05568 (44.88%) | loss: 2.616183 | lrm: 0.86 | dt: 5102.31ms | tok/sec: 205,510 | bf16_mfu: 49.61 | epoch: 1 pq: 58 rg: 32 | total time: 212.72m | eta: 262.3m
Step 02500 | Validation bpb: 0.791755
step 02500/05568 (44.90%) | loss: 2.630733 | lrm: 0.86 | dt: 5092.84ms | tok/sec: 205,892 | bf16_mfu: 49.71 | epoch: 1 pq: 58 rg: 34 | total time: 212.81m | eta: 262.2m
step 02501/05568 (44.92%) | loss: 2.640178 | lrm: 0.86 | dt: 5142.12ms | tok/sec: 203,918 | bf16_mfu: 49.23 | epoch: 1 pq: 58 rg: 36 | total time: 212.89m | eta: 262.1m
step 02502/05568 (44.94%) | loss: 2.636539 | lrm: 0.85 | dt: 5134.83ms | tok/sec: 204,208 | bf16_mfu: 49.30 | epoch: 1 pq: 58 rg: 38 | total time: 212.98m | eta: 262.0m
step 02503/05568 (44.95%) | loss: 2.630519 | lrm: 0.85 | dt: 5132.56ms | tok/sec: 204,298 | bf16_mfu: 49.32 | epoch: 1 pq: 58 rg: 40 | total time: 213.06m | eta: 261.9m
step 02504/05568 (44.97%) | loss: 2.625640 | lrm: 0.85 | dt: 5169.87ms | tok/sec: 202,824 | bf16_mfu: 48.97 | epoch: 1 pq: 58 rg: 42 | total time: 213.15m | eta: 261.9m
step 02505/05568 (44.99%) | loss: 2.612298 | lrm: 0.85 | dt: 5108.38ms | tok/sec: 205,265 | bf16_mfu: 49.55 | epoch: 1 pq: 58 rg: 44 | total time: 213.24m | eta: 261.8m
step 02506/05568 (45.01%) | loss: 2.623303 | lrm: 0.85 | dt: 5131.02ms | tok/sec: 204,359 | bf16_mfu: 49.34 | epoch: 1 pq: 58 rg: 46 | total time: 213.32m | eta: 261.7m
step 02507/05568 (45.03%) | loss: 2.628596 | lrm: 0.85 | dt: 5139.00ms | tok/sec: 204,042 | bf16_mfu: 49.26 | epoch: 1 pq: 58 rg: 48 | total time: 213.41m | eta: 261.6m
step 02508/05568 (45.04%) | loss: 2.620825 | lrm: 0.85 | dt: 5108.45ms | tok/sec: 205,262 | bf16_mfu: 49.55 | epoch: 1 pq: 58 rg: 50 | total time: 213.49m | eta: 261.5m
step 02509/05568 (45.06%) | loss: 2.616035 | lrm: 0.85 | dt: 5100.53ms | tok/sec: 205,581 | bf16_mfu: 49.63 | epoch: 1 pq: 58 rg: 52 | total time: 213.58m | eta: 261.4m
step 02510/05568 (45.08%) | loss: 2.629930 | lrm: 0.85 | dt: 5094.63ms | tok/sec: 205,819 | bf16_mfu: 49.69 | epoch: 1 pq: 58 rg: 54 | total time: 213.66m | eta: 261.4m
step 02511/05568 (45.10%) | loss: 2.617955 | lrm: 0.85 | dt: 5153.96ms | tok/sec: 203,450 | bf16_mfu: 49.12 | epoch: 1 pq: 58 rg: 56 | total time: 213.75m | eta: 261.3m
step 02512/05568 (45.11%) | loss: 2.615797 | lrm: 0.85 | dt: 5148.86ms | tok/sec: 203,652 | bf16_mfu: 49.17 | epoch: 1 pq: 58 rg: 58 | total time: 213.83m | eta: 261.2m
step 02513/05568 (45.13%) | loss: 2.610428 | lrm: 0.85 | dt: 5121.73ms | tok/sec: 204,730 | bf16_mfu: 49.43 | epoch: 1 pq: 58 rg: 60 | total time: 213.92m | eta: 261.1m
step 02514/05568 (45.15%) | loss: 2.591296 | lrm: 0.85 | dt: 5216.26ms | tok/sec: 201,020 | bf16_mfu: 48.53 | epoch: 1 pq: 58 rg: 62 | total time: 214.01m | eta: 261.0m
step 02515/05568 (45.17%) | loss: 2.585514 | lrm: 0.85 | dt: 5143.93ms | tok/sec: 203,847 | bf16_mfu: 49.21 | epoch: 1 pq: 58 rg: 64 | total time: 214.09m | eta: 260.9m
step 02516/05568 (45.19%) | loss: 2.585372 | lrm: 0.85 | dt: 5212.03ms | tok/sec: 201,183 | bf16_mfu: 48.57 | epoch: 1 pq: 58 rg: 66 | total time: 214.18m | eta: 260.8m
step 02517/05568 (45.20%) | loss: 2.577544 | lrm: 0.85 | dt: 5153.11ms | tok/sec: 203,484 | bf16_mfu: 49.12 | epoch: 1 pq: 58 rg: 68 | total time: 214.26m | eta: 260.8m
step 02518/05568 (45.22%) | loss: 2.568656 | lrm: 0.85 | dt: 5115.93ms | tok/sec: 204,962 | bf16_mfu: 49.48 | epoch: 1 pq: 58 rg: 70 | total time: 214.35m | eta: 260.7m
step 02519/05568 (45.24%) | loss: 2.583606 | lrm: 0.85 | dt: 5141.52ms | tok/sec: 203,942 | bf16_mfu: 49.24 | epoch: 1 pq: 58 rg: 72 | total time: 214.43m | eta: 260.6m
step 02520/05568 (45.26%) | loss: 2.559358 | lrm: 0.85 | dt: 5116.12ms | tok/sec: 204,955 | bf16_mfu: 49.48 | epoch: 1 pq: 58 rg: 74 | total time: 214.52m | eta: 260.5m
step 02521/05568 (45.28%) | loss: 2.582634 | lrm: 0.85 | dt: 5108.45ms | tok/sec: 205,262 | bf16_mfu: 49.55 | epoch: 1 pq: 58 rg: 74 | total time: 214.61m | eta: 260.4m
step 02522/05568 (45.29%) | loss: 2.578627 | lrm: 0.85 | dt: 5108.42ms | tok/sec: 205,264 | bf16_mfu: 49.55 | epoch: 1 pq: 58 rg: 76 | total time: 214.69m | eta: 260.3m
step 02523/05568 (45.31%) | loss: 2.576995 | lrm: 0.85 | dt: 5139.05ms | tok/sec: 204,041 | bf16_mfu: 49.26 | epoch: 1 pq: 58 rg: 78 | total time: 214.78m | eta: 260.2m
step 02524/05568 (45.33%) | loss: 2.583807 | lrm: 0.85 | dt: 5133.97ms | tok/sec: 204,242 | bf16_mfu: 49.31 | epoch: 1 pq: 58 rg: 80 | total time: 214.86m | eta: 260.2m
step 02525/05568 (45.35%) | loss: 2.568955 | lrm: 0.85 | dt: 5110.37ms | tok/sec: 205,186 | bf16_mfu: 49.54 | epoch: 1 pq: 59 rg: 0 | total time: 214.95m | eta: 260.1m
step 02526/05568 (45.37%) | loss: 2.577288 | lrm: 0.85 | dt: 5122.73ms | tok/sec: 204,690 | bf16_mfu: 49.42 | epoch: 1 pq: 59 rg: 2 | total time: 215.03m | eta: 260.0m
step 02527/05568 (45.38%) | loss: 2.594998 | lrm: 0.85 | dt: 5116.50ms | tok/sec: 204,940 | bf16_mfu: 49.48 | epoch: 1 pq: 59 rg: 4 | total time: 215.12m | eta: 259.9m
step 02528/05568 (45.40%) | loss: 2.588983 | lrm: 0.85 | dt: 5127.08ms | tok/sec: 204,517 | bf16_mfu: 49.37 | epoch: 1 pq: 59 rg: 6 | total time: 215.20m | eta: 259.8m
step 02529/05568 (45.42%) | loss: 2.578905 | lrm: 0.85 | dt: 5134.20ms | tok/sec: 204,233 | bf16_mfu: 49.31 | epoch: 1 pq: 59 rg: 8 | total time: 215.29m | eta: 259.7m
step 02530/05568 (45.44%) | loss: 2.580317 | lrm: 0.85 | dt: 5119.43ms | tok/sec: 204,822 | bf16_mfu: 49.45 | epoch: 1 pq: 59 rg: 10 | total time: 215.37m | eta: 259.6m
step 02531/05568 (45.46%) | loss: 2.592105 | lrm: 0.85 | dt: 5142.87ms | tok/sec: 203,889 | bf16_mfu: 49.22 | epoch: 1 pq: 59 rg: 12 | total time: 215.46m | eta: 259.6m
step 02532/05568 (45.47%) | loss: 2.602261 | lrm: 0.85 | dt: 5142.11ms | tok/sec: 203,919 | bf16_mfu: 49.23 | epoch: 1 pq: 59 rg: 14 | total time: 215.55m | eta: 259.5m
step 02533/05568 (45.49%) | loss: 2.613444 | lrm: 0.85 | dt: 5152.06ms | tok/sec: 203,525 | bf16_mfu: 49.13 | epoch: 1 pq: 59 rg: 16 | total time: 215.63m | eta: 259.4m
step 02534/05568 (45.51%) | loss: 2.615977 | lrm: 0.85 | dt: 5121.81ms | tok/sec: 204,727 | bf16_mfu: 49.42 | epoch: 1 pq: 59 rg: 18 | total time: 215.72m | eta: 259.3m
step 02535/05568 (45.53%) | loss: 2.608532 | lrm: 0.85 | dt: 5183.41ms | tok/sec: 202,294 | bf16_mfu: 48.84 | epoch: 1 pq: 59 rg: 20 | total time: 215.80m | eta: 259.2m
step 02536/05568 (45.55%) | loss: 2.616645 | lrm: 0.85 | dt: 5134.08ms | tok/sec: 204,238 | bf16_mfu: 49.31 | epoch: 1 pq: 59 rg: 22 | total time: 215.89m | eta: 259.1m
step 02537/05568 (45.56%) | loss: 2.607163 | lrm: 0.85 | dt: 5121.39ms | tok/sec: 204,744 | bf16_mfu: 49.43 | epoch: 1 pq: 59 rg: 24 | total time: 215.97m | eta: 259.0m
step 02538/05568 (45.58%) | loss: 2.600417 | lrm: 0.85 | dt: 5110.12ms | tok/sec: 205,195 | bf16_mfu: 49.54 | epoch: 1 pq: 59 rg: 26 | total time: 216.06m | eta: 259.0m
step 02539/05568 (45.60%) | loss: 2.610590 | lrm: 0.85 | dt: 5273.34ms | tok/sec: 198,844 | bf16_mfu: 48.00 | epoch: 1 pq: 59 rg: 28 | total time: 216.15m | eta: 258.9m
step 02540/05568 (45.62%) | loss: 2.625725 | lrm: 0.84 | dt: 5125.95ms | tok/sec: 204,562 | bf16_mfu: 49.38 | epoch: 1 pq: 59 rg: 30 | total time: 216.23m | eta: 258.8m
step 02541/05568 (45.64%) | loss: 2.639959 | lrm: 0.84 | dt: 5148.73ms | tok/sec: 203,657 | bf16_mfu: 49.17 | epoch: 1 pq: 59 rg: 32 | total time: 216.32m | eta: 258.7m
step 02542/05568 (45.65%) | loss: 2.640376 | lrm: 0.84 | dt: 5137.96ms | tok/sec: 204,084 | bf16_mfu: 49.27 | epoch: 1 pq: 59 rg: 34 | total time: 216.40m | eta: 258.6m
step 02543/05568 (45.67%) | loss: 2.635351 | lrm: 0.84 | dt: 5140.61ms | tok/sec: 203,978 | bf16_mfu: 49.24 | epoch: 1 pq: 59 rg: 36 | total time: 216.49m | eta: 258.5m
step 02544/05568 (45.69%) | loss: 2.633036 | lrm: 0.84 | dt: 5131.83ms | tok/sec: 204,327 | bf16_mfu: 49.33 | epoch: 1 pq: 59 rg: 38 | total time: 216.57m | eta: 258.5m
step 02545/05568 (45.71%) | loss: 2.623017 | lrm: 0.84 | dt: 5126.74ms | tok/sec: 204,530 | bf16_mfu: 49.38 | epoch: 1 pq: 59 rg: 40 | total time: 216.66m | eta: 258.4m
step 02546/05568 (45.73%) | loss: 2.610438 | lrm: 0.84 | dt: 5112.34ms | tok/sec: 205,106 | bf16_mfu: 49.52 | epoch: 1 pq: 59 rg: 42 | total time: 216.75m | eta: 258.3m
step 02547/05568 (45.74%) | loss: 2.601619 | lrm: 0.84 | dt: 5123.14ms | tok/sec: 204,674 | bf16_mfu: 49.41 | epoch: 1 pq: 59 rg: 44 | total time: 216.83m | eta: 258.2m
step 02548/05568 (45.76%) | loss: 2.589568 | lrm: 0.84 | dt: 5144.53ms | tok/sec: 203,823 | bf16_mfu: 49.21 | epoch: 1 pq: 59 rg: 46 | total time: 216.92m | eta: 258.1m
step 02549/05568 (45.78%) | loss: 2.568390 | lrm: 0.84 | dt: 5166.48ms | tok/sec: 202,957 | bf16_mfu: 49.00 | epoch: 1 pq: 59 rg: 48 | total time: 217.00m | eta: 258.0m
step 02550/05568 (45.80%) | loss: 2.558943 | lrm: 0.84 | dt: 5146.25ms | tok/sec: 203,755 | bf16_mfu: 49.19 | epoch: 1 pq: 59 rg: 50 | total time: 217.09m | eta: 257.9m
step 02551/05568 (45.82%) | loss: 2.555331 | lrm: 0.84 | dt: 5113.53ms | tok/sec: 205,059 | bf16_mfu: 49.50 | epoch: 1 pq: 59 rg: 52 | total time: 217.17m | eta: 257.9m
step 02552/05568 (45.83%) | loss: 2.561554 | lrm: 0.84 | dt: 5142.48ms | tok/sec: 203,904 | bf16_mfu: 49.23 | epoch: 1 pq: 59 rg: 54 | total time: 217.26m | eta: 257.8m
step 02553/05568 (45.85%) | loss: 2.564263 | lrm: 0.84 | dt: 5134.79ms | tok/sec: 204,210 | bf16_mfu: 49.30 | epoch: 1 pq: 59 rg: 56 | total time: 217.34m | eta: 257.7m
step 02554/05568 (45.87%) | loss: 2.558158 | lrm: 0.84 | dt: 5116.52ms | tok/sec: 204,939 | bf16_mfu: 49.48 | epoch: 1 pq: 59 rg: 58 | total time: 217.43m | eta: 257.6m
step 02555/05568 (45.89%) | loss: 2.565430 | lrm: 0.84 | dt: 5123.58ms | tok/sec: 204,656 | bf16_mfu: 49.41 | epoch: 1 pq: 59 rg: 60 | total time: 217.52m | eta: 257.5m
step 02556/05568 (45.91%) | loss: 2.535839 | lrm: 0.84 | dt: 5197.60ms | tok/sec: 201,742 | bf16_mfu: 48.70 | epoch: 1 pq: 59 rg: 62 | total time: 217.60m | eta: 257.4m
step 02557/05568 (45.92%) | loss: 2.530704 | lrm: 0.84 | dt: 5112.60ms | tok/sec: 205,096 | bf16_mfu: 49.51 | epoch: 1 pq: 59 rg: 64 | total time: 217.69m | eta: 257.3m
step 02558/05568 (45.94%) | loss: 2.542407 | lrm: 0.84 | dt: 5098.19ms | tok/sec: 205,676 | bf16_mfu: 49.65 | epoch: 1 pq: 59 rg: 66 | total time: 217.77m | eta: 257.3m
step 02559/05568 (45.96%) | loss: 2.557797 | lrm: 0.84 | dt: 5108.86ms | tok/sec: 205,246 | bf16_mfu: 49.55 | epoch: 1 pq: 59 rg: 68 | total time: 217.86m | eta: 257.2m
step 02560/05568 (45.98%) | loss: 2.562404 | lrm: 0.84 | dt: 5152.38ms | tok/sec: 203,512 | bf16_mfu: 49.13 | epoch: 1 pq: 59 rg: 70 | total time: 217.94m | eta: 257.1m
step 02561/05568 (45.99%) | loss: 2.542969 | lrm: 0.84 | dt: 5137.29ms | tok/sec: 204,110 | bf16_mfu: 49.28 | epoch: 1 pq: 59 rg: 72 | total time: 218.03m | eta: 257.0m
step 02562/05568 (46.01%) | loss: 2.544304 | lrm: 0.84 | dt: 5122.11ms | tok/sec: 204,715 | bf16_mfu: 49.42 | epoch: 1 pq: 59 rg: 74 | total time: 218.11m | eta: 256.9m
step 02563/05568 (46.03%) | loss: 2.537478 | lrm: 0.84 | dt: 5143.65ms | tok/sec: 203,858 | bf16_mfu: 49.21 | epoch: 1 pq: 59 rg: 76 | total time: 218.20m | eta: 256.8m
step 02564/05568 (46.05%) | loss: 2.540082 | lrm: 0.84 | dt: 5150.02ms | tok/sec: 203,606 | bf16_mfu: 49.15 | epoch: 1 pq: 59 rg: 78 | total time: 218.29m | eta: 256.7m
step 02565/05568 (46.07%) | loss: 2.544261 | lrm: 0.84 | dt: 5164.58ms | tok/sec: 203,032 | bf16_mfu: 49.02 | epoch: 1 pq: 59 rg: 80 | total time: 218.37m | eta: 256.7m
step 02566/05568 (46.08%) | loss: 2.560032 | lrm: 0.84 | dt: 5135.61ms | tok/sec: 204,177 | bf16_mfu: 49.29 | epoch: 1 pq: 59 rg: 80 | total time: 218.46m | eta: 256.6m
step 02567/05568 (46.10%) | loss: 2.560303 | lrm: 0.84 | dt: 5204.19ms | tok/sec: 201,486 | bf16_mfu: 48.64 | epoch: 1 pq: 59 rg: 82 | total time: 218.54m | eta: 256.5m
step 02568/05568 (46.12%) | loss: 2.564247 | lrm: 0.84 | dt: 5104.18ms | tok/sec: 205,434 | bf16_mfu: 49.60 | epoch: 1 pq: 60 rg: 0 | total time: 218.63m | eta: 256.4m
step 02569/05568 (46.14%) | loss: 2.568549 | lrm: 0.84 | dt: 5177.09ms | tok/sec: 202,541 | bf16_mfu: 48.90 | epoch: 1 pq: 60 rg: 2 | total time: 218.72m | eta: 256.3m
step 02570/05568 (46.16%) | loss: 2.560385 | lrm: 0.84 | dt: 5149.36ms | tok/sec: 203,632 | bf16_mfu: 49.16 | epoch: 1 pq: 60 rg: 4 | total time: 218.80m | eta: 256.2m
step 02571/05568 (46.17%) | loss: 2.564444 | lrm: 0.84 | dt: 5120.01ms | tok/sec: 204,799 | bf16_mfu: 49.44 | epoch: 1 pq: 60 rg: 6 | total time: 218.89m | eta: 256.2m
step 02572/05568 (46.19%) | loss: 2.564656 | lrm: 0.84 | dt: 5113.00ms | tok/sec: 205,080 | bf16_mfu: 49.51 | epoch: 1 pq: 60 rg: 8 | total time: 218.97m | eta: 256.1m
step 02573/05568 (46.21%) | loss: 2.577524 | lrm: 0.84 | dt: 5132.07ms | tok/sec: 204,318 | bf16_mfu: 49.33 | epoch: 1 pq: 60 rg: 10 | total time: 219.06m | eta: 256.0m
step 02574/05568 (46.23%) | loss: 2.597040 | lrm: 0.84 | dt: 5126.74ms | tok/sec: 204,530 | bf16_mfu: 49.38 | epoch: 1 pq: 60 rg: 12 | total time: 219.14m | eta: 255.9m
step 02575/05568 (46.25%) | loss: 2.597575 | lrm: 0.84 | dt: 5192.47ms | tok/sec: 201,941 | bf16_mfu: 48.75 | epoch: 1 pq: 60 rg: 14 | total time: 219.23m | eta: 255.8m
step 02576/05568 (46.26%) | loss: 2.578268 | lrm: 0.84 | dt: 5136.88ms | tok/sec: 204,126 | bf16_mfu: 49.28 | epoch: 1 pq: 60 rg: 16 | total time: 219.32m | eta: 255.7m
step 02577/05568 (46.28%) | loss: 2.578661 | lrm: 0.84 | dt: 5161.33ms | tok/sec: 203,159 | bf16_mfu: 49.05 | epoch: 1 pq: 60 rg: 18 | total time: 219.40m | eta: 255.6m
step 02578/05568 (46.30%) | loss: 2.596856 | lrm: 0.83 | dt: 5138.55ms | tok/sec: 204,060 | bf16_mfu: 49.26 | epoch: 1 pq: 60 rg: 20 | total time: 219.49m | eta: 255.6m
step 02579/05568 (46.32%) | loss: 2.596625 | lrm: 0.83 | dt: 5184.48ms | tok/sec: 202,253 | bf16_mfu: 48.83 | epoch: 1 pq: 60 rg: 22 | total time: 219.57m | eta: 255.5m
step 02580/05568 (46.34%) | loss: 2.603708 | lrm: 0.83 | dt: 5118.62ms | tok/sec: 204,855 | bf16_mfu: 49.46 | epoch: 1 pq: 60 rg: 24 | total time: 219.66m | eta: 255.4m
step 02581/05568 (46.35%) | loss: 2.610717 | lrm: 0.83 | dt: 5144.45ms | tok/sec: 203,826 | bf16_mfu: 49.21 | epoch: 1 pq: 60 rg: 26 | total time: 219.74m | eta: 255.3m
step 02582/05568 (46.37%) | loss: 2.592921 | lrm: 0.83 | dt: 5120.52ms | tok/sec: 204,779 | bf16_mfu: 49.44 | epoch: 1 pq: 60 rg: 28 | total time: 219.83m | eta: 255.2m
step 02583/05568 (46.39%) | loss: 2.593521 | lrm: 0.83 | dt: 5112.14ms | tok/sec: 205,114 | bf16_mfu: 49.52 | epoch: 1 pq: 60 rg: 30 | total time: 219.91m | eta: 255.1m
step 02584/05568 (46.41%) | loss: 2.584530 | lrm: 0.83 | dt: 5132.54ms | tok/sec: 204,299 | bf16_mfu: 49.32 | epoch: 1 pq: 60 rg: 32 | total time: 220.00m | eta: 255.0m
step 02585/05568 (46.43%) | loss: 2.595520 | lrm: 0.83 | dt: 5130.57ms | tok/sec: 204,377 | bf16_mfu: 49.34 | epoch: 1 pq: 60 rg: 34 | total time: 220.09m | eta: 255.0m
step 02586/05568 (46.44%) | loss: 2.607909 | lrm: 0.83 | dt: 5181.68ms | tok/sec: 202,362 | bf16_mfu: 48.85 | epoch: 1 pq: 60 rg: 36 | total time: 220.17m | eta: 254.9m
step 02587/05568 (46.46%) | loss: 2.613961 | lrm: 0.83 | dt: 5139.49ms | tok/sec: 204,023 | bf16_mfu: 49.25 | epoch: 1 pq: 60 rg: 38 | total time: 220.26m | eta: 254.8m
step 02588/05568 (46.48%) | loss: 2.612182 | lrm: 0.83 | dt: 5129.55ms | tok/sec: 204,418 | bf16_mfu: 49.35 | epoch: 1 pq: 60 rg: 40 | total time: 220.34m | eta: 254.7m
step 02589/05568 (46.50%) | loss: 2.618596 | lrm: 0.83 | dt: 5129.60ms | tok/sec: 204,416 | bf16_mfu: 49.35 | epoch: 1 pq: 60 rg: 42 | total time: 220.43m | eta: 254.6m
step 02590/05568 (46.52%) | loss: 2.615943 | lrm: 0.83 | dt: 5151.08ms | tok/sec: 203,564 | bf16_mfu: 49.14 | epoch: 1 pq: 60 rg: 44 | total time: 220.51m | eta: 254.5m
step 02591/05568 (46.53%) | loss: 2.607233 | lrm: 0.83 | dt: 5247.77ms | tok/sec: 199,813 | bf16_mfu: 48.24 | epoch: 1 pq: 60 rg: 46 | total time: 220.60m | eta: 254.4m
step 02592/05568 (46.55%) | loss: 2.600958 | lrm: 0.83 | dt: 5676.90ms | tok/sec: 184,709 | bf16_mfu: 44.59 | epoch: 1 pq: 60 rg: 48 | total time: 220.70m | eta: 254.4m
step 02593/05568 (46.57%) | loss: 2.602182 | lrm: 0.83 | dt: 5213.09ms | tok/sec: 201,142 | bf16_mfu: 48.56 | epoch: 1 pq: 60 rg: 50 | total time: 220.78m | eta: 254.3m
step 02594/05568 (46.59%) | loss: 2.591796 | lrm: 0.83 | dt: 5100.09ms | tok/sec: 205,599 | bf16_mfu: 49.64 | epoch: 1 pq: 60 rg: 52 | total time: 220.87m | eta: 254.2m
step 02595/05568 (46.61%) | loss: 2.589036 | lrm: 0.83 | dt: 5126.05ms | tok/sec: 204,558 | bf16_mfu: 49.38 | epoch: 1 pq: 60 rg: 54 | total time: 220.95m | eta: 254.1m
step 02596/05568 (46.62%) | loss: 2.580886 | lrm: 0.83 | dt: 6113.16ms | tok/sec: 171,527 | bf16_mfu: 41.41 | epoch: 1 pq: 60 rg: 56 | total time: 221.06m | eta: 254.1m
step 02597/05568 (46.64%) | loss: 2.579875 | lrm: 0.83 | dt: 5571.25ms | tok/sec: 188,212 | bf16_mfu: 45.44 | epoch: 1 pq: 60 rg: 58 | total time: 221.15m | eta: 254.0m
step 02598/05568 (46.66%) | loss: 2.558446 | lrm: 0.83 | dt: 6150.53ms | tok/sec: 170,485 | bf16_mfu: 41.16 | epoch: 1 pq: 60 rg: 60 | total time: 221.25m | eta: 253.9m
step 02599/05568 (46.68%) | loss: 2.560896 | lrm: 0.83 | dt: 5070.56ms | tok/sec: 206,797 | bf16_mfu: 49.92 | epoch: 1 pq: 60 rg: 62 | total time: 221.34m | eta: 253.8m
step 02600/05568 (46.70%) | loss: 2.557369 | lrm: 0.83 | dt: 4833.94ms | tok/sec: 216,919 | bf16_mfu: 52.37 | epoch: 1 pq: 60 rg: 64 | total time: 221.42m | eta: 253.7m
step 02601/05568 (46.71%) | loss: 2.568800 | lrm: 0.83 | dt: 4994.13ms | tok/sec: 209,961 | bf16_mfu: 50.69 | epoch: 1 pq: 60 rg: 64 | total time: 221.50m | eta: 253.6m
step 02602/05568 (46.73%) | loss: 2.574748 | lrm: 0.83 | dt: 5086.76ms | tok/sec: 206,138 | bf16_mfu: 49.77 | epoch: 1 pq: 60 rg: 66 | total time: 221.58m | eta: 253.6m
step 02603/05568 (46.75%) | loss: 2.565802 | lrm: 0.83 | dt: 5073.60ms | tok/sec: 206,672 | bf16_mfu: 49.89 | epoch: 1 pq: 60 rg: 68 | total time: 221.67m | eta: 253.5m
step 02604/05568 (46.77%) | loss: 2.560473 | lrm: 0.83 | dt: 5102.42ms | tok/sec: 205,505 | bf16_mfu: 49.61 | epoch: 1 pq: 60 rg: 70 | total time: 221.75m | eta: 253.4m
step 02605/05568 (46.79%) | loss: 2.555749 | lrm: 0.83 | dt: 5284.79ms | tok/sec: 198,413 | bf16_mfu: 47.90 | epoch: 1 pq: 60 rg: 72 | total time: 221.84m | eta: 253.3m
step 02606/05568 (46.80%) | loss: 2.563153 | lrm: 0.83 | dt: 5157.90ms | tok/sec: 203,295 | bf16_mfu: 49.08 | epoch: 1 pq: 60 rg: 74 | total time: 221.93m | eta: 253.2m
step 02607/05568 (46.82%) | loss: 2.571084 | lrm: 0.83 | dt: 5140.70ms | tok/sec: 203,975 | bf16_mfu: 49.24 | epoch: 1 pq: 60 rg: 76 | total time: 222.01m | eta: 253.1m
step 02608/05568 (46.84%) | loss: 2.578356 | lrm: 0.83 | dt: 5126.76ms | tok/sec: 204,529 | bf16_mfu: 49.38 | epoch: 1 pq: 60 rg: 78 | total time: 222.10m | eta: 253.0m
step 02609/05568 (46.86%) | loss: 2.577107 | lrm: 0.83 | dt: 5165.29ms | tok/sec: 203,004 | bf16_mfu: 49.01 | epoch: 1 pq: 60 rg: 80 | total time: 222.19m | eta: 253.0m
step 02610/05568 (46.88%) | loss: 2.577244 | lrm: 0.83 | dt: 5117.11ms | tok/sec: 204,915 | bf16_mfu: 49.47 | epoch: 1 pq: 61 rg: 0 | total time: 222.27m | eta: 252.9m
step 02611/05568 (46.89%) | loss: 2.560135 | lrm: 0.83 | dt: 5100.58ms | tok/sec: 205,579 | bf16_mfu: 49.63 | epoch: 1 pq: 61 rg: 2 | total time: 222.36m | eta: 252.8m
step 02612/05568 (46.91%) | loss: 2.559709 | lrm: 0.83 | dt: 5147.12ms | tok/sec: 203,720 | bf16_mfu: 49.18 | epoch: 1 pq: 61 rg: 4 | total time: 222.44m | eta: 252.7m
step 02613/05568 (46.93%) | loss: 2.575593 | lrm: 0.83 | dt: 5139.91ms | tok/sec: 204,006 | bf16_mfu: 49.25 | epoch: 1 pq: 61 rg: 6 | total time: 222.53m | eta: 252.6m
step 02614/05568 (46.95%) | loss: 2.562085 | lrm: 0.83 | dt: 5223.22ms | tok/sec: 200,752 | bf16_mfu: 48.47 | epoch: 1 pq: 61 rg: 8 | total time: 222.61m | eta: 252.5m
step 02615/05568 (46.96%) | loss: 2.573863 | lrm: 0.83 | dt: 5121.28ms | tok/sec: 204,748 | bf16_mfu: 49.43 | epoch: 1 pq: 61 rg: 10 | total time: 222.70m | eta: 252.4m
step 02616/05568 (46.98%) | loss: 2.580359 | lrm: 0.82 | dt: 5136.66ms | tok/sec: 204,135 | bf16_mfu: 49.28 | epoch: 1 pq: 61 rg: 12 | total time: 222.79m | eta: 252.4m
step 02617/05568 (47.00%) | loss: 2.597053 | lrm: 0.82 | dt: 5164.63ms | tok/sec: 203,030 | bf16_mfu: 49.01 | epoch: 1 pq: 61 rg: 14 | total time: 222.87m | eta: 252.3m
step 02618/05568 (47.02%) | loss: 2.599411 | lrm: 0.82 | dt: 5148.84ms | tok/sec: 203,652 | bf16_mfu: 49.17 | epoch: 1 pq: 61 rg: 16 | total time: 222.96m | eta: 252.2m
step 02619/05568 (47.04%) | loss: 2.615822 | lrm: 0.82 | dt: 5125.11ms | tok/sec: 204,595 | bf16_mfu: 49.39 | epoch: 1 pq: 61 rg: 18 | total time: 223.04m | eta: 252.1m
step 02620/05568 (47.05%) | loss: 2.611719 | lrm: 0.82 | dt: 5202.84ms | tok/sec: 201,539 | bf16_mfu: 48.65 | epoch: 1 pq: 61 rg: 20 | total time: 223.13m | eta: 252.0m
step 02621/05568 (47.07%) | loss: 2.600047 | lrm: 0.82 | dt: 5177.03ms | tok/sec: 202,543 | bf16_mfu: 48.90 | epoch: 1 pq: 61 rg: 22 | total time: 223.22m | eta: 251.9m
step 02622/05568 (47.09%) | loss: 2.600396 | lrm: 0.82 | dt: 5212.05ms | tok/sec: 201,183 | bf16_mfu: 48.57 | epoch: 1 pq: 61 rg: 24 | total time: 223.30m | eta: 251.9m
step 02623/05568 (47.11%) | loss: 2.598262 | lrm: 0.82 | dt: 5158.00ms | tok/sec: 203,291 | bf16_mfu: 49.08 | epoch: 1 pq: 61 rg: 26 | total time: 223.39m | eta: 251.8m
step 02624/05568 (47.13%) | loss: 2.596822 | lrm: 0.82 | dt: 5131.75ms | tok/sec: 204,331 | bf16_mfu: 49.33 | epoch: 1 pq: 61 rg: 28 | total time: 223.47m | eta: 251.7m
step 02625/05568 (47.14%) | loss: 2.599136 | lrm: 0.82 | dt: 5111.90ms | tok/sec: 205,124 | bf16_mfu: 49.52 | epoch: 1 pq: 61 rg: 30 | total time: 223.56m | eta: 251.6m
step 02626/05568 (47.16%) | loss: 2.589157 | lrm: 0.82 | dt: 5161.20ms | tok/sec: 203,165 | bf16_mfu: 49.05 | epoch: 1 pq: 61 rg: 32 | total time: 223.65m | eta: 251.5m
step 02627/05568 (47.18%) | loss: 2.594365 | lrm: 0.82 | dt: 5184.41ms | tok/sec: 202,255 | bf16_mfu: 48.83 | epoch: 1 pq: 61 rg: 34 | total time: 223.73m | eta: 251.4m
step 02628/05568 (47.20%) | loss: 2.605636 | lrm: 0.82 | dt: 5127.50ms | tok/sec: 204,500 | bf16_mfu: 49.37 | epoch: 1 pq: 61 rg: 36 | total time: 223.82m | eta: 251.3m
step 02629/05568 (47.22%) | loss: 2.606994 | lrm: 0.82 | dt: 5218.21ms | tok/sec: 200,945 | bf16_mfu: 48.51 | epoch: 1 pq: 61 rg: 38 | total time: 223.90m | eta: 251.3m
step 02630/05568 (47.23%) | loss: 2.609444 | lrm: 0.82 | dt: 5122.26ms | tok/sec: 204,709 | bf16_mfu: 49.42 | epoch: 1 pq: 61 rg: 40 | total time: 223.99m | eta: 251.2m
step 02631/05568 (47.25%) | loss: 2.610001 | lrm: 0.82 | dt: 5147.78ms | tok/sec: 203,694 | bf16_mfu: 49.18 | epoch: 1 pq: 61 rg: 42 | total time: 224.08m | eta: 251.1m
step 02632/05568 (47.27%) | loss: 2.619104 | lrm: 0.82 | dt: 5153.63ms | tok/sec: 203,463 | bf16_mfu: 49.12 | epoch: 1 pq: 61 rg: 44 | total time: 224.16m | eta: 251.0m
step 02633/05568 (47.29%) | loss: 2.592547 | lrm: 0.82 | dt: 5108.55ms | tok/sec: 205,258 | bf16_mfu: 49.55 | epoch: 1 pq: 61 rg: 46 | total time: 224.25m | eta: 250.9m
step 02634/05568 (47.31%) | loss: 2.592541 | lrm: 0.82 | dt: 5128.20ms | tok/sec: 204,472 | bf16_mfu: 49.36 | epoch: 1 pq: 61 rg: 48 | total time: 224.33m | eta: 250.8m
step 02635/05568 (47.32%) | loss: 2.605232 | lrm: 0.82 | dt: 5132.71ms | tok/sec: 204,292 | bf16_mfu: 49.32 | epoch: 1 pq: 61 rg: 50 | total time: 224.42m | eta: 250.7m
step 02636/05568 (47.34%) | loss: 2.606620 | lrm: 0.82 | dt: 5126.81ms | tok/sec: 204,527 | bf16_mfu: 49.38 | epoch: 1 pq: 61 rg: 52 | total time: 224.50m | eta: 250.7m
step 02637/05568 (47.36%) | loss: 2.603477 | lrm: 0.82 | dt: 5164.98ms | tok/sec: 203,016 | bf16_mfu: 49.01 | epoch: 1 pq: 61 rg: 52 | total time: 224.59m | eta: 250.6m
step 02638/05568 (47.38%) | loss: 2.603092 | lrm: 0.82 | dt: 5166.21ms | tok/sec: 202,968 | bf16_mfu: 49.00 | epoch: 1 pq: 61 rg: 54 | total time: 224.67m | eta: 250.5m
step 02639/05568 (47.40%) | loss: 2.596372 | lrm: 0.82 | dt: 5208.11ms | tok/sec: 201,335 | bf16_mfu: 48.61 | epoch: 1 pq: 61 rg: 56 | total time: 224.76m | eta: 250.4m
step 02640/05568 (47.41%) | loss: 2.597134 | lrm: 0.82 | dt: 5200.35ms | tok/sec: 201,635 | bf16_mfu: 48.68 | epoch: 1 pq: 61 rg: 58 | total time: 224.85m | eta: 250.3m
step 02641/05568 (47.43%) | loss: 2.587991 | lrm: 0.82 | dt: 5116.41ms | tok/sec: 204,943 | bf16_mfu: 49.48 | epoch: 1 pq: 61 rg: 60 | total time: 224.93m | eta: 250.2m
step 02642/05568 (47.45%) | loss: 2.598628 | lrm: 0.82 | dt: 5111.23ms | tok/sec: 205,151 | bf16_mfu: 49.53 | epoch: 1 pq: 61 rg: 62 | total time: 225.02m | eta: 250.2m
step 02643/05568 (47.47%) | loss: 2.599401 | lrm: 0.82 | dt: 5159.08ms | tok/sec: 203,248 | bf16_mfu: 49.07 | epoch: 1 pq: 61 rg: 64 | total time: 225.10m | eta: 250.1m
step 02644/05568 (47.49%) | loss: 2.595582 | lrm: 0.82 | dt: 5177.00ms | tok/sec: 202,544 | bf16_mfu: 48.90 | epoch: 1 pq: 61 rg: 66 | total time: 225.19m | eta: 250.0m
step 02645/05568 (47.50%) | loss: 2.572486 | lrm: 0.82 | dt: 5127.89ms | tok/sec: 204,485 | bf16_mfu: 49.37 | epoch: 1 pq: 61 rg: 68 | total time: 225.28m | eta: 249.9m
step 02646/05568 (47.52%) | loss: 2.581625 | lrm: 0.82 | dt: 5165.65ms | tok/sec: 202,989 | bf16_mfu: 49.01 | epoch: 1 pq: 61 rg: 70 | total time: 225.36m | eta: 249.8m
step 02647/05568 (47.54%) | loss: 2.596652 | lrm: 0.82 | dt: 5154.45ms | tok/sec: 203,431 | bf16_mfu: 49.11 | epoch: 1 pq: 61 rg: 72 | total time: 225.45m | eta: 249.7m
step 02648/05568 (47.56%) | loss: 2.596923 | lrm: 0.82 | dt: 5251.73ms | tok/sec: 199,662 | bf16_mfu: 48.20 | epoch: 1 pq: 61 rg: 74 | total time: 225.54m | eta: 249.6m
step 02649/05568 (47.58%) | loss: 2.588392 | lrm: 0.82 | dt: 5139.60ms | tok/sec: 204,018 | bf16_mfu: 49.25 | epoch: 1 pq: 61 rg: 76 | total time: 225.62m | eta: 249.6m
step 02650/05568 (47.59%) | loss: 2.582662 | lrm: 0.82 | dt: 5130.85ms | tok/sec: 204,367 | bf16_mfu: 49.34 | epoch: 1 pq: 61 rg: 78 | total time: 225.71m | eta: 249.5m
step 02651/05568 (47.61%) | loss: 2.587737 | lrm: 0.82 | dt: 5133.46ms | tok/sec: 204,262 | bf16_mfu: 49.31 | epoch: 1 pq: 61 rg: 80 | total time: 225.79m | eta: 249.4m
step 02652/05568 (47.63%) | loss: 2.584416 | lrm: 0.82 | dt: 5118.56ms | tok/sec: 204,857 | bf16_mfu: 49.46 | epoch: 1 pq: 61 rg: 82 | total time: 225.88m | eta: 249.3m
step 02653/05568 (47.65%) | loss: 2.589829 | lrm: 0.82 | dt: 5107.16ms | tok/sec: 205,314 | bf16_mfu: 49.57 | epoch: 1 pq: 62 rg: 0 | total time: 225.96m | eta: 249.2m
step 02654/05568 (47.67%) | loss: 2.588021 | lrm: 0.81 | dt: 5116.66ms | tok/sec: 204,933 | bf16_mfu: 49.47 | epoch: 1 pq: 62 rg: 2 | total time: 226.05m | eta: 249.1m
step 02655/05568 (47.68%) | loss: 2.580536 | lrm: 0.81 | dt: 5164.75ms | tok/sec: 203,025 | bf16_mfu: 49.01 | epoch: 1 pq: 62 rg: 4 | total time: 226.13m | eta: 249.0m
step 02656/05568 (47.70%) | loss: 2.565868 | lrm: 0.81 | dt: 5134.47ms | tok/sec: 204,222 | bf16_mfu: 49.30 | epoch: 1 pq: 62 rg: 6 | total time: 226.22m | eta: 249.0m
step 02657/05568 (47.72%) | loss: 2.568308 | lrm: 0.81 | dt: 5118.19ms | tok/sec: 204,872 | bf16_mfu: 49.46 | epoch: 1 pq: 62 rg: 8 | total time: 226.31m | eta: 248.9m
step 02658/05568 (47.74%) | loss: 2.581616 | lrm: 0.81 | dt: 5107.65ms | tok/sec: 205,295 | bf16_mfu: 49.56 | epoch: 1 pq: 62 rg: 10 | total time: 226.39m | eta: 248.8m
step 02659/05568 (47.76%) | loss: 2.580499 | lrm: 0.81 | dt: 5095.60ms | tok/sec: 205,780 | bf16_mfu: 49.68 | epoch: 1 pq: 62 rg: 12 | total time: 226.48m | eta: 248.7m
step 02660/05568 (47.77%) | loss: 2.583286 | lrm: 0.81 | dt: 5191.10ms | tok/sec: 201,995 | bf16_mfu: 48.77 | epoch: 1 pq: 62 rg: 14 | total time: 226.56m | eta: 248.6m
step 02661/05568 (47.79%) | loss: 2.598078 | lrm: 0.81 | dt: 5168.64ms | tok/sec: 202,872 | bf16_mfu: 48.98 | epoch: 1 pq: 62 rg: 16 | total time: 226.65m | eta: 248.5m
step 02662/05568 (47.81%) | loss: 2.586649 | lrm: 0.81 | dt: 5131.33ms | tok/sec: 204,347 | bf16_mfu: 49.33 | epoch: 1 pq: 62 rg: 18 | total time: 226.73m | eta: 248.4m
step 02663/05568 (47.83%) | loss: 2.571108 | lrm: 0.81 | dt: 5114.24ms | tok/sec: 205,030 | bf16_mfu: 49.50 | epoch: 1 pq: 62 rg: 20 | total time: 226.82m | eta: 248.4m
step 02664/05568 (47.84%) | loss: 2.581840 | lrm: 0.81 | dt: 5176.76ms | tok/sec: 202,554 | bf16_mfu: 48.90 | epoch: 1 pq: 62 rg: 22 | total time: 226.91m | eta: 248.3m
step 02665/05568 (47.86%) | loss: 2.563994 | lrm: 0.81 | dt: 5142.94ms | tok/sec: 203,886 | bf16_mfu: 49.22 | epoch: 1 pq: 62 rg: 24 | total time: 226.99m | eta: 248.2m
step 02666/05568 (47.88%) | loss: 2.569679 | lrm: 0.81 | dt: 5161.39ms | tok/sec: 203,157 | bf16_mfu: 49.05 | epoch: 1 pq: 62 rg: 26 | total time: 227.08m | eta: 248.1m
step 02667/05568 (47.90%) | loss: 2.560553 | lrm: 0.81 | dt: 5107.74ms | tok/sec: 205,291 | bf16_mfu: 49.56 | epoch: 1 pq: 62 rg: 28 | total time: 227.16m | eta: 248.0m
step 02668/05568 (47.92%) | loss: 2.540537 | lrm: 0.81 | dt: 5119.09ms | tok/sec: 204,836 | bf16_mfu: 49.45 | epoch: 1 pq: 62 rg: 28 | total time: 227.25m | eta: 247.9m
step 02669/05568 (47.93%) | loss: 2.540972 | lrm: 0.81 | dt: 5163.24ms | tok/sec: 203,084 | bf16_mfu: 49.03 | epoch: 1 pq: 62 rg: 30 | total time: 227.33m | eta: 247.9m
step 02670/05568 (47.95%) | loss: 2.550385 | lrm: 0.81 | dt: 5151.70ms | tok/sec: 203,539 | bf16_mfu: 49.14 | epoch: 1 pq: 62 rg: 32 | total time: 227.42m | eta: 247.8m
step 02671/05568 (47.97%) | loss: 2.565434 | lrm: 0.81 | dt: 5119.40ms | tok/sec: 204,824 | bf16_mfu: 49.45 | epoch: 1 pq: 62 rg: 34 | total time: 227.50m | eta: 247.7m
step 02672/05568 (47.99%) | loss: 2.579841 | lrm: 0.81 | dt: 5115.59ms | tok/sec: 204,976 | bf16_mfu: 49.48 | epoch: 1 pq: 62 rg: 36 | total time: 227.59m | eta: 247.6m
step 02673/05568 (48.01%) | loss: 2.584944 | lrm: 0.81 | dt: 5212.79ms | tok/sec: 201,154 | bf16_mfu: 48.56 | epoch: 1 pq: 62 rg: 38 | total time: 227.68m | eta: 247.5m
step 02674/05568 (48.02%) | loss: 2.576268 | lrm: 0.81 | dt: 5243.45ms | tok/sec: 199,978 | bf16_mfu: 48.28 | epoch: 1 pq: 62 rg: 40 | total time: 227.76m | eta: 247.4m
step 02675/05568 (48.04%) | loss: 2.589239 | lrm: 0.81 | dt: 5123.63ms | tok/sec: 204,654 | bf16_mfu: 49.41 | epoch: 1 pq: 62 rg: 42 | total time: 227.85m | eta: 247.3m
step 02676/05568 (48.06%) | loss: 2.578808 | lrm: 0.81 | dt: 5121.85ms | tok/sec: 204,726 | bf16_mfu: 49.42 | epoch: 1 pq: 62 rg: 44 | total time: 227.93m | eta: 247.3m
step 02677/05568 (48.08%) | loss: 2.576229 | lrm: 0.81 | dt: 5147.65ms | tok/sec: 203,700 | bf16_mfu: 49.18 | epoch: 1 pq: 62 rg: 46 | total time: 228.02m | eta: 247.2m
step 02678/05568 (48.10%) | loss: 2.572040 | lrm: 0.81 | dt: 5157.40ms | tok/sec: 203,314 | bf16_mfu: 49.08 | epoch: 1 pq: 62 rg: 48 | total time: 228.11m | eta: 247.1m
step 02679/05568 (48.11%) | loss: 2.568332 | lrm: 0.81 | dt: 5130.47ms | tok/sec: 204,381 | bf16_mfu: 49.34 | epoch: 1 pq: 62 rg: 50 | total time: 228.19m | eta: 247.0m
step 02680/05568 (48.13%) | loss: 2.582001 | lrm: 0.81 | dt: 5172.55ms | tok/sec: 202,719 | bf16_mfu: 48.94 | epoch: 1 pq: 62 rg: 52 | total time: 228.28m | eta: 246.9m
step 02681/05568 (48.15%) | loss: 2.569002 | lrm: 0.81 | dt: 5132.67ms | tok/sec: 204,294 | bf16_mfu: 49.32 | epoch: 1 pq: 62 rg: 54 | total time: 228.36m | eta: 246.8m
step 02682/05568 (48.17%) | loss: 2.570380 | lrm: 0.81 | dt: 5137.30ms | tok/sec: 204,110 | bf16_mfu: 49.28 | epoch: 1 pq: 62 rg: 56 | total time: 228.45m | eta: 246.7m
step 02683/05568 (48.19%) | loss: 2.579797 | lrm: 0.81 | dt: 5166.91ms | tok/sec: 202,940 | bf16_mfu: 48.99 | epoch: 1 pq: 62 rg: 58 | total time: 228.54m | eta: 246.7m
step 02684/05568 (48.20%) | loss: 2.588148 | lrm: 0.81 | dt: 5138.15ms | tok/sec: 204,076 | bf16_mfu: 49.27 | epoch: 1 pq: 62 rg: 60 | total time: 228.62m | eta: 246.6m
step 02685/05568 (48.22%) | loss: 2.575480 | lrm: 0.81 | dt: 5160.28ms | tok/sec: 203,201 | bf16_mfu: 49.06 | epoch: 1 pq: 62 rg: 62 | total time: 228.71m | eta: 246.5m
step 02686/05568 (48.24%) | loss: 2.569695 | lrm: 0.81 | dt: 5124.89ms | tok/sec: 204,604 | bf16_mfu: 49.40 | epoch: 1 pq: 62 rg: 64 | total time: 228.79m | eta: 246.4m
step 02687/05568 (48.26%) | loss: 2.575749 | lrm: 0.81 | dt: 5155.53ms | tok/sec: 203,388 | bf16_mfu: 49.10 | epoch: 1 pq: 62 rg: 66 | total time: 228.88m | eta: 246.3m
step 02688/05568 (48.28%) | loss: 2.579357 | lrm: 0.81 | dt: 5118.73ms | tok/sec: 204,850 | bf16_mfu: 49.45 | epoch: 1 pq: 62 rg: 68 | total time: 228.96m | eta: 246.2m
step 02689/05568 (48.29%) | loss: 2.592597 | lrm: 0.81 | dt: 5178.30ms | tok/sec: 202,494 | bf16_mfu: 48.89 | epoch: 1 pq: 62 rg: 70 | total time: 229.05m | eta: 246.1m
step 02690/05568 (48.31%) | loss: 2.576324 | lrm: 0.81 | dt: 5180.20ms | tok/sec: 202,419 | bf16_mfu: 48.87 | epoch: 1 pq: 62 rg: 72 | total time: 229.14m | eta: 246.1m
step 02691/05568 (48.33%) | loss: 2.576047 | lrm: 0.81 | dt: 5142.20ms | tok/sec: 203,915 | bf16_mfu: 49.23 | epoch: 1 pq: 62 rg: 74 | total time: 229.22m | eta: 246.0m
step 02692/05568 (48.35%) | loss: 2.567016 | lrm: 0.80 | dt: 5159.48ms | tok/sec: 203,233 | bf16_mfu: 49.06 | epoch: 1 pq: 62 rg: 76 | total time: 229.31m | eta: 245.9m
step 02693/05568 (48.37%) | loss: 2.573725 | lrm: 0.80 | dt: 5142.37ms | tok/sec: 203,909 | bf16_mfu: 49.23 | epoch: 1 pq: 62 rg: 78 | total time: 229.39m | eta: 245.8m
step 02694/05568 (48.38%) | loss: 2.558028 | lrm: 0.80 | dt: 5167.63ms | tok/sec: 202,912 | bf16_mfu: 48.99 | epoch: 1 pq: 62 rg: 80 | total time: 229.48m | eta: 245.7m
step 02695/05568 (48.40%) | loss: 2.555670 | lrm: 0.80 | dt: 5171.08ms | tok/sec: 202,777 | bf16_mfu: 48.95 | epoch: 1 pq: 62 rg: 82 | total time: 229.57m | eta: 245.6m
step 02696/05568 (48.42%) | loss: 2.549275 | lrm: 0.80 | dt: 5276.90ms | tok/sec: 198,710 | bf16_mfu: 47.97 | epoch: 1 pq: 62 rg: 82 | total time: 229.65m | eta: 245.6m
step 02697/05568 (48.44%) | loss: 2.568095 | lrm: 0.80 | dt: 5185.54ms | tok/sec: 202,211 | bf16_mfu: 48.82 | epoch: 1 pq: 63 rg: 0 | total time: 229.74m | eta: 245.5m
step 02698/05568 (48.46%) | loss: 2.564608 | lrm: 0.80 | dt: 5115.54ms | tok/sec: 204,978 | bf16_mfu: 49.49 | epoch: 1 pq: 63 rg: 2 | total time: 229.83m | eta: 245.4m
step 02699/05568 (48.47%) | loss: 2.554856 | lrm: 0.80 | dt: 5111.59ms | tok/sec: 205,136 | bf16_mfu: 49.52 | epoch: 1 pq: 63 rg: 4 | total time: 229.91m | eta: 245.3m
step 02700/05568 (48.49%) | loss: 2.552665 | lrm: 0.80 | dt: 5096.21ms | tok/sec: 205,756 | bf16_mfu: 49.67 | epoch: 1 pq: 63 rg: 6 | total time: 230.00m | eta: 245.2m
step 02701/05568 (48.51%) | loss: 2.554123 | lrm: 0.80 | dt: 5205.18ms | tok/sec: 201,448 | bf16_mfu: 48.63 | epoch: 1 pq: 63 rg: 8 | total time: 230.08m | eta: 245.1m
step 02702/05568 (48.53%) | loss: 2.569860 | lrm: 0.80 | dt: 5184.15ms | tok/sec: 202,265 | bf16_mfu: 48.83 | epoch: 1 pq: 63 rg: 10 | total time: 230.17m | eta: 245.0m
step 02703/05568 (48.55%) | loss: 2.555819 | lrm: 0.80 | dt: 5183.23ms | tok/sec: 202,301 | bf16_mfu: 48.84 | epoch: 1 pq: 63 rg: 12 | total time: 230.26m | eta: 245.0m
step 02704/05568 (48.56%) | loss: 2.555024 | lrm: 0.80 | dt: 5138.57ms | tok/sec: 204,059 | bf16_mfu: 49.26 | epoch: 1 pq: 63 rg: 14 | total time: 230.34m | eta: 244.9m
step 02705/05568 (48.58%) | loss: 2.538811 | lrm: 0.80 | dt: 5124.20ms | tok/sec: 204,632 | bf16_mfu: 49.40 | epoch: 1 pq: 63 rg: 16 | total time: 230.43m | eta: 244.8m
step 02706/05568 (48.60%) | loss: 2.527873 | lrm: 0.80 | dt: 5137.91ms | tok/sec: 204,085 | bf16_mfu: 49.27 | epoch: 1 pq: 63 rg: 18 | total time: 230.51m | eta: 244.7m
step 02707/05568 (48.62%) | loss: 2.515135 | lrm: 0.80 | dt: 5147.10ms | tok/sec: 203,721 | bf16_mfu: 49.18 | epoch: 1 pq: 63 rg: 20 | total time: 230.60m | eta: 244.6m
step 02708/05568 (48.64%) | loss: 2.506858 | lrm: 0.80 | dt: 5152.87ms | tok/sec: 203,493 | bf16_mfu: 49.13 | epoch: 1 pq: 63 rg: 22 | total time: 230.68m | eta: 244.5m
step 02709/05568 (48.65%) | loss: 2.511625 | lrm: 0.80 | dt: 5118.51ms | tok/sec: 204,859 | bf16_mfu: 49.46 | epoch: 1 pq: 63 rg: 24 | total time: 230.77m | eta: 244.4m
step 02710/05568 (48.67%) | loss: 2.509027 | lrm: 0.80 | dt: 5118.61ms | tok/sec: 204,855 | bf16_mfu: 49.46 | epoch: 1 pq: 63 rg: 26 | total time: 230.85m | eta: 244.4m
step 02711/05568 (48.69%) | loss: 2.519052 | lrm: 0.80 | dt: 8841.56ms | tok/sec: 118,596 | bf16_mfu: 28.63 | epoch: 1 pq: 63 rg: 28 | total time: 231.00m | eta: 244.3m
step 02712/05568 (48.71%) | loss: 2.544334 | lrm: 0.80 | dt: 5573.29ms | tok/sec: 188,142 | bf16_mfu: 45.42 | epoch: 1 pq: 63 rg: 30 | total time: 231.09m | eta: 244.3m
step 02713/05568 (48.72%) | loss: 2.545939 | lrm: 0.80 | dt: 5458.97ms | tok/sec: 192,083 | bf16_mfu: 46.37 | epoch: 1 pq: 63 rg: 32 | total time: 231.19m | eta: 244.2m
step 02714/05568 (48.74%) | loss: 2.551080 | lrm: 0.80 | dt: 5080.35ms | tok/sec: 206,398 | bf16_mfu: 49.83 | epoch: 1 pq: 63 rg: 34 | total time: 231.27m | eta: 244.1m
step 02715/05568 (48.76%) | loss: 2.541569 | lrm: 0.80 | dt: 5113.62ms | tok/sec: 205,055 | bf16_mfu: 49.50 | epoch: 1 pq: 63 rg: 36 | total time: 231.36m | eta: 244.0m
step 02716/05568 (48.78%) | loss: 2.536668 | lrm: 0.80 | dt: 5299.11ms | tok/sec: 197,877 | bf16_mfu: 47.77 | epoch: 1 pq: 63 rg: 38 | total time: 231.44m | eta: 243.9m
step 02717/05568 (48.80%) | loss: 2.551141 | lrm: 0.80 | dt: 5251.59ms | tok/sec: 199,668 | bf16_mfu: 48.20 | epoch: 1 pq: 63 rg: 40 | total time: 231.53m | eta: 243.8m
step 02718/05568 (48.81%) | loss: 2.557055 | lrm: 0.80 | dt: 5199.01ms | tok/sec: 201,687 | bf16_mfu: 48.69 | epoch: 1 pq: 63 rg: 42 | total time: 231.62m | eta: 243.8m
step 02719/05568 (48.83%) | loss: 2.544113 | lrm: 0.80 | dt: 5234.25ms | tok/sec: 200,329 | bf16_mfu: 48.36 | epoch: 1 pq: 63 rg: 44 | total time: 231.71m | eta: 243.7m
step 02720/05568 (48.85%) | loss: 2.548161 | lrm: 0.80 | dt: 5176.71ms | tok/sec: 202,556 | bf16_mfu: 48.90 | epoch: 1 pq: 63 rg: 46 | total time: 231.79m | eta: 243.6m
step 02721/05568 (48.87%) | loss: 2.544828 | lrm: 0.80 | dt: 5463.61ms | tok/sec: 191,920 | bf16_mfu: 46.33 | epoch: 1 pq: 63 rg: 48 | total time: 231.88m | eta: 243.5m
step 02722/05568 (48.89%) | loss: 2.547669 | lrm: 0.80 | dt: 5173.65ms | tok/sec: 202,676 | bf16_mfu: 48.93 | epoch: 1 pq: 63 rg: 50 | total time: 231.97m | eta: 243.4m
step 02723/05568 (48.90%) | loss: 2.545208 | lrm: 0.80 | dt: 5184.38ms | tok/sec: 202,256 | bf16_mfu: 48.83 | epoch: 1 pq: 63 rg: 52 | total time: 232.06m | eta: 243.3m
step 02724/05568 (48.92%) | loss: 2.538006 | lrm: 0.80 | dt: 5140.37ms | tok/sec: 203,988 | bf16_mfu: 49.25 | epoch: 1 pq: 63 rg: 54 | total time: 232.14m | eta: 243.3m
step 02725/05568 (48.94%) | loss: 2.542585 | lrm: 0.80 | dt: 5141.15ms | tok/sec: 203,957 | bf16_mfu: 49.24 | epoch: 1 pq: 63 rg: 56 | total time: 232.23m | eta: 243.2m
step 02726/05568 (48.96%) | loss: 2.537623 | lrm: 0.80 | dt: 5191.97ms | tok/sec: 201,961 | bf16_mfu: 48.76 | epoch: 1 pq: 63 rg: 58 | total time: 232.31m | eta: 243.1m
step 02727/05568 (48.98%) | loss: 2.534493 | lrm: 0.80 | dt: 5135.25ms | tok/sec: 204,191 | bf16_mfu: 49.30 | epoch: 1 pq: 63 rg: 60 | total time: 232.40m | eta: 243.0m
step 02728/05568 (48.99%) | loss: 2.537658 | lrm: 0.80 | dt: 5186.03ms | tok/sec: 202,192 | bf16_mfu: 48.81 | epoch: 1 pq: 63 rg: 60 | total time: 232.49m | eta: 242.9m
step 02729/05568 (49.01%) | loss: 2.545729 | lrm: 0.80 | dt: 5149.35ms | tok/sec: 203,632 | bf16_mfu: 49.16 | epoch: 1 pq: 63 rg: 62 | total time: 232.57m | eta: 242.8m
step 02730/05568 (49.03%) | loss: 2.555732 | lrm: 0.79 | dt: 5480.09ms | tok/sec: 191,342 | bf16_mfu: 46.19 | epoch: 1 pq: 63 rg: 64 | total time: 232.66m | eta: 242.8m
step 02731/05568 (49.05%) | loss: 2.574742 | lrm: 0.79 | dt: 5156.43ms | tok/sec: 203,353 | bf16_mfu: 49.09 | epoch: 1 pq: 63 rg: 66 | total time: 232.75m | eta: 242.7m
step 02732/05568 (49.07%) | loss: 2.577781 | lrm: 0.79 | dt: 5167.32ms | tok/sec: 202,924 | bf16_mfu: 48.99 | epoch: 1 pq: 63 rg: 68 | total time: 232.83m | eta: 242.6m
step 02733/05568 (49.08%) | loss: 2.571691 | lrm: 0.79 | dt: 5189.20ms | tok/sec: 202,068 | bf16_mfu: 48.78 | epoch: 1 pq: 63 rg: 70 | total time: 232.92m | eta: 242.5m
step 02734/05568 (49.10%) | loss: 2.573730 | lrm: 0.79 | dt: 5156.62ms | tok/sec: 203,345 | bf16_mfu: 49.09 | epoch: 1 pq: 63 rg: 72 | total time: 233.01m | eta: 242.4m
step 02735/05568 (49.12%) | loss: 2.567437 | lrm: 0.79 | dt: 5207.11ms | tok/sec: 201,373 | bf16_mfu: 48.62 | epoch: 1 pq: 63 rg: 74 | total time: 233.09m | eta: 242.3m
step 02736/05568 (49.14%) | loss: 2.561307 | lrm: 0.79 | dt: 5174.53ms | tok/sec: 202,641 | bf16_mfu: 48.92 | epoch: 1 pq: 63 rg: 76 | total time: 233.18m | eta: 242.2m
step 02737/05568 (49.16%) | loss: 2.574388 | lrm: 0.79 | dt: 5142.90ms | tok/sec: 203,888 | bf16_mfu: 49.22 | epoch: 1 pq: 63 rg: 78 | total time: 233.27m | eta: 242.2m
step 02738/05568 (49.17%) | loss: 2.560144 | lrm: 0.79 | dt: 5154.86ms | tok/sec: 203,414 | bf16_mfu: 49.11 | epoch: 1 pq: 63 rg: 80 | total time: 233.35m | eta: 242.1m
step 02739/05568 (49.19%) | loss: 2.563766 | lrm: 0.79 | dt: 5150.20ms | tok/sec: 203,598 | bf16_mfu: 49.15 | epoch: 1 pq: 63 rg: 82 | total time: 233.44m | eta: 242.0m
step 02740/05568 (49.21%) | loss: 2.575551 | lrm: 0.79 | dt: 5188.86ms | tok/sec: 202,082 | bf16_mfu: 48.79 | epoch: 1 pq: 64 rg: 0 | total time: 233.52m | eta: 241.9m
step 02741/05568 (49.23%) | loss: 2.583701 | lrm: 0.79 | dt: 5144.04ms | tok/sec: 203,843 | bf16_mfu: 49.21 | epoch: 1 pq: 64 rg: 2 | total time: 233.61m | eta: 241.8m
step 02742/05568 (49.25%) | loss: 2.583508 | lrm: 0.79 | dt: 5147.31ms | tok/sec: 203,713 | bf16_mfu: 49.18 | epoch: 1 pq: 64 rg: 4 | total time: 233.70m | eta: 241.7m
step 02743/05568 (49.26%) | loss: 2.574106 | lrm: 0.79 | dt: 5128.20ms | tok/sec: 204,472 | bf16_mfu: 49.36 | epoch: 1 pq: 64 rg: 6 | total time: 233.78m | eta: 241.7m
step 02744/05568 (49.28%) | loss: 2.574995 | lrm: 0.79 | dt: 5191.88ms | tok/sec: 201,964 | bf16_mfu: 48.76 | epoch: 1 pq: 64 rg: 8 | total time: 233.87m | eta: 241.6m
step 02745/05568 (49.30%) | loss: 2.562996 | lrm: 0.79 | dt: 5312.97ms | tok/sec: 197,361 | bf16_mfu: 47.65 | epoch: 1 pq: 64 rg: 10 | total time: 233.96m | eta: 241.5m
step 02746/05568 (49.32%) | loss: 2.549352 | lrm: 0.79 | dt: 5172.70ms | tok/sec: 202,713 | bf16_mfu: 48.94 | epoch: 1 pq: 64 rg: 12 | total time: 234.04m | eta: 241.4m
step 02747/05568 (49.34%) | loss: 2.555218 | lrm: 0.79 | dt: 5160.42ms | tok/sec: 203,195 | bf16_mfu: 49.05 | epoch: 1 pq: 64 rg: 14 | total time: 234.13m | eta: 241.3m
step 02748/05568 (49.35%) | loss: 2.545253 | lrm: 0.79 | dt: 5150.43ms | tok/sec: 203,590 | bf16_mfu: 49.15 | epoch: 1 pq: 64 rg: 16 | total time: 234.21m | eta: 241.2m
step 02749/05568 (49.37%) | loss: 2.547199 | lrm: 0.79 | dt: 5224.15ms | tok/sec: 200,717 | bf16_mfu: 48.46 | epoch: 1 pq: 64 rg: 18 | total time: 234.30m | eta: 241.1m
Step 02750 | Validation bpb: 0.781370
step 02750/05568 (49.39%) | loss: 2.545003 | lrm: 0.79 | dt: 5205.04ms | tok/sec: 201,453 | bf16_mfu: 48.63 | epoch: 1 pq: 64 rg: 20 | total time: 234.39m | eta: 241.1m
step 02751/05568 (49.41%) | loss: 2.564525 | lrm: 0.79 | dt: 5174.19ms | tok/sec: 202,654 | bf16_mfu: 48.92 | epoch: 1 pq: 64 rg: 22 | total time: 234.47m | eta: 241.0m
step 02752/05568 (49.43%) | loss: 2.573312 | lrm: 0.79 | dt: 5184.56ms | tok/sec: 202,249 | bf16_mfu: 48.83 | epoch: 1 pq: 64 rg: 24 | total time: 234.56m | eta: 240.9m
step 02753/05568 (49.44%) | loss: 2.565721 | lrm: 0.79 | dt: 5148.33ms | tok/sec: 203,673 | bf16_mfu: 49.17 | epoch: 1 pq: 64 rg: 26 | total time: 234.65m | eta: 240.8m
step 02754/05568 (49.46%) | loss: 2.574830 | lrm: 0.79 | dt: 5154.60ms | tok/sec: 203,425 | bf16_mfu: 49.11 | epoch: 1 pq: 64 rg: 28 | total time: 234.73m | eta: 240.7m
step 02755/05568 (49.48%) | loss: 2.578386 | lrm: 0.79 | dt: 5270.81ms | tok/sec: 198,940 | bf16_mfu: 48.03 | epoch: 1 pq: 64 rg: 30 | total time: 234.82m | eta: 240.6m
step 02756/05568 (49.50%) | loss: 2.586443 | lrm: 0.79 | dt: 5129.45ms | tok/sec: 204,422 | bf16_mfu: 49.35 | epoch: 1 pq: 64 rg: 32 | total time: 234.91m | eta: 240.6m
step 02757/05568 (49.52%) | loss: 2.583209 | lrm: 0.79 | dt: 5107.12ms | tok/sec: 205,316 | bf16_mfu: 49.57 | epoch: 1 pq: 64 rg: 34 | total time: 234.99m | eta: 240.5m
step 02758/05568 (49.53%) | loss: 2.575478 | lrm: 0.79 | dt: 5132.84ms | tok/sec: 204,287 | bf16_mfu: 49.32 | epoch: 1 pq: 64 rg: 36 | total time: 235.08m | eta: 240.4m
step 02759/05568 (49.55%) | loss: 2.555509 | lrm: 0.79 | dt: 5141.95ms | tok/sec: 203,925 | bf16_mfu: 49.23 | epoch: 1 pq: 64 rg: 36 | total time: 235.16m | eta: 240.3m
step 02760/05568 (49.57%) | loss: 2.558268 | lrm: 0.79 | dt: 5175.37ms | tok/sec: 202,608 | bf16_mfu: 48.91 | epoch: 1 pq: 64 rg: 38 | total time: 235.25m | eta: 240.2m
step 02761/05568 (49.59%) | loss: 2.541211 | lrm: 0.79 | dt: 5135.07ms | tok/sec: 204,198 | bf16_mfu: 49.30 | epoch: 1 pq: 64 rg: 40 | total time: 235.33m | eta: 240.1m
step 02762/05568 (49.60%) | loss: 2.575210 | lrm: 0.79 | dt: 5162.90ms | tok/sec: 203,098 | bf16_mfu: 49.03 | epoch: 1 pq: 64 rg: 42 | total time: 235.42m | eta: 240.0m
step 02763/05568 (49.62%) | loss: 2.567415 | lrm: 0.79 | dt: 5144.15ms | tok/sec: 203,838 | bf16_mfu: 49.21 | epoch: 1 pq: 64 rg: 44 | total time: 235.51m | eta: 240.0m
step 02764/05568 (49.64%) | loss: 2.566253 | lrm: 0.79 | dt: 5196.88ms | tok/sec: 201,770 | bf16_mfu: 48.71 | epoch: 1 pq: 64 rg: 46 | total time: 235.59m | eta: 239.9m
step 02765/05568 (49.66%) | loss: 2.561837 | lrm: 0.79 | dt: 5244.15ms | tok/sec: 199,951 | bf16_mfu: 48.27 | epoch: 1 pq: 64 rg: 48 | total time: 235.68m | eta: 239.8m
step 02766/05568 (49.68%) | loss: 2.563047 | lrm: 0.79 | dt: 5175.69ms | tok/sec: 202,596 | bf16_mfu: 48.91 | epoch: 1 pq: 64 rg: 50 | total time: 235.77m | eta: 239.7m
step 02767/05568 (49.69%) | loss: 2.566217 | lrm: 0.79 | dt: 5120.76ms | tok/sec: 204,769 | bf16_mfu: 49.43 | epoch: 1 pq: 64 rg: 52 | total time: 235.85m | eta: 239.6m
step 02768/05568 (49.71%) | loss: 2.567802 | lrm: 0.79 | dt: 5156.66ms | tok/sec: 203,344 | bf16_mfu: 49.09 | epoch: 1 pq: 64 rg: 54 | total time: 235.94m | eta: 239.5m
step 02769/05568 (49.73%) | loss: 2.550580 | lrm: 0.78 | dt: 5162.25ms | tok/sec: 203,123 | bf16_mfu: 49.04 | epoch: 1 pq: 64 rg: 56 | total time: 236.02m | eta: 239.4m
step 02770/05568 (49.75%) | loss: 2.541407 | lrm: 0.78 | dt: 5201.88ms | tok/sec: 201,576 | bf16_mfu: 48.66 | epoch: 1 pq: 64 rg: 58 | total time: 236.11m | eta: 239.4m
step 02771/05568 (49.77%) | loss: 2.548913 | lrm: 0.78 | dt: 5150.47ms | tok/sec: 203,588 | bf16_mfu: 49.15 | epoch: 1 pq: 64 rg: 60 | total time: 236.20m | eta: 239.3m
step 02772/05568 (49.78%) | loss: 2.532383 | lrm: 0.78 | dt: 5171.84ms | tok/sec: 202,747 | bf16_mfu: 48.95 | epoch: 1 pq: 64 rg: 62 | total time: 236.28m | eta: 239.2m
step 02773/05568 (49.80%) | loss: 2.541662 | lrm: 0.78 | dt: 5130.30ms | tok/sec: 204,388 | bf16_mfu: 49.34 | epoch: 1 pq: 64 rg: 64 | total time: 236.37m | eta: 239.1m
step 02774/05568 (49.82%) | loss: 2.544996 | lrm: 0.78 | dt: 5169.47ms | tok/sec: 202,839 | bf16_mfu: 48.97 | epoch: 1 pq: 64 rg: 66 | total time: 236.45m | eta: 239.0m
step 02775/05568 (49.84%) | loss: 2.555711 | lrm: 0.78 | dt: 5339.64ms | tok/sec: 196,375 | bf16_mfu: 47.41 | epoch: 1 pq: 64 rg: 68 | total time: 236.54m | eta: 238.9m
step 02776/05568 (49.86%) | loss: 2.553402 | lrm: 0.78 | dt: 5161.16ms | tok/sec: 203,166 | bf16_mfu: 49.05 | epoch: 1 pq: 64 rg: 70 | total time: 236.63m | eta: 238.9m
step 02777/05568 (49.87%) | loss: 2.557899 | lrm: 0.78 | dt: 5209.11ms | tok/sec: 201,296 | bf16_mfu: 48.60 | epoch: 1 pq: 64 rg: 72 | total time: 236.72m | eta: 238.8m
step 02778/05568 (49.89%) | loss: 2.566223 | lrm: 0.78 | dt: 5165.84ms | tok/sec: 202,982 | bf16_mfu: 49.00 | epoch: 1 pq: 64 rg: 74 | total time: 236.80m | eta: 238.7m
step 02779/05568 (49.91%) | loss: 2.565013 | lrm: 0.78 | dt: 5136.74ms | tok/sec: 204,132 | bf16_mfu: 49.28 | epoch: 1 pq: 64 rg: 76 | total time: 236.89m | eta: 238.6m
step 02780/05568 (49.93%) | loss: 2.565223 | lrm: 0.78 | dt: 5162.88ms | tok/sec: 203,099 | bf16_mfu: 49.03 | epoch: 1 pq: 64 rg: 78 | total time: 236.97m | eta: 238.5m
step 02781/05568 (49.95%) | loss: 2.565163 | lrm: 0.78 | dt: 5123.99ms | tok/sec: 204,640 | bf16_mfu: 49.40 | epoch: 1 pq: 64 rg: 80 | total time: 237.06m | eta: 238.4m
step 02782/05568 (49.96%) | loss: 2.584735 | lrm: 0.78 | dt: 5178.41ms | tok/sec: 202,489 | bf16_mfu: 48.88 | epoch: 1 pq: 64 rg: 82 | total time: 237.14m | eta: 238.3m
step 02783/05568 (49.98%) | loss: 2.582555 | lrm: 0.78 | dt: 5137.82ms | tok/sec: 204,089 | bf16_mfu: 49.27 | epoch: 1 pq: 65 rg: 0 | total time: 237.23m | eta: 238.3m
step 02784/05568 (50.00%) | loss: 2.579209 | lrm: 0.78 | dt: 5161.78ms | tok/sec: 203,142 | bf16_mfu: 49.04 | epoch: 1 pq: 65 rg: 2 | total time: 237.32m | eta: 238.2m
step 02785/05568 (50.02%) | loss: 2.579307 | lrm: 0.78 | dt: 5155.83ms | tok/sec: 203,376 | bf16_mfu: 49.10 | epoch: 1 pq: 65 rg: 4 | total time: 237.40m | eta: 238.1m
step 02786/05568 (50.04%) | loss: 2.594329 | lrm: 0.78 | dt: 5183.31ms | tok/sec: 202,298 | bf16_mfu: 48.84 | epoch: 1 pq: 65 rg: 6 | total time: 237.49m | eta: 238.0m
step 02787/05568 (50.05%) | loss: 2.595807 | lrm: 0.78 | dt: 5156.77ms | tok/sec: 203,339 | bf16_mfu: 49.09 | epoch: 1 pq: 65 rg: 8 | total time: 237.57m | eta: 237.9m
step 02788/05568 (50.07%) | loss: 2.597746 | lrm: 0.78 | dt: 5217.71ms | tok/sec: 200,964 | bf16_mfu: 48.52 | epoch: 1 pq: 65 rg: 10 | total time: 237.66m | eta: 237.8m
step 02789/05568 (50.09%) | loss: 2.596010 | lrm: 0.78 | dt: 5179.55ms | tok/sec: 202,445 | bf16_mfu: 48.87 | epoch: 1 pq: 65 rg: 12 | total time: 237.75m | eta: 237.7m
step 02790/05568 (50.11%) | loss: 2.593024 | lrm: 0.78 | dt: 5115.18ms | tok/sec: 204,993 | bf16_mfu: 49.49 | epoch: 1 pq: 65 rg: 12 | total time: 237.83m | eta: 237.7m
step 02791/05568 (50.13%) | loss: 2.594484 | lrm: 0.78 | dt: 5188.17ms | tok/sec: 202,108 | bf16_mfu: 48.79 | epoch: 1 pq: 65 rg: 14 | total time: 237.92m | eta: 237.6m
step 02792/05568 (50.14%) | loss: 2.594830 | lrm: 0.78 | dt: 5172.74ms | tok/sec: 202,711 | bf16_mfu: 48.94 | epoch: 1 pq: 65 rg: 16 | total time: 238.01m | eta: 237.5m
step 02793/05568 (50.16%) | loss: 2.591913 | lrm: 0.78 | dt: 5137.88ms | tok/sec: 204,087 | bf16_mfu: 49.27 | epoch: 1 pq: 65 rg: 18 | total time: 238.09m | eta: 237.4m
step 02794/05568 (50.18%) | loss: 2.578834 | lrm: 0.78 | dt: 5165.22ms | tok/sec: 203,006 | bf16_mfu: 49.01 | epoch: 1 pq: 65 rg: 20 | total time: 238.18m | eta: 237.3m
step 02795/05568 (50.20%) | loss: 2.590402 | lrm: 0.78 | dt: 5159.59ms | tok/sec: 203,228 | bf16_mfu: 49.06 | epoch: 1 pq: 65 rg: 22 | total time: 238.26m | eta: 237.2m
step 02796/05568 (50.22%) | loss: 2.586974 | lrm: 0.78 | dt: 5149.90ms | tok/sec: 203,611 | bf16_mfu: 49.16 | epoch: 1 pq: 65 rg: 24 | total time: 238.35m | eta: 237.2m
step 02797/05568 (50.23%) | loss: 2.584353 | lrm: 0.78 | dt: 5199.50ms | tok/sec: 201,668 | bf16_mfu: 48.69 | epoch: 1 pq: 65 rg: 26 | total time: 238.44m | eta: 237.1m
step 02798/05568 (50.25%) | loss: 2.586419 | lrm: 0.78 | dt: 5151.37ms | tok/sec: 203,552 | bf16_mfu: 49.14 | epoch: 1 pq: 65 rg: 28 | total time: 238.52m | eta: 237.0m
step 02799/05568 (50.27%) | loss: 2.583013 | lrm: 0.78 | dt: 5151.86ms | tok/sec: 203,533 | bf16_mfu: 49.14 | epoch: 1 pq: 65 rg: 30 | total time: 238.61m | eta: 236.9m
step 02800/05568 (50.29%) | loss: 2.601869 | lrm: 0.78 | dt: 4853.59ms | tok/sec: 216,041 | bf16_mfu: 52.16 | epoch: 1 pq: 65 rg: 32 | total time: 238.69m | eta: 236.8m
step 02801/05568 (50.31%) | loss: 2.586154 | lrm: 0.78 | dt: 5017.55ms | tok/sec: 208,981 | bf16_mfu: 50.45 | epoch: 1 pq: 65 rg: 34 | total time: 238.77m | eta: 236.7m
step 02802/05568 (50.32%) | loss: 2.586042 | lrm: 0.78 | dt: 5101.20ms | tok/sec: 205,554 | bf16_mfu: 49.62 | epoch: 1 pq: 65 rg: 36 | total time: 238.86m | eta: 236.6m
step 02803/05568 (50.34%) | loss: 2.605520 | lrm: 0.78 | dt: 5065.80ms | tok/sec: 206,991 | bf16_mfu: 49.97 | epoch: 1 pq: 65 rg: 38 | total time: 238.94m | eta: 236.5m
step 02804/05568 (50.36%) | loss: 2.595029 | lrm: 0.78 | dt: 5149.03ms | tok/sec: 203,645 | bf16_mfu: 49.16 | epoch: 1 pq: 65 rg: 40 | total time: 239.03m | eta: 236.5m
step 02805/05568 (50.38%) | loss: 2.578390 | lrm: 0.78 | dt: 5156.64ms | tok/sec: 203,344 | bf16_mfu: 49.09 | epoch: 1 pq: 65 rg: 42 | total time: 239.11m | eta: 236.4m
step 02806/05568 (50.40%) | loss: 2.567195 | lrm: 0.78 | dt: 5150.10ms | tok/sec: 203,603 | bf16_mfu: 49.15 | epoch: 1 pq: 65 rg: 44 | total time: 239.20m | eta: 236.3m
step 02807/05568 (50.41%) | loss: 2.572793 | lrm: 0.77 | dt: 5150.34ms | tok/sec: 203,593 | bf16_mfu: 49.15 | epoch: 1 pq: 65 rg: 46 | total time: 239.29m | eta: 236.2m
step 02808/05568 (50.43%) | loss: 2.575810 | lrm: 0.77 | dt: 5144.98ms | tok/sec: 203,805 | bf16_mfu: 49.20 | epoch: 1 pq: 65 rg: 48 | total time: 239.37m | eta: 236.1m
step 02809/05568 (50.45%) | loss: 2.569032 | lrm: 0.77 | dt: 5142.95ms | tok/sec: 203,886 | bf16_mfu: 49.22 | epoch: 1 pq: 65 rg: 50 | total time: 239.46m | eta: 236.0m
step 02810/05568 (50.47%) | loss: 2.569248 | lrm: 0.77 | dt: 5167.04ms | tok/sec: 202,935 | bf16_mfu: 48.99 | epoch: 1 pq: 65 rg: 52 | total time: 239.54m | eta: 235.9m
step 02811/05568 (50.48%) | loss: 2.561888 | lrm: 0.77 | dt: 5182.19ms | tok/sec: 202,342 | bf16_mfu: 48.85 | epoch: 1 pq: 65 rg: 54 | total time: 239.63m | eta: 235.9m
step 02812/05568 (50.50%) | loss: 2.561418 | lrm: 0.77 | dt: 5145.59ms | tok/sec: 203,781 | bf16_mfu: 49.20 | epoch: 1 pq: 65 rg: 56 | total time: 239.72m | eta: 235.8m
step 02813/05568 (50.52%) | loss: 2.557452 | lrm: 0.77 | dt: 5615.20ms | tok/sec: 186,738 | bf16_mfu: 45.08 | epoch: 1 pq: 65 rg: 58 | total time: 239.81m | eta: 235.7m
step 02814/05568 (50.54%) | loss: 2.556491 | lrm: 0.77 | dt: 5101.40ms | tok/sec: 205,546 | bf16_mfu: 49.62 | epoch: 1 pq: 65 rg: 60 | total time: 239.89m | eta: 235.6m
step 02815/05568 (50.56%) | loss: 2.557848 | lrm: 0.77 | dt: 5190.59ms | tok/sec: 202,014 | bf16_mfu: 48.77 | epoch: 1 pq: 65 rg: 62 | total time: 239.98m | eta: 235.5m
step 02816/05568 (50.57%) | loss: 2.550662 | lrm: 0.77 | dt: 5126.17ms | tok/sec: 204,553 | bf16_mfu: 49.38 | epoch: 1 pq: 65 rg: 64 | total time: 240.07m | eta: 235.4m
step 02817/05568 (50.59%) | loss: 2.540261 | lrm: 0.77 | dt: 5189.58ms | tok/sec: 202,054 | bf16_mfu: 48.78 | epoch: 1 pq: 65 rg: 66 | total time: 240.15m | eta: 235.4m
step 02818/05568 (50.61%) | loss: 2.537936 | lrm: 0.77 | dt: 5174.94ms | tok/sec: 202,625 | bf16_mfu: 48.92 | epoch: 1 pq: 65 rg: 68 | total time: 240.24m | eta: 235.3m
step 02819/05568 (50.63%) | loss: 2.545881 | lrm: 0.77 | dt: 5199.09ms | tok/sec: 201,684 | bf16_mfu: 48.69 | epoch: 1 pq: 65 rg: 70 | total time: 240.32m | eta: 235.2m
step 02820/05568 (50.65%) | loss: 2.545388 | lrm: 0.77 | dt: 5165.54ms | tok/sec: 202,994 | bf16_mfu: 49.01 | epoch: 1 pq: 65 rg: 72 | total time: 240.41m | eta: 235.1m
step 02821/05568 (50.66%) | loss: 2.551266 | lrm: 0.77 | dt: 5155.00ms | tok/sec: 203,409 | bf16_mfu: 49.11 | epoch: 1 pq: 65 rg: 74 | total time: 240.50m | eta: 235.0m
step 02822/05568 (50.68%) | loss: 2.538737 | lrm: 0.77 | dt: 5256.76ms | tok/sec: 199,472 | bf16_mfu: 48.16 | epoch: 1 pq: 65 rg: 76 | total time: 240.58m | eta: 234.9m
step 02823/05568 (50.70%) | loss: 2.555855 | lrm: 0.77 | dt: 5234.43ms | tok/sec: 200,322 | bf16_mfu: 48.36 | epoch: 1 pq: 65 rg: 78 | total time: 240.67m | eta: 234.9m
step 02824/05568 (50.72%) | loss: 2.560006 | lrm: 0.77 | dt: 5273.48ms | tok/sec: 198,839 | bf16_mfu: 48.00 | epoch: 1 pq: 65 rg: 80 | total time: 240.76m | eta: 234.8m
step 02825/05568 (50.74%) | loss: 2.574290 | lrm: 0.77 | dt: 5159.63ms | tok/sec: 203,226 | bf16_mfu: 49.06 | epoch: 1 pq: 65 rg: 80 | total time: 240.85m | eta: 234.7m
step 02826/05568 (50.75%) | loss: 2.583772 | lrm: 0.77 | dt: 5169.46ms | tok/sec: 202,840 | bf16_mfu: 48.97 | epoch: 1 pq: 66 rg: 0 | total time: 240.93m | eta: 234.6m
step 02827/05568 (50.77%) | loss: 2.577000 | lrm: 0.77 | dt: 5184.54ms | tok/sec: 202,250 | bf16_mfu: 48.83 | epoch: 1 pq: 66 rg: 2 | total time: 241.02m | eta: 234.5m
step 02828/05568 (50.79%) | loss: 2.587775 | lrm: 0.77 | dt: 5161.06ms | tok/sec: 203,170 | bf16_mfu: 49.05 | epoch: 1 pq: 66 rg: 4 | total time: 241.10m | eta: 234.4m
step 02829/05568 (50.81%) | loss: 2.577340 | lrm: 0.77 | dt: 5133.37ms | tok/sec: 204,266 | bf16_mfu: 49.31 | epoch: 1 pq: 66 rg: 6 | total time: 241.19m | eta: 234.3m
step 02830/05568 (50.83%) | loss: 2.563585 | lrm: 0.77 | dt: 5152.43ms | tok/sec: 203,510 | bf16_mfu: 49.13 | epoch: 1 pq: 66 rg: 8 | total time: 241.28m | eta: 234.3m
step 02831/05568 (50.84%) | loss: 2.570795 | lrm: 0.77 | dt: 5172.03ms | tok/sec: 202,739 | bf16_mfu: 48.94 | epoch: 1 pq: 66 rg: 10 | total time: 241.36m | eta: 234.2m
step 02832/05568 (50.86%) | loss: 2.564795 | lrm: 0.77 | dt: 5181.45ms | tok/sec: 202,371 | bf16_mfu: 48.86 | epoch: 1 pq: 66 rg: 12 | total time: 241.45m | eta: 234.1m
step 02833/05568 (50.88%) | loss: 2.554845 | lrm: 0.77 | dt: 5176.04ms | tok/sec: 202,582 | bf16_mfu: 48.91 | epoch: 1 pq: 66 rg: 14 | total time: 241.53m | eta: 234.0m
step 02834/05568 (50.90%) | loss: 2.575267 | lrm: 0.77 | dt: 5139.59ms | tok/sec: 204,019 | bf16_mfu: 49.25 | epoch: 1 pq: 66 rg: 16 | total time: 241.62m | eta: 233.9m
step 02835/05568 (50.92%) | loss: 2.575451 | lrm: 0.77 | dt: 5131.29ms | tok/sec: 204,349 | bf16_mfu: 49.33 | epoch: 1 pq: 66 rg: 18 | total time: 241.71m | eta: 233.8m
step 02836/05568 (50.93%) | loss: 2.579261 | lrm: 0.77 | dt: 5244.36ms | tok/sec: 199,943 | bf16_mfu: 48.27 | epoch: 1 pq: 66 rg: 20 | total time: 241.79m | eta: 233.8m
step 02837/05568 (50.95%) | loss: 2.572333 | lrm: 0.77 | dt: 5144.47ms | tok/sec: 203,825 | bf16_mfu: 49.21 | epoch: 1 pq: 66 rg: 22 | total time: 241.88m | eta: 233.7m
step 02838/05568 (50.97%) | loss: 2.571336 | lrm: 0.77 | dt: 5169.37ms | tok/sec: 202,844 | bf16_mfu: 48.97 | epoch: 1 pq: 66 rg: 24 | total time: 241.97m | eta: 233.6m
step 02839/05568 (50.99%) | loss: 2.544126 | lrm: 0.77 | dt: 5147.66ms | tok/sec: 203,699 | bf16_mfu: 49.18 | epoch: 1 pq: 66 rg: 26 | total time: 242.05m | eta: 233.5m
step 02840/05568 (51.01%) | loss: 2.544660 | lrm: 0.77 | dt: 5115.36ms | tok/sec: 204,985 | bf16_mfu: 49.49 | epoch: 1 pq: 66 rg: 28 | total time: 242.14m | eta: 233.4m
step 02841/05568 (51.02%) | loss: 2.550519 | lrm: 0.77 | dt: 5138.45ms | tok/sec: 204,064 | bf16_mfu: 49.26 | epoch: 1 pq: 66 rg: 30 | total time: 242.22m | eta: 233.3m
step 02842/05568 (51.04%) | loss: 2.563371 | lrm: 0.77 | dt: 5185.66ms | tok/sec: 202,206 | bf16_mfu: 48.82 | epoch: 1 pq: 66 rg: 32 | total time: 242.31m | eta: 233.2m
step 02843/05568 (51.06%) | loss: 2.591285 | lrm: 0.77 | dt: 5156.13ms | tok/sec: 203,364 | bf16_mfu: 49.10 | epoch: 1 pq: 66 rg: 34 | total time: 242.39m | eta: 233.2m
step 02844/05568 (51.08%) | loss: 2.573830 | lrm: 0.77 | dt: 5182.88ms | tok/sec: 202,315 | bf16_mfu: 48.84 | epoch: 1 pq: 66 rg: 36 | total time: 242.48m | eta: 233.1m
step 02845/05568 (51.10%) | loss: 2.591047 | lrm: 0.76 | dt: 5142.32ms | tok/sec: 203,911 | bf16_mfu: 49.23 | epoch: 1 pq: 66 rg: 38 | total time: 242.57m | eta: 233.0m
step 02846/05568 (51.11%) | loss: 2.580888 | lrm: 0.76 | dt: 5156.63ms | tok/sec: 203,345 | bf16_mfu: 49.09 | epoch: 1 pq: 66 rg: 40 | total time: 242.65m | eta: 232.9m
step 02847/05568 (51.13%) | loss: 2.573764 | lrm: 0.76 | dt: 5170.89ms | tok/sec: 202,784 | bf16_mfu: 48.96 | epoch: 1 pq: 66 rg: 42 | total time: 242.74m | eta: 232.8m
step 02848/05568 (51.15%) | loss: 2.556451 | lrm: 0.76 | dt: 5149.37ms | tok/sec: 203,631 | bf16_mfu: 49.16 | epoch: 1 pq: 66 rg: 44 | total time: 242.82m | eta: 232.7m
step 02849/05568 (51.17%) | loss: 2.551305 | lrm: 0.76 | dt: 5144.45ms | tok/sec: 203,826 | bf16_mfu: 49.21 | epoch: 1 pq: 66 rg: 46 | total time: 242.91m | eta: 232.6m
step 02850/05568 (51.19%) | loss: 2.541187 | lrm: 0.76 | dt: 5190.12ms | tok/sec: 202,032 | bf16_mfu: 48.77 | epoch: 1 pq: 66 rg: 48 | total time: 243.00m | eta: 232.6m
step 02851/05568 (51.20%) | loss: 2.523784 | lrm: 0.76 | dt: 5158.55ms | tok/sec: 203,269 | bf16_mfu: 49.07 | epoch: 1 pq: 66 rg: 50 | total time: 243.08m | eta: 232.5m
step 02852/05568 (51.22%) | loss: 2.538557 | lrm: 0.76 | dt: 5171.29ms | tok/sec: 202,768 | bf16_mfu: 48.95 | epoch: 1 pq: 66 rg: 50 | total time: 243.17m | eta: 232.4m
step 02853/05568 (51.24%) | loss: 2.537802 | lrm: 0.76 | dt: 5133.03ms | tok/sec: 204,280 | bf16_mfu: 49.32 | epoch: 1 pq: 66 rg: 52 | total time: 243.25m | eta: 232.3m
step 02854/05568 (51.26%) | loss: 2.524487 | lrm: 0.76 | dt: 5263.84ms | tok/sec: 199,203 | bf16_mfu: 48.09 | epoch: 1 pq: 66 rg: 54 | total time: 243.34m | eta: 232.2m
step 02855/05568 (51.28%) | loss: 2.513245 | lrm: 0.76 | dt: 5140.43ms | tok/sec: 203,986 | bf16_mfu: 49.25 | epoch: 1 pq: 66 rg: 56 | total time: 243.43m | eta: 232.1m
step 02856/05568 (51.29%) | loss: 2.517769 | lrm: 0.76 | dt: 5165.11ms | tok/sec: 203,011 | bf16_mfu: 49.01 | epoch: 1 pq: 66 rg: 58 | total time: 243.51m | eta: 232.0m
step 02857/05568 (51.31%) | loss: 2.504642 | lrm: 0.76 | dt: 5140.88ms | tok/sec: 203,968 | bf16_mfu: 49.24 | epoch: 1 pq: 66 rg: 60 | total time: 243.60m | eta: 232.0m
step 02858/05568 (51.33%) | loss: 2.512566 | lrm: 0.76 | dt: 5192.35ms | tok/sec: 201,946 | bf16_mfu: 48.75 | epoch: 1 pq: 66 rg: 62 | total time: 243.69m | eta: 231.9m
step 02859/05568 (51.35%) | loss: 2.516640 | lrm: 0.76 | dt: 5164.54ms | tok/sec: 203,033 | bf16_mfu: 49.02 | epoch: 1 pq: 66 rg: 64 | total time: 243.77m | eta: 231.8m
step 02860/05568 (51.36%) | loss: 2.524255 | lrm: 0.76 | dt: 5185.83ms | tok/sec: 202,200 | bf16_mfu: 48.81 | epoch: 1 pq: 66 rg: 66 | total time: 243.86m | eta: 231.7m
step 02861/05568 (51.38%) | loss: 2.527557 | lrm: 0.76 | dt: 5158.94ms | tok/sec: 203,254 | bf16_mfu: 49.07 | epoch: 1 pq: 66 rg: 68 | total time: 243.94m | eta: 231.6m
step 02862/05568 (51.40%) | loss: 2.532904 | lrm: 0.76 | dt: 5148.53ms | tok/sec: 203,665 | bf16_mfu: 49.17 | epoch: 1 pq: 66 rg: 70 | total time: 244.03m | eta: 231.5m
step 02863/05568 (51.42%) | loss: 2.544632 | lrm: 0.76 | dt: 5128.13ms | tok/sec: 204,475 | bf16_mfu: 49.36 | epoch: 1 pq: 66 rg: 72 | total time: 244.12m | eta: 231.5m
step 02864/05568 (51.44%) | loss: 2.541428 | lrm: 0.76 | dt: 5227.76ms | tok/sec: 200,578 | bf16_mfu: 48.42 | epoch: 1 pq: 66 rg: 74 | total time: 244.20m | eta: 231.4m
step 02865/05568 (51.45%) | loss: 2.536220 | lrm: 0.76 | dt: 5151.55ms | tok/sec: 203,545 | bf16_mfu: 49.14 | epoch: 1 pq: 66 rg: 76 | total time: 244.29m | eta: 231.3m
step 02866/05568 (51.47%) | loss: 2.544897 | lrm: 0.76 | dt: 5149.61ms | tok/sec: 203,622 | bf16_mfu: 49.16 | epoch: 1 pq: 66 rg: 78 | total time: 244.37m | eta: 231.2m
step 02867/05568 (51.49%) | loss: 2.534607 | lrm: 0.76 | dt: 5163.99ms | tok/sec: 203,055 | bf16_mfu: 49.02 | epoch: 1 pq: 66 rg: 80 | total time: 244.46m | eta: 231.1m
step 02868/05568 (51.51%) | loss: 2.533137 | lrm: 0.76 | dt: 5204.48ms | tok/sec: 201,475 | bf16_mfu: 48.64 | epoch: 1 pq: 67 rg: 0 | total time: 244.55m | eta: 231.0m
step 02869/05568 (51.53%) | loss: 2.536242 | lrm: 0.76 | dt: 5170.00ms | tok/sec: 202,819 | bf16_mfu: 48.96 | epoch: 1 pq: 67 rg: 2 | total time: 244.63m | eta: 230.9m
step 02870/05568 (51.54%) | loss: 2.540928 | lrm: 0.76 | dt: 5176.23ms | tok/sec: 202,575 | bf16_mfu: 48.91 | epoch: 1 pq: 67 rg: 4 | total time: 244.72m | eta: 230.9m
step 02871/05568 (51.56%) | loss: 2.539989 | lrm: 0.76 | dt: 5178.43ms | tok/sec: 202,489 | bf16_mfu: 48.88 | epoch: 1 pq: 67 rg: 6 | total time: 244.81m | eta: 230.8m
step 02872/05568 (51.58%) | loss: 2.551452 | lrm: 0.76 | dt: 5294.67ms | tok/sec: 198,043 | bf16_mfu: 47.81 | epoch: 1 pq: 67 rg: 8 | total time: 244.89m | eta: 230.7m
step 02873/05568 (51.60%) | loss: 2.554195 | lrm: 0.76 | dt: 5144.09ms | tok/sec: 203,841 | bf16_mfu: 49.21 | epoch: 1 pq: 67 rg: 10 | total time: 244.98m | eta: 230.6m
step 02874/05568 (51.62%) | loss: 2.548434 | lrm: 0.76 | dt: 5126.99ms | tok/sec: 204,520 | bf16_mfu: 49.37 | epoch: 1 pq: 67 rg: 12 | total time: 245.07m | eta: 230.5m
step 02875/05568 (51.63%) | loss: 2.552725 | lrm: 0.76 | dt: 5112.18ms | tok/sec: 205,113 | bf16_mfu: 49.52 | epoch: 1 pq: 67 rg: 14 | total time: 245.15m | eta: 230.4m
step 02876/05568 (51.65%) | loss: 2.565984 | lrm: 0.76 | dt: 5221.50ms | tok/sec: 200,818 | bf16_mfu: 48.48 | epoch: 1 pq: 67 rg: 16 | total time: 245.24m | eta: 230.3m
step 02877/05568 (51.67%) | loss: 2.564655 | lrm: 0.76 | dt: 5229.21ms | tok/sec: 200,522 | bf16_mfu: 48.41 | epoch: 1 pq: 67 rg: 18 | total time: 245.32m | eta: 230.3m
step 02878/05568 (51.69%) | loss: 2.569383 | lrm: 0.76 | dt: 5178.22ms | tok/sec: 202,497 | bf16_mfu: 48.89 | epoch: 1 pq: 67 rg: 20 | total time: 245.41m | eta: 230.2m
step 02879/05568 (51.71%) | loss: 2.572218 | lrm: 0.76 | dt: 5179.98ms | tok/sec: 202,428 | bf16_mfu: 48.87 | epoch: 1 pq: 67 rg: 22 | total time: 245.50m | eta: 230.1m
step 02880/05568 (51.72%) | loss: 2.572663 | lrm: 0.76 | dt: 5152.61ms | tok/sec: 203,503 | bf16_mfu: 49.13 | epoch: 1 pq: 67 rg: 24 | total time: 245.58m | eta: 230.0m
step 02881/05568 (51.74%) | loss: 2.565754 | lrm: 0.76 | dt: 5114.19ms | tok/sec: 205,032 | bf16_mfu: 49.50 | epoch: 1 pq: 67 rg: 26 | total time: 245.67m | eta: 229.9m
step 02882/05568 (51.76%) | loss: 2.557290 | lrm: 0.76 | dt: 5095.92ms | tok/sec: 205,767 | bf16_mfu: 49.68 | epoch: 1 pq: 67 rg: 28 | total time: 245.75m | eta: 229.8m
step 02883/05568 (51.78%) | loss: 2.568068 | lrm: 0.75 | dt: 5125.93ms | tok/sec: 204,562 | bf16_mfu: 49.38 | epoch: 1 pq: 67 rg: 30 | total time: 245.84m | eta: 229.8m
step 02884/05568 (51.80%) | loss: 2.562549 | lrm: 0.75 | dt: 5150.50ms | tok/sec: 203,587 | bf16_mfu: 49.15 | epoch: 1 pq: 67 rg: 32 | total time: 245.92m | eta: 229.7m
step 02885/05568 (51.81%) | loss: 2.566791 | lrm: 0.75 | dt: 5120.62ms | tok/sec: 204,775 | bf16_mfu: 49.44 | epoch: 1 pq: 67 rg: 34 | total time: 246.01m | eta: 229.6m
step 02886/05568 (51.83%) | loss: 2.567510 | lrm: 0.75 | dt: 5146.86ms | tok/sec: 203,731 | bf16_mfu: 49.18 | epoch: 1 pq: 67 rg: 34 | total time: 246.10m | eta: 229.5m
step 02887/05568 (51.85%) | loss: 2.586497 | lrm: 0.75 | dt: 5118.54ms | tok/sec: 204,858 | bf16_mfu: 49.46 | epoch: 1 pq: 67 rg: 36 | total time: 246.18m | eta: 229.4m
step 02888/05568 (51.87%) | loss: 2.584547 | lrm: 0.75 | dt: 5165.97ms | tok/sec: 202,977 | bf16_mfu: 49.00 | epoch: 1 pq: 67 rg: 38 | total time: 246.27m | eta: 229.3m
step 02889/05568 (51.89%) | loss: 2.573926 | lrm: 0.75 | dt: 5157.15ms | tok/sec: 203,324 | bf16_mfu: 49.09 | epoch: 1 pq: 67 rg: 40 | total time: 246.35m | eta: 229.2m
step 02890/05568 (51.90%) | loss: 2.558844 | lrm: 0.75 | dt: 5154.19ms | tok/sec: 203,441 | bf16_mfu: 49.11 | epoch: 1 pq: 67 rg: 42 | total time: 246.44m | eta: 229.2m
step 02891/05568 (51.92%) | loss: 2.573992 | lrm: 0.75 | dt: 5141.68ms | tok/sec: 203,936 | bf16_mfu: 49.23 | epoch: 1 pq: 67 rg: 44 | total time: 246.52m | eta: 229.1m
step 02892/05568 (51.94%) | loss: 2.578579 | lrm: 0.75 | dt: 5214.93ms | tok/sec: 201,071 | bf16_mfu: 48.54 | epoch: 1 pq: 67 rg: 46 | total time: 246.61m | eta: 229.0m
step 02893/05568 (51.96%) | loss: 2.574052 | lrm: 0.75 | dt: 5149.55ms | tok/sec: 203,624 | bf16_mfu: 49.16 | epoch: 1 pq: 67 rg: 48 | total time: 246.70m | eta: 228.9m
step 02894/05568 (51.98%) | loss: 2.564576 | lrm: 0.75 | dt: 5151.53ms | tok/sec: 203,546 | bf16_mfu: 49.14 | epoch: 1 pq: 67 rg: 50 | total time: 246.78m | eta: 228.8m
step 02895/05568 (51.99%) | loss: 2.543567 | lrm: 0.75 | dt: 5214.43ms | tok/sec: 201,091 | bf16_mfu: 48.55 | epoch: 1 pq: 67 rg: 52 | total time: 246.87m | eta: 228.7m
step 02896/05568 (52.01%) | loss: 2.538283 | lrm: 0.75 | dt: 5144.30ms | tok/sec: 203,832 | bf16_mfu: 49.21 | epoch: 1 pq: 67 rg: 54 | total time: 246.96m | eta: 228.6m
step 02897/05568 (52.03%) | loss: 2.547043 | lrm: 0.75 | dt: 5116.66ms | tok/sec: 204,933 | bf16_mfu: 49.47 | epoch: 1 pq: 67 rg: 56 | total time: 247.04m | eta: 228.6m
step 02898/05568 (52.05%) | loss: 2.560607 | lrm: 0.75 | dt: 5196.79ms | tok/sec: 201,773 | bf16_mfu: 48.71 | epoch: 1 pq: 67 rg: 58 | total time: 247.13m | eta: 228.5m
step 02899/05568 (52.07%) | loss: 2.550648 | lrm: 0.75 | dt: 5151.49ms | tok/sec: 203,548 | bf16_mfu: 49.14 | epoch: 1 pq: 67 rg: 60 | total time: 247.21m | eta: 228.4m
step 02900/05568 (52.08%) | loss: 2.536713 | lrm: 0.75 | dt: 5398.25ms | tok/sec: 194,243 | bf16_mfu: 46.89 | epoch: 1 pq: 67 rg: 62 | total time: 247.30m | eta: 228.3m
step 02901/05568 (52.10%) | loss: 2.546546 | lrm: 0.75 | dt: 5405.56ms | tok/sec: 193,980 | bf16_mfu: 46.83 | epoch: 1 pq: 67 rg: 64 | total time: 247.39m | eta: 228.2m
step 02902/05568 (52.12%) | loss: 2.542177 | lrm: 0.75 | dt: 5145.09ms | tok/sec: 203,801 | bf16_mfu: 49.20 | epoch: 1 pq: 67 rg: 66 | total time: 247.48m | eta: 228.1m
step 02903/05568 (52.14%) | loss: 2.543745 | lrm: 0.75 | dt: 5201.78ms | tok/sec: 201,580 | bf16_mfu: 48.66 | epoch: 1 pq: 67 rg: 68 | total time: 247.57m | eta: 228.1m
step 02904/05568 (52.16%) | loss: 2.547628 | lrm: 0.75 | dt: 5164.51ms | tok/sec: 203,035 | bf16_mfu: 49.02 | epoch: 1 pq: 67 rg: 70 | total time: 247.65m | eta: 228.0m
step 02905/05568 (52.17%) | loss: 2.534182 | lrm: 0.75 | dt: 5133.20ms | tok/sec: 204,273 | bf16_mfu: 49.31 | epoch: 1 pq: 67 rg: 72 | total time: 247.74m | eta: 227.9m
step 02906/05568 (52.19%) | loss: 2.518932 | lrm: 0.75 | dt: 5173.54ms | tok/sec: 202,680 | bf16_mfu: 48.93 | epoch: 1 pq: 67 rg: 74 | total time: 247.82m | eta: 227.8m
step 02907/05568 (52.21%) | loss: 2.513447 | lrm: 0.75 | dt: 5166.44ms | tok/sec: 202,959 | bf16_mfu: 49.00 | epoch: 1 pq: 67 rg: 76 | total time: 247.91m | eta: 227.7m
step 02908/05568 (52.23%) | loss: 2.515450 | lrm: 0.75 | dt: 5136.62ms | tok/sec: 204,137 | bf16_mfu: 49.28 | epoch: 1 pq: 67 rg: 78 | total time: 248.00m | eta: 227.6m
step 02909/05568 (52.24%) | loss: 2.514601 | lrm: 0.75 | dt: 5116.67ms | tok/sec: 204,933 | bf16_mfu: 49.47 | epoch: 1 pq: 67 rg: 80 | total time: 248.08m | eta: 227.5m
step 02910/05568 (52.26%) | loss: 2.513444 | lrm: 0.75 | dt: 5115.49ms | tok/sec: 204,980 | bf16_mfu: 49.49 | epoch: 1 pq: 67 rg: 82 | total time: 248.17m | eta: 227.5m
step 02911/05568 (52.28%) | loss: 2.491169 | lrm: 0.75 | dt: 5122.99ms | tok/sec: 204,680 | bf16_mfu: 49.41 | epoch: 1 pq: 68 rg: 0 | total time: 248.25m | eta: 227.4m
step 02912/05568 (52.30%) | loss: 2.489489 | lrm: 0.75 | dt: 5163.64ms | tok/sec: 203,069 | bf16_mfu: 49.02 | epoch: 1 pq: 68 rg: 2 | total time: 248.34m | eta: 227.3m
step 02913/05568 (52.32%) | loss: 2.497242 | lrm: 0.75 | dt: 5292.84ms | tok/sec: 198,112 | bf16_mfu: 47.83 | epoch: 1 pq: 68 rg: 4 | total time: 248.43m | eta: 227.2m
step 02914/05568 (52.33%) | loss: 2.495038 | lrm: 0.75 | dt: 6642.33ms | tok/sec: 157,862 | bf16_mfu: 38.11 | epoch: 1 pq: 68 rg: 6 | total time: 248.54m | eta: 227.1m
step 02915/05568 (52.35%) | loss: 2.508372 | lrm: 0.75 | dt: 5101.26ms | tok/sec: 205,552 | bf16_mfu: 49.62 | epoch: 1 pq: 68 rg: 8 | total time: 248.62m | eta: 227.1m
step 02916/05568 (52.37%) | loss: 2.515905 | lrm: 0.75 | dt: 5136.22ms | tok/sec: 204,153 | bf16_mfu: 49.29 | epoch: 1 pq: 68 rg: 10 | total time: 248.71m | eta: 227.0m
step 02917/05568 (52.39%) | loss: 2.514920 | lrm: 0.75 | dt: 5125.66ms | tok/sec: 204,573 | bf16_mfu: 49.39 | epoch: 1 pq: 68 rg: 12 | total time: 248.79m | eta: 226.9m
step 02918/05568 (52.41%) | loss: 2.535250 | lrm: 0.75 | dt: 5113.82ms | tok/sec: 205,047 | bf16_mfu: 49.50 | epoch: 1 pq: 68 rg: 14 | total time: 248.88m | eta: 226.8m
step 02919/05568 (52.42%) | loss: 2.547292 | lrm: 0.75 | dt: 5108.37ms | tok/sec: 205,266 | bf16_mfu: 49.55 | epoch: 1 pq: 68 rg: 16 | total time: 248.96m | eta: 226.7m
step 02920/05568 (52.44%) | loss: 2.542714 | lrm: 0.75 | dt: 5155.57ms | tok/sec: 203,387 | bf16_mfu: 49.10 | epoch: 1 pq: 68 rg: 18 | total time: 249.05m | eta: 226.6m
step 02921/05568 (52.46%) | loss: 2.546907 | lrm: 0.74 | dt: 5166.23ms | tok/sec: 202,967 | bf16_mfu: 49.00 | epoch: 1 pq: 68 rg: 20 | total time: 249.14m | eta: 226.5m
step 02922/05568 (52.48%) | loss: 2.538801 | lrm: 0.74 | dt: 5248.63ms | tok/sec: 199,780 | bf16_mfu: 48.23 | epoch: 1 pq: 68 rg: 22 | total time: 249.22m | eta: 226.5m
step 02923/05568 (52.50%) | loss: 2.543647 | lrm: 0.74 | dt: 5224.96ms | tok/sec: 200,686 | bf16_mfu: 48.45 | epoch: 1 pq: 68 rg: 22 | total time: 249.31m | eta: 226.4m
step 02924/05568 (52.51%) | loss: 2.559472 | lrm: 0.74 | dt: 5147.59ms | tok/sec: 203,702 | bf16_mfu: 49.18 | epoch: 1 pq: 68 rg: 24 | total time: 249.40m | eta: 226.3m
step 02925/05568 (52.53%) | loss: 2.560617 | lrm: 0.74 | dt: 5167.52ms | tok/sec: 202,916 | bf16_mfu: 48.99 | epoch: 1 pq: 68 rg: 26 | total time: 249.48m | eta: 226.2m
step 02926/05568 (52.55%) | loss: 2.570885 | lrm: 0.74 | dt: 5174.95ms | tok/sec: 202,625 | bf16_mfu: 48.92 | epoch: 1 pq: 68 rg: 28 | total time: 249.57m | eta: 226.1m
step 02927/05568 (52.57%) | loss: 2.577915 | lrm: 0.74 | dt: 5934.58ms | tok/sec: 176,689 | bf16_mfu: 42.66 | epoch: 1 pq: 68 rg: 30 | total time: 249.67m | eta: 226.0m
step 02928/05568 (52.59%) | loss: 2.589022 | lrm: 0.74 | dt: 5127.62ms | tok/sec: 204,495 | bf16_mfu: 49.37 | epoch: 1 pq: 68 rg: 32 | total time: 249.75m | eta: 226.0m
step 02929/05568 (52.60%) | loss: 2.585336 | lrm: 0.74 | dt: 5175.04ms | tok/sec: 202,621 | bf16_mfu: 48.92 | epoch: 1 pq: 68 rg: 34 | total time: 249.84m | eta: 225.9m
step 02930/05568 (52.62%) | loss: 2.567135 | lrm: 0.74 | dt: 5468.02ms | tok/sec: 191,765 | bf16_mfu: 46.30 | epoch: 1 pq: 68 rg: 36 | total time: 249.93m | eta: 225.8m
step 02931/05568 (52.64%) | loss: 2.567878 | lrm: 0.74 | dt: 5172.83ms | tok/sec: 202,708 | bf16_mfu: 48.94 | epoch: 1 pq: 68 rg: 38 | total time: 250.02m | eta: 225.7m
step 02932/05568 (52.66%) | loss: 2.568172 | lrm: 0.74 | dt: 5128.70ms | tok/sec: 204,452 | bf16_mfu: 49.36 | epoch: 1 pq: 68 rg: 40 | total time: 250.10m | eta: 225.6m
step 02933/05568 (52.68%) | loss: 2.574359 | lrm: 0.74 | dt: 5118.52ms | tok/sec: 204,859 | bf16_mfu: 49.46 | epoch: 1 pq: 68 rg: 42 | total time: 250.19m | eta: 225.5m
step 02934/05568 (52.69%) | loss: 2.583102 | lrm: 0.74 | dt: 5121.04ms | tok/sec: 204,758 | bf16_mfu: 49.43 | epoch: 1 pq: 68 rg: 44 | total time: 250.27m | eta: 225.5m
step 02935/05568 (52.71%) | loss: 2.580473 | lrm: 0.74 | dt: 5119.10ms | tok/sec: 204,835 | bf16_mfu: 49.45 | epoch: 1 pq: 68 rg: 46 | total time: 250.36m | eta: 225.4m
step 02936/05568 (52.73%) | loss: 2.559485 | lrm: 0.74 | dt: 5247.27ms | tok/sec: 199,832 | bf16_mfu: 48.24 | epoch: 1 pq: 68 rg: 48 | total time: 250.44m | eta: 225.3m
step 02937/05568 (52.75%) | loss: 2.548168 | lrm: 0.74 | dt: 5205.22ms | tok/sec: 201,447 | bf16_mfu: 48.63 | epoch: 1 pq: 68 rg: 50 | total time: 250.53m | eta: 225.2m
step 02938/05568 (52.77%) | loss: 2.558434 | lrm: 0.74 | dt: 5165.53ms | tok/sec: 202,994 | bf16_mfu: 49.01 | epoch: 1 pq: 68 rg: 52 | total time: 250.62m | eta: 225.1m
step 02939/05568 (52.78%) | loss: 2.556327 | lrm: 0.74 | dt: 5176.97ms | tok/sec: 202,546 | bf16_mfu: 48.90 | epoch: 1 pq: 68 rg: 54 | total time: 250.70m | eta: 225.0m
step 02940/05568 (52.80%) | loss: 2.544033 | lrm: 0.74 | dt: 5130.23ms | tok/sec: 204,391 | bf16_mfu: 49.34 | epoch: 1 pq: 68 rg: 56 | total time: 250.79m | eta: 224.9m
step 02941/05568 (52.82%) | loss: 2.554896 | lrm: 0.74 | dt: 5176.07ms | tok/sec: 202,581 | bf16_mfu: 48.91 | epoch: 1 pq: 68 rg: 58 | total time: 250.88m | eta: 224.9m
step 02942/05568 (52.84%) | loss: 2.539520 | lrm: 0.74 | dt: 5167.33ms | tok/sec: 202,924 | bf16_mfu: 48.99 | epoch: 1 pq: 68 rg: 60 | total time: 250.96m | eta: 224.8m
step 02943/05568 (52.86%) | loss: 2.521716 | lrm: 0.74 | dt: 5195.79ms | tok/sec: 201,812 | bf16_mfu: 48.72 | epoch: 1 pq: 68 rg: 62 | total time: 251.05m | eta: 224.7m
step 02944/05568 (52.87%) | loss: 2.518331 | lrm: 0.74 | dt: 5309.99ms | tok/sec: 197,472 | bf16_mfu: 47.67 | epoch: 1 pq: 68 rg: 64 | total time: 251.14m | eta: 224.6m
step 02945/05568 (52.89%) | loss: 2.519921 | lrm: 0.74 | dt: 5233.27ms | tok/sec: 200,367 | bf16_mfu: 48.37 | epoch: 1 pq: 68 rg: 66 | total time: 251.22m | eta: 224.5m
step 02946/05568 (52.91%) | loss: 2.512324 | lrm: 0.74 | dt: 5173.10ms | tok/sec: 202,697 | bf16_mfu: 48.93 | epoch: 1 pq: 68 rg: 68 | total time: 251.31m | eta: 224.4m
step 02947/05568 (52.93%) | loss: 2.526900 | lrm: 0.74 | dt: 5141.87ms | tok/sec: 203,928 | bf16_mfu: 49.23 | epoch: 1 pq: 68 rg: 70 | total time: 251.40m | eta: 224.3m
step 02948/05568 (52.95%) | loss: 2.533097 | lrm: 0.74 | dt: 5253.94ms | tok/sec: 199,579 | bf16_mfu: 48.18 | epoch: 1 pq: 68 rg: 72 | total time: 251.48m | eta: 224.3m
step 02949/05568 (52.96%) | loss: 2.540252 | lrm: 0.74 | dt: 5152.66ms | tok/sec: 203,501 | bf16_mfu: 49.13 | epoch: 1 pq: 68 rg: 74 | total time: 251.57m | eta: 224.2m
step 02950/05568 (52.98%) | loss: 2.530973 | lrm: 0.74 | dt: 5161.07ms | tok/sec: 203,170 | bf16_mfu: 49.05 | epoch: 1 pq: 68 rg: 76 | total time: 251.66m | eta: 224.1m
step 02951/05568 (53.00%) | loss: 2.544666 | lrm: 0.74 | dt: 5173.73ms | tok/sec: 202,673 | bf16_mfu: 48.93 | epoch: 1 pq: 68 rg: 78 | total time: 251.74m | eta: 224.0m
step 02952/05568 (53.02%) | loss: 2.558856 | lrm: 0.74 | dt: 5128.40ms | tok/sec: 204,464 | bf16_mfu: 49.36 | epoch: 1 pq: 68 rg: 80 | total time: 251.83m | eta: 223.9m
step 02953/05568 (53.04%) | loss: 2.561217 | lrm: 0.74 | dt: 5178.96ms | tok/sec: 202,468 | bf16_mfu: 48.88 | epoch: 1 pq: 68 rg: 82 | total time: 251.91m | eta: 223.8m
step 02954/05568 (53.05%) | loss: 2.554391 | lrm: 0.74 | dt: 5227.34ms | tok/sec: 200,594 | bf16_mfu: 48.43 | epoch: 1 pq: 69 rg: 0 | total time: 252.00m | eta: 223.8m
step 02955/05568 (53.07%) | loss: 2.564858 | lrm: 0.74 | dt: 5133.98ms | tok/sec: 204,242 | bf16_mfu: 49.31 | epoch: 1 pq: 69 rg: 2 | total time: 252.09m | eta: 223.7m
step 02956/05568 (53.09%) | loss: 2.555154 | lrm: 0.74 | dt: 5172.50ms | tok/sec: 202,721 | bf16_mfu: 48.94 | epoch: 1 pq: 69 rg: 4 | total time: 252.17m | eta: 223.6m
step 02957/05568 (53.11%) | loss: 2.582621 | lrm: 0.74 | dt: 5157.48ms | tok/sec: 203,311 | bf16_mfu: 49.08 | epoch: 1 pq: 69 rg: 6 | total time: 252.26m | eta: 223.5m
step 02958/05568 (53.12%) | loss: 2.582634 | lrm: 0.74 | dt: 5195.68ms | tok/sec: 201,817 | bf16_mfu: 48.72 | epoch: 1 pq: 69 rg: 8 | total time: 252.35m | eta: 223.4m
step 02959/05568 (53.14%) | loss: 2.569631 | lrm: 0.73 | dt: 5128.68ms | tok/sec: 204,453 | bf16_mfu: 49.36 | epoch: 1 pq: 69 rg: 10 | total time: 252.43m | eta: 223.3m
step 02960/05568 (53.16%) | loss: 2.581343 | lrm: 0.73 | dt: 5131.95ms | tok/sec: 204,323 | bf16_mfu: 49.33 | epoch: 1 pq: 69 rg: 12 | total time: 252.52m | eta: 223.2m
step 02961/05568 (53.18%) | loss: 2.584409 | lrm: 0.73 | dt: 5166.89ms | tok/sec: 202,941 | bf16_mfu: 48.99 | epoch: 1 pq: 69 rg: 14 | total time: 252.60m | eta: 223.2m
step 02962/05568 (53.20%) | loss: 2.594372 | lrm: 0.73 | dt: 5120.74ms | tok/sec: 204,770 | bf16_mfu: 49.44 | epoch: 1 pq: 69 rg: 14 | total time: 252.69m | eta: 223.1m
step 02963/05568 (53.21%) | loss: 2.583067 | lrm: 0.73 | dt: 5182.78ms | tok/sec: 202,319 | bf16_mfu: 48.84 | epoch: 1 pq: 69 rg: 16 | total time: 252.77m | eta: 223.0m
step 02964/05568 (53.23%) | loss: 2.588333 | lrm: 0.73 | dt: 5183.36ms | tok/sec: 202,296 | bf16_mfu: 48.84 | epoch: 1 pq: 69 rg: 18 | total time: 252.86m | eta: 222.9m
step 02965/05568 (53.25%) | loss: 2.586817 | lrm: 0.73 | dt: 5226.42ms | tok/sec: 200,629 | bf16_mfu: 48.44 | epoch: 1 pq: 69 rg: 20 | total time: 252.95m | eta: 222.8m
step 02966/05568 (53.27%) | loss: 2.579816 | lrm: 0.73 | dt: 5153.95ms | tok/sec: 203,451 | bf16_mfu: 49.12 | epoch: 1 pq: 69 rg: 22 | total time: 253.03m | eta: 222.7m
step 02967/05568 (53.29%) | loss: 2.569521 | lrm: 0.73 | dt: 5224.17ms | tok/sec: 200,716 | bf16_mfu: 48.46 | epoch: 1 pq: 69 rg: 24 | total time: 253.12m | eta: 222.6m
step 02968/05568 (53.30%) | loss: 2.565589 | lrm: 0.73 | dt: 5162.01ms | tok/sec: 203,133 | bf16_mfu: 49.04 | epoch: 1 pq: 69 rg: 26 | total time: 253.21m | eta: 222.6m
step 02969/05568 (53.32%) | loss: 2.570699 | lrm: 0.73 | dt: 5158.72ms | tok/sec: 203,262 | bf16_mfu: 49.07 | epoch: 1 pq: 69 rg: 28 | total time: 253.29m | eta: 222.5m
step 02970/05568 (53.34%) | loss: 2.573502 | lrm: 0.73 | dt: 5165.40ms | tok/sec: 203,000 | bf16_mfu: 49.01 | epoch: 1 pq: 69 rg: 30 | total time: 253.38m | eta: 222.4m
step 02971/05568 (53.36%) | loss: 2.554245 | lrm: 0.73 | dt: 5166.95ms | tok/sec: 202,939 | bf16_mfu: 48.99 | epoch: 1 pq: 69 rg: 32 | total time: 253.46m | eta: 222.3m
step 02972/05568 (53.38%) | loss: 2.560666 | lrm: 0.73 | dt: 5138.67ms | tok/sec: 204,055 | bf16_mfu: 49.26 | epoch: 1 pq: 69 rg: 34 | total time: 253.55m | eta: 222.2m
step 02973/05568 (53.39%) | loss: 2.565014 | lrm: 0.73 | dt: 5135.21ms | tok/sec: 204,193 | bf16_mfu: 49.30 | epoch: 1 pq: 69 rg: 36 | total time: 253.64m | eta: 222.1m
step 02974/05568 (53.41%) | loss: 2.567465 | lrm: 0.73 | dt: 5131.92ms | tok/sec: 204,324 | bf16_mfu: 49.33 | epoch: 1 pq: 69 rg: 38 | total time: 253.72m | eta: 222.0m
step 02975/05568 (53.43%) | loss: 2.572650 | lrm: 0.73 | dt: 5171.44ms | tok/sec: 202,762 | bf16_mfu: 48.95 | epoch: 1 pq: 69 rg: 40 | total time: 253.81m | eta: 222.0m
step 02976/05568 (53.45%) | loss: 2.568273 | lrm: 0.73 | dt: 5166.95ms | tok/sec: 202,939 | bf16_mfu: 48.99 | epoch: 1 pq: 69 rg: 42 | total time: 253.89m | eta: 221.9m
step 02977/05568 (53.47%) | loss: 2.571085 | lrm: 0.73 | dt: 5124.63ms | tok/sec: 204,615 | bf16_mfu: 49.40 | epoch: 1 pq: 69 rg: 44 | total time: 253.98m | eta: 221.8m
step 02978/05568 (53.48%) | loss: 2.570695 | lrm: 0.73 | dt: 5163.13ms | tok/sec: 203,089 | bf16_mfu: 49.03 | epoch: 1 pq: 69 rg: 46 | total time: 254.07m | eta: 221.7m
step 02979/05568 (53.50%) | loss: 2.563103 | lrm: 0.73 | dt: 5117.30ms | tok/sec: 204,908 | bf16_mfu: 49.47 | epoch: 1 pq: 69 rg: 48 | total time: 254.15m | eta: 221.6m
step 02980/05568 (53.52%) | loss: 2.565581 | lrm: 0.73 | dt: 5166.76ms | tok/sec: 202,946 | bf16_mfu: 48.99 | epoch: 1 pq: 69 rg: 50 | total time: 254.24m | eta: 221.5m
step 02981/05568 (53.54%) | loss: 2.560412 | lrm: 0.73 | dt: 5170.57ms | tok/sec: 202,796 | bf16_mfu: 48.96 | epoch: 1 pq: 69 rg: 52 | total time: 254.32m | eta: 221.5m
step 02982/05568 (53.56%) | loss: 2.575155 | lrm: 0.73 | dt: 5136.84ms | tok/sec: 204,128 | bf16_mfu: 49.28 | epoch: 1 pq: 69 rg: 54 | total time: 254.41m | eta: 221.4m
step 02983/05568 (53.57%) | loss: 2.573873 | lrm: 0.73 | dt: 5160.23ms | tok/sec: 203,203 | bf16_mfu: 49.06 | epoch: 1 pq: 69 rg: 56 | total time: 254.49m | eta: 221.3m
step 02984/05568 (53.59%) | loss: 2.571637 | lrm: 0.73 | dt: 5165.33ms | tok/sec: 203,002 | bf16_mfu: 49.01 | epoch: 1 pq: 69 rg: 58 | total time: 254.58m | eta: 221.2m
step 02985/05568 (53.61%) | loss: 2.561866 | lrm: 0.73 | dt: 5136.44ms | tok/sec: 204,144 | bf16_mfu: 49.28 | epoch: 1 pq: 69 rg: 60 | total time: 254.67m | eta: 221.1m
step 02986/05568 (53.63%) | loss: 2.555844 | lrm: 0.73 | dt: 5115.88ms | tok/sec: 204,964 | bf16_mfu: 49.48 | epoch: 1 pq: 69 rg: 62 | total time: 254.75m | eta: 221.0m
step 02987/05568 (53.65%) | loss: 2.568602 | lrm: 0.73 | dt: 5199.27ms | tok/sec: 201,677 | bf16_mfu: 48.69 | epoch: 1 pq: 69 rg: 64 | total time: 254.84m | eta: 220.9m
step 02988/05568 (53.66%) | loss: 2.576501 | lrm: 0.73 | dt: 5166.43ms | tok/sec: 202,959 | bf16_mfu: 49.00 | epoch: 1 pq: 69 rg: 66 | total time: 254.92m | eta: 220.9m
step 02989/05568 (53.68%) | loss: 2.571335 | lrm: 0.73 | dt: 5193.44ms | tok/sec: 201,904 | bf16_mfu: 48.74 | epoch: 1 pq: 69 rg: 68 | total time: 255.01m | eta: 220.8m
step 02990/05568 (53.70%) | loss: 2.567867 | lrm: 0.73 | dt: 5166.46ms | tok/sec: 202,958 | bf16_mfu: 49.00 | epoch: 1 pq: 69 rg: 70 | total time: 255.10m | eta: 220.7m
step 02991/05568 (53.72%) | loss: 2.543887 | lrm: 0.73 | dt: 5154.43ms | tok/sec: 203,432 | bf16_mfu: 49.11 | epoch: 1 pq: 69 rg: 72 | total time: 255.18m | eta: 220.6m
step 02992/05568 (53.74%) | loss: 2.536606 | lrm: 0.73 | dt: 5145.96ms | tok/sec: 203,766 | bf16_mfu: 49.19 | epoch: 1 pq: 69 rg: 74 | total time: 255.27m | eta: 220.5m
step 02993/05568 (53.75%) | loss: 2.516115 | lrm: 0.73 | dt: 5173.89ms | tok/sec: 202,666 | bf16_mfu: 48.93 | epoch: 1 pq: 69 rg: 76 | total time: 255.35m | eta: 220.4m
step 02994/05568 (53.77%) | loss: 2.524131 | lrm: 0.73 | dt: 5119.00ms | tok/sec: 204,840 | bf16_mfu: 49.45 | epoch: 1 pq: 69 rg: 78 | total time: 255.44m | eta: 220.3m
step 02995/05568 (53.79%) | loss: 2.545852 | lrm: 0.73 | dt: 5115.39ms | tok/sec: 204,984 | bf16_mfu: 49.49 | epoch: 1 pq: 69 rg: 80 | total time: 255.53m | eta: 220.3m
step 02996/05568 (53.81%) | loss: 2.541069 | lrm: 0.73 | dt: 5193.19ms | tok/sec: 201,913 | bf16_mfu: 48.75 | epoch: 1 pq: 69 rg: 82 | total time: 255.61m | eta: 220.2m
step 02997/05568 (53.83%) | loss: 2.530967 | lrm: 0.72 | dt: 5148.47ms | tok/sec: 203,667 | bf16_mfu: 49.17 | epoch: 1 pq: 70 rg: 0 | total time: 255.70m | eta: 220.1m
step 02998/05568 (53.84%) | loss: 2.537610 | lrm: 0.72 | dt: 5225.20ms | tok/sec: 200,676 | bf16_mfu: 48.45 | epoch: 1 pq: 70 rg: 0 | total time: 255.78m | eta: 220.0m
step 02999/05568 (53.86%) | loss: 2.551158 | lrm: 0.72 | dt: 5136.04ms | tok/sec: 204,160 | bf16_mfu: 49.29 | epoch: 1 pq: 70 rg: 2 | total time: 255.87m | eta: 219.9m
Step 03000 | Validation bpb: 0.773174
step 03000/05568 (53.88%) | loss: 2.548704 | lrm: 0.72 | dt: 4866.19ms | tok/sec: 215,481 | bf16_mfu: 52.02 | epoch: 1 pq: 70 rg: 4 | total time: 255.95m | eta: 219.8m
step 03001/05568 (53.90%) | loss: 2.543804 | lrm: 0.72 | dt: 5042.77ms | tok/sec: 207,936 | bf16_mfu: 50.20 | epoch: 1 pq: 70 rg: 6 | total time: 256.04m | eta: 219.7m
step 03002/05568 (53.92%) | loss: 2.546557 | lrm: 0.72 | dt: 5064.69ms | tok/sec: 207,036 | bf16_mfu: 49.98 | epoch: 1 pq: 70 rg: 8 | total time: 256.12m | eta: 219.7m
step 03003/05568 (53.93%) | loss: 2.531847 | lrm: 0.72 | dt: 5087.07ms | tok/sec: 206,125 | bf16_mfu: 49.76 | epoch: 1 pq: 70 rg: 10 | total time: 256.20m | eta: 219.6m
step 03004/05568 (53.95%) | loss: 2.542537 | lrm: 0.72 | dt: 5096.08ms | tok/sec: 205,761 | bf16_mfu: 49.67 | epoch: 1 pq: 70 rg: 12 | total time: 256.29m | eta: 219.5m
step 03005/05568 (53.97%) | loss: 2.536596 | lrm: 0.72 | dt: 5126.47ms | tok/sec: 204,541 | bf16_mfu: 49.38 | epoch: 1 pq: 70 rg: 14 | total time: 256.37m | eta: 219.4m
step 03006/05568 (53.99%) | loss: 2.523007 | lrm: 0.72 | dt: 5223.33ms | tok/sec: 200,748 | bf16_mfu: 48.46 | epoch: 1 pq: 70 rg: 16 | total time: 256.46m | eta: 219.3m
step 03007/05568 (54.01%) | loss: 2.552327 | lrm: 0.72 | dt: 5167.70ms | tok/sec: 202,909 | bf16_mfu: 48.99 | epoch: 1 pq: 70 rg: 18 | total time: 256.55m | eta: 219.2m
step 03008/05568 (54.02%) | loss: 2.543212 | lrm: 0.72 | dt: 5143.94ms | tok/sec: 203,846 | bf16_mfu: 49.21 | epoch: 1 pq: 70 rg: 20 | total time: 256.63m | eta: 219.1m
step 03009/05568 (54.04%) | loss: 2.531744 | lrm: 0.72 | dt: 5149.45ms | tok/sec: 203,628 | bf16_mfu: 49.16 | epoch: 1 pq: 70 rg: 22 | total time: 256.72m | eta: 219.1m
step 03010/05568 (54.06%) | loss: 2.544681 | lrm: 0.72 | dt: 5140.66ms | tok/sec: 203,976 | bf16_mfu: 49.24 | epoch: 1 pq: 70 rg: 24 | total time: 256.81m | eta: 219.0m
step 03011/05568 (54.08%) | loss: 2.553936 | lrm: 0.72 | dt: 5203.91ms | tok/sec: 201,497 | bf16_mfu: 48.64 | epoch: 1 pq: 70 rg: 26 | total time: 256.89m | eta: 218.9m
step 03012/05568 (54.09%) | loss: 2.541710 | lrm: 0.72 | dt: 5168.85ms | tok/sec: 202,864 | bf16_mfu: 48.97 | epoch: 1 pq: 70 rg: 28 | total time: 256.98m | eta: 218.8m
step 03013/05568 (54.11%) | loss: 2.561753 | lrm: 0.72 | dt: 5125.37ms | tok/sec: 204,585 | bf16_mfu: 49.39 | epoch: 1 pq: 70 rg: 30 | total time: 257.06m | eta: 218.7m
step 03014/05568 (54.13%) | loss: 2.553167 | lrm: 0.72 | dt: 5102.31ms | tok/sec: 205,510 | bf16_mfu: 49.61 | epoch: 1 pq: 70 rg: 32 | total time: 257.15m | eta: 218.6m
step 03015/05568 (54.15%) | loss: 2.542126 | lrm: 0.72 | dt: 5142.89ms | tok/sec: 203,888 | bf16_mfu: 49.22 | epoch: 1 pq: 70 rg: 34 | total time: 257.23m | eta: 218.5m
step 03016/05568 (54.17%) | loss: 2.523496 | lrm: 0.72 | dt: 5167.84ms | tok/sec: 202,903 | bf16_mfu: 48.98 | epoch: 1 pq: 70 rg: 36 | total time: 257.32m | eta: 218.5m
step 03017/05568 (54.18%) | loss: 2.532834 | lrm: 0.72 | dt: 5133.04ms | tok/sec: 204,279 | bf16_mfu: 49.32 | epoch: 1 pq: 70 rg: 38 | total time: 257.41m | eta: 218.4m
step 03018/05568 (54.20%) | loss: 2.518723 | lrm: 0.72 | dt: 5173.14ms | tok/sec: 202,696 | bf16_mfu: 48.93 | epoch: 1 pq: 70 rg: 40 | total time: 257.49m | eta: 218.3m
step 03019/05568 (54.22%) | loss: 2.498295 | lrm: 0.72 | dt: 5136.35ms | tok/sec: 204,147 | bf16_mfu: 49.28 | epoch: 1 pq: 70 rg: 42 | total time: 257.58m | eta: 218.2m
step 03020/05568 (54.24%) | loss: 2.473380 | lrm: 0.72 | dt: 5166.90ms | tok/sec: 202,940 | bf16_mfu: 48.99 | epoch: 1 pq: 70 rg: 44 | total time: 257.66m | eta: 218.1m
step 03021/05568 (54.26%) | loss: 2.483430 | lrm: 0.72 | dt: 5125.07ms | tok/sec: 204,597 | bf16_mfu: 49.39 | epoch: 1 pq: 70 rg: 46 | total time: 257.75m | eta: 218.0m
step 03022/05568 (54.27%) | loss: 2.467315 | lrm: 0.72 | dt: 5117.65ms | tok/sec: 204,894 | bf16_mfu: 49.46 | epoch: 1 pq: 70 rg: 48 | total time: 257.83m | eta: 217.9m
step 03023/05568 (54.29%) | loss: 2.476694 | lrm: 0.72 | dt: 5115.37ms | tok/sec: 204,985 | bf16_mfu: 49.49 | epoch: 1 pq: 70 rg: 48 | total time: 257.92m | eta: 217.9m
step 03024/05568 (54.31%) | loss: 2.483003 | lrm: 0.72 | dt: 5109.89ms | tok/sec: 205,205 | bf16_mfu: 49.54 | epoch: 1 pq: 70 rg: 50 | total time: 258.01m | eta: 217.8m
step 03025/05568 (54.33%) | loss: 2.495491 | lrm: 0.72 | dt: 5164.00ms | tok/sec: 203,054 | bf16_mfu: 49.02 | epoch: 1 pq: 70 rg: 52 | total time: 258.09m | eta: 217.7m
step 03026/05568 (54.35%) | loss: 2.493548 | lrm: 0.72 | dt: 5273.03ms | tok/sec: 198,856 | bf16_mfu: 48.01 | epoch: 1 pq: 70 rg: 54 | total time: 258.18m | eta: 217.6m
step 03027/05568 (54.36%) | loss: 2.489886 | lrm: 0.72 | dt: 5558.71ms | tok/sec: 188,636 | bf16_mfu: 45.54 | epoch: 1 pq: 70 rg: 56 | total time: 258.27m | eta: 217.5m
step 03028/05568 (54.38%) | loss: 2.501392 | lrm: 0.72 | dt: 5118.14ms | tok/sec: 204,874 | bf16_mfu: 49.46 | epoch: 1 pq: 70 rg: 58 | total time: 258.36m | eta: 217.4m
step 03029/05568 (54.40%) | loss: 2.508713 | lrm: 0.72 | dt: 5165.36ms | tok/sec: 203,001 | bf16_mfu: 49.01 | epoch: 1 pq: 70 rg: 60 | total time: 258.44m | eta: 217.4m
step 03030/05568 (54.42%) | loss: 2.504766 | lrm: 0.72 | dt: 5135.91ms | tok/sec: 204,165 | bf16_mfu: 49.29 | epoch: 1 pq: 70 rg: 62 | total time: 258.53m | eta: 217.3m
step 03031/05568 (54.44%) | loss: 2.520873 | lrm: 0.72 | dt: 5156.87ms | tok/sec: 203,335 | bf16_mfu: 49.09 | epoch: 1 pq: 70 rg: 64 | total time: 258.61m | eta: 217.2m
step 03032/05568 (54.45%) | loss: 2.527262 | lrm: 0.72 | dt: 5553.17ms | tok/sec: 188,824 | bf16_mfu: 45.59 | epoch: 1 pq: 70 rg: 66 | total time: 258.71m | eta: 217.1m
step 03033/05568 (54.47%) | loss: 2.532352 | lrm: 0.72 | dt: 7547.25ms | tok/sec: 138,934 | bf16_mfu: 33.54 | epoch: 1 pq: 70 rg: 68 | total time: 258.83m | eta: 217.0m
step 03034/05568 (54.49%) | loss: 2.557226 | lrm: 0.72 | dt: 5048.36ms | tok/sec: 207,706 | bf16_mfu: 50.14 | epoch: 1 pq: 70 rg: 70 | total time: 258.92m | eta: 217.0m
step 03035/05568 (54.51%) | loss: 2.533566 | lrm: 0.71 | dt: 5197.74ms | tok/sec: 201,736 | bf16_mfu: 48.70 | epoch: 1 pq: 70 rg: 72 | total time: 259.00m | eta: 216.9m
step 03036/05568 (54.53%) | loss: 2.539876 | lrm: 0.71 | dt: 5173.46ms | tok/sec: 202,683 | bf16_mfu: 48.93 | epoch: 1 pq: 70 rg: 74 | total time: 259.09m | eta: 216.8m
step 03037/05568 (54.54%) | loss: 2.547419 | lrm: 0.71 | dt: 5215.28ms | tok/sec: 201,058 | bf16_mfu: 48.54 | epoch: 1 pq: 70 rg: 76 | total time: 259.18m | eta: 216.7m
step 03038/05568 (54.56%) | loss: 2.536392 | lrm: 0.71 | dt: 5139.80ms | tok/sec: 204,011 | bf16_mfu: 49.25 | epoch: 1 pq: 70 rg: 78 | total time: 259.26m | eta: 216.6m
step 03039/05568 (54.58%) | loss: 2.533263 | lrm: 0.71 | dt: 5175.86ms | tok/sec: 202,589 | bf16_mfu: 48.91 | epoch: 1 pq: 70 rg: 80 | total time: 259.35m | eta: 216.5m
step 03040/05568 (54.60%) | loss: 2.532149 | lrm: 0.71 | dt: 5143.21ms | tok/sec: 203,875 | bf16_mfu: 49.22 | epoch: 1 pq: 71 rg: 0 | total time: 259.43m | eta: 216.5m
step 03041/05568 (54.62%) | loss: 2.557476 | lrm: 0.71 | dt: 5745.98ms | tok/sec: 182,488 | bf16_mfu: 44.06 | epoch: 1 pq: 71 rg: 2 | total time: 259.53m | eta: 216.4m
step 03042/05568 (54.63%) | loss: 2.560836 | lrm: 0.71 | dt: 6007.77ms | tok/sec: 174,536 | bf16_mfu: 42.14 | epoch: 1 pq: 71 rg: 4 | total time: 259.63m | eta: 216.3m
step 03043/05568 (54.65%) | loss: 2.549553 | lrm: 0.71 | dt: 5128.37ms | tok/sec: 204,465 | bf16_mfu: 49.36 | epoch: 1 pq: 71 rg: 6 | total time: 259.72m | eta: 216.2m
step 03044/05568 (54.67%) | loss: 2.549028 | lrm: 0.71 | dt: 5172.23ms | tok/sec: 202,731 | bf16_mfu: 48.94 | epoch: 1 pq: 71 rg: 8 | total time: 259.80m | eta: 216.1m
step 03045/05568 (54.69%) | loss: 2.550692 | lrm: 0.71 | dt: 5236.72ms | tok/sec: 200,235 | bf16_mfu: 48.34 | epoch: 1 pq: 71 rg: 10 | total time: 259.89m | eta: 216.0m
step 03046/05568 (54.71%) | loss: 2.547134 | lrm: 0.71 | dt: 5175.42ms | tok/sec: 202,606 | bf16_mfu: 48.91 | epoch: 1 pq: 71 rg: 12 | total time: 259.98m | eta: 216.0m
step 03047/05568 (54.72%) | loss: 2.526642 | lrm: 0.71 | dt: 5169.05ms | tok/sec: 202,856 | bf16_mfu: 48.97 | epoch: 1 pq: 71 rg: 14 | total time: 260.06m | eta: 215.9m
step 03048/05568 (54.74%) | loss: 2.520396 | lrm: 0.71 | dt: 5210.02ms | tok/sec: 201,261 | bf16_mfu: 48.59 | epoch: 1 pq: 71 rg: 16 | total time: 260.15m | eta: 215.8m
step 03049/05568 (54.76%) | loss: 2.516985 | lrm: 0.71 | dt: 5172.55ms | tok/sec: 202,719 | bf16_mfu: 48.94 | epoch: 1 pq: 71 rg: 18 | total time: 260.23m | eta: 215.7m
step 03050/05568 (54.78%) | loss: 2.520654 | lrm: 0.71 | dt: 5122.62ms | tok/sec: 204,695 | bf16_mfu: 49.42 | epoch: 1 pq: 71 rg: 20 | total time: 260.32m | eta: 215.6m
step 03051/05568 (54.80%) | loss: 2.538037 | lrm: 0.71 | dt: 5197.23ms | tok/sec: 201,756 | bf16_mfu: 48.71 | epoch: 1 pq: 71 rg: 22 | total time: 260.41m | eta: 215.5m
step 03052/05568 (54.81%) | loss: 2.532603 | lrm: 0.71 | dt: 5160.49ms | tok/sec: 203,193 | bf16_mfu: 49.05 | epoch: 1 pq: 71 rg: 24 | total time: 260.49m | eta: 215.5m
step 03053/05568 (54.83%) | loss: 2.522799 | lrm: 0.71 | dt: 5161.25ms | tok/sec: 203,163 | bf16_mfu: 49.05 | epoch: 1 pq: 71 rg: 24 | total time: 260.58m | eta: 215.4m
step 03054/05568 (54.85%) | loss: 2.529334 | lrm: 0.71 | dt: 5185.80ms | tok/sec: 202,201 | bf16_mfu: 48.81 | epoch: 1 pq: 71 rg: 26 | total time: 260.67m | eta: 215.3m
step 03055/05568 (54.87%) | loss: 2.527130 | lrm: 0.71 | dt: 5132.04ms | tok/sec: 204,319 | bf16_mfu: 49.33 | epoch: 1 pq: 71 rg: 28 | total time: 260.75m | eta: 215.2m
step 03056/05568 (54.89%) | loss: 2.499070 | lrm: 0.71 | dt: 5194.16ms | tok/sec: 201,875 | bf16_mfu: 48.74 | epoch: 1 pq: 71 rg: 30 | total time: 260.84m | eta: 215.1m
step 03057/05568 (54.90%) | loss: 2.505545 | lrm: 0.71 | dt: 5132.51ms | tok/sec: 204,300 | bf16_mfu: 49.32 | epoch: 1 pq: 71 rg: 32 | total time: 260.92m | eta: 215.0m
step 03058/05568 (54.92%) | loss: 2.495943 | lrm: 0.71 | dt: 5170.89ms | tok/sec: 202,784 | bf16_mfu: 48.96 | epoch: 1 pq: 71 rg: 34 | total time: 261.01m | eta: 214.9m
step 03059/05568 (54.94%) | loss: 2.489780 | lrm: 0.71 | dt: 5129.01ms | tok/sec: 204,440 | bf16_mfu: 49.36 | epoch: 1 pq: 71 rg: 36 | total time: 261.09m | eta: 214.9m
step 03060/05568 (54.96%) | loss: 2.519787 | lrm: 0.71 | dt: 5204.22ms | tok/sec: 201,485 | bf16_mfu: 48.64 | epoch: 1 pq: 71 rg: 38 | total time: 261.18m | eta: 214.8m
step 03061/05568 (54.97%) | loss: 2.516802 | lrm: 0.71 | dt: 5171.35ms | tok/sec: 202,766 | bf16_mfu: 48.95 | epoch: 1 pq: 71 rg: 40 | total time: 261.27m | eta: 214.7m
step 03062/05568 (54.99%) | loss: 2.518263 | lrm: 0.71 | dt: 5118.44ms | tok/sec: 204,862 | bf16_mfu: 49.46 | epoch: 1 pq: 71 rg: 42 | total time: 261.35m | eta: 214.6m
step 03063/05568 (55.01%) | loss: 2.518074 | lrm: 0.71 | dt: 5144.61ms | tok/sec: 203,820 | bf16_mfu: 49.21 | epoch: 1 pq: 71 rg: 44 | total time: 261.44m | eta: 214.5m
step 03064/05568 (55.03%) | loss: 2.511941 | lrm: 0.71 | dt: 5147.24ms | tok/sec: 203,716 | bf16_mfu: 49.18 | epoch: 1 pq: 71 rg: 46 | total time: 261.52m | eta: 214.4m
step 03065/05568 (55.05%) | loss: 2.515253 | lrm: 0.71 | dt: 5139.12ms | tok/sec: 204,037 | bf16_mfu: 49.26 | epoch: 1 pq: 71 rg: 48 | total time: 261.61m | eta: 214.3m
step 03066/05568 (55.06%) | loss: 2.518734 | lrm: 0.71 | dt: 5228.68ms | tok/sec: 200,543 | bf16_mfu: 48.41 | epoch: 1 pq: 71 rg: 50 | total time: 261.70m | eta: 214.3m
step 03067/05568 (55.08%) | loss: 2.517456 | lrm: 0.71 | dt: 5187.58ms | tok/sec: 202,131 | bf16_mfu: 48.80 | epoch: 1 pq: 71 rg: 52 | total time: 261.78m | eta: 214.2m
step 03068/05568 (55.10%) | loss: 2.527262 | lrm: 0.71 | dt: 5184.62ms | tok/sec: 202,247 | bf16_mfu: 48.83 | epoch: 1 pq: 71 rg: 54 | total time: 261.87m | eta: 214.1m
step 03069/05568 (55.12%) | loss: 2.530814 | lrm: 0.71 | dt: 5155.39ms | tok/sec: 203,394 | bf16_mfu: 49.10 | epoch: 1 pq: 71 rg: 56 | total time: 261.96m | eta: 214.0m
step 03070/05568 (55.14%) | loss: 2.526383 | lrm: 0.71 | dt: 5176.04ms | tok/sec: 202,582 | bf16_mfu: 48.91 | epoch: 1 pq: 71 rg: 58 | total time: 262.04m | eta: 213.9m
step 03071/05568 (55.15%) | loss: 2.529623 | lrm: 0.71 | dt: 5132.81ms | tok/sec: 204,288 | bf16_mfu: 49.32 | epoch: 1 pq: 71 rg: 60 | total time: 262.13m | eta: 213.8m
step 03072/05568 (55.17%) | loss: 2.523519 | lrm: 0.71 | dt: 5161.65ms | tok/sec: 203,147 | bf16_mfu: 49.04 | epoch: 1 pq: 71 rg: 62 | total time: 262.21m | eta: 213.7m
step 03073/05568 (55.19%) | loss: 2.538580 | lrm: 0.70 | dt: 5164.26ms | tok/sec: 203,044 | bf16_mfu: 49.02 | epoch: 1 pq: 71 rg: 64 | total time: 262.30m | eta: 213.7m
step 03074/05568 (55.21%) | loss: 2.545091 | lrm: 0.70 | dt: 5199.43ms | tok/sec: 201,671 | bf16_mfu: 48.69 | epoch: 1 pq: 71 rg: 66 | total time: 262.39m | eta: 213.6m
step 03075/05568 (55.23%) | loss: 2.547723 | lrm: 0.70 | dt: 5173.58ms | tok/sec: 202,679 | bf16_mfu: 48.93 | epoch: 1 pq: 71 rg: 68 | total time: 262.47m | eta: 213.5m
step 03076/05568 (55.24%) | loss: 2.551726 | lrm: 0.70 | dt: 5154.53ms | tok/sec: 203,427 | bf16_mfu: 49.11 | epoch: 1 pq: 71 rg: 70 | total time: 262.56m | eta: 213.4m
step 03077/05568 (55.26%) | loss: 2.557353 | lrm: 0.70 | dt: 5162.64ms | tok/sec: 203,108 | bf16_mfu: 49.03 | epoch: 1 pq: 71 rg: 72 | total time: 262.64m | eta: 213.3m
step 03078/05568 (55.28%) | loss: 2.535691 | lrm: 0.70 | dt: 5120.44ms | tok/sec: 204,782 | bf16_mfu: 49.44 | epoch: 1 pq: 71 rg: 74 | total time: 262.73m | eta: 213.2m
step 03079/05568 (55.30%) | loss: 2.524958 | lrm: 0.70 | dt: 5188.21ms | tok/sec: 202,107 | bf16_mfu: 48.79 | epoch: 1 pq: 71 rg: 76 | total time: 262.82m | eta: 213.1m
step 03080/05568 (55.32%) | loss: 2.535245 | lrm: 0.70 | dt: 5136.91ms | tok/sec: 204,125 | bf16_mfu: 49.28 | epoch: 1 pq: 71 rg: 78 | total time: 262.90m | eta: 213.1m
step 03081/05568 (55.33%) | loss: 2.536672 | lrm: 0.70 | dt: 5113.29ms | tok/sec: 205,068 | bf16_mfu: 49.51 | epoch: 1 pq: 71 rg: 80 | total time: 262.99m | eta: 213.0m
step 03082/05568 (55.35%) | loss: 2.548595 | lrm: 0.70 | dt: 5158.96ms | tok/sec: 203,253 | bf16_mfu: 49.07 | epoch: 1 pq: 71 rg: 82 | total time: 263.07m | eta: 212.9m
step 03083/05568 (55.37%) | loss: 2.517570 | lrm: 0.70 | dt: 5171.16ms | tok/sec: 202,773 | bf16_mfu: 48.95 | epoch: 1 pq: 72 rg: 0 | total time: 263.16m | eta: 212.8m
step 03084/05568 (55.39%) | loss: 2.523055 | lrm: 0.70 | dt: 5134.55ms | tok/sec: 204,219 | bf16_mfu: 49.30 | epoch: 1 pq: 72 rg: 2 | total time: 263.25m | eta: 212.7m
step 03085/05568 (55.41%) | loss: 2.512621 | lrm: 0.70 | dt: 5201.90ms | tok/sec: 201,575 | bf16_mfu: 48.66 | epoch: 1 pq: 72 rg: 4 | total time: 263.33m | eta: 212.6m
step 03086/05568 (55.42%) | loss: 2.514914 | lrm: 0.70 | dt: 5159.37ms | tok/sec: 203,237 | bf16_mfu: 49.06 | epoch: 1 pq: 72 rg: 6 | total time: 263.42m | eta: 212.5m
step 03087/05568 (55.44%) | loss: 2.503827 | lrm: 0.70 | dt: 5163.64ms | tok/sec: 203,069 | bf16_mfu: 49.02 | epoch: 1 pq: 72 rg: 6 | total time: 263.50m | eta: 212.5m
step 03088/05568 (55.46%) | loss: 2.504432 | lrm: 0.70 | dt: 5134.93ms | tok/sec: 204,204 | bf16_mfu: 49.30 | epoch: 1 pq: 72 rg: 8 | total time: 263.59m | eta: 212.4m
step 03089/05568 (55.48%) | loss: 2.521454 | lrm: 0.70 | dt: 5188.58ms | tok/sec: 202,093 | bf16_mfu: 48.79 | epoch: 1 pq: 72 rg: 10 | total time: 263.68m | eta: 212.3m
step 03090/05568 (55.50%) | loss: 2.514560 | lrm: 0.70 | dt: 5172.86ms | tok/sec: 202,707 | bf16_mfu: 48.94 | epoch: 1 pq: 72 rg: 12 | total time: 263.76m | eta: 212.2m
step 03091/05568 (55.51%) | loss: 2.520488 | lrm: 0.70 | dt: 5162.81ms | tok/sec: 203,101 | bf16_mfu: 49.03 | epoch: 1 pq: 72 rg: 14 | total time: 263.85m | eta: 212.1m
step 03092/05568 (55.53%) | loss: 2.518714 | lrm: 0.70 | dt: 5128.61ms | tok/sec: 204,456 | bf16_mfu: 49.36 | epoch: 1 pq: 72 rg: 16 | total time: 263.93m | eta: 212.0m
step 03093/05568 (55.55%) | loss: 2.520216 | lrm: 0.70 | dt: 5113.01ms | tok/sec: 205,079 | bf16_mfu: 49.51 | epoch: 1 pq: 72 rg: 18 | total time: 264.02m | eta: 212.0m
step 03094/05568 (55.57%) | loss: 2.500221 | lrm: 0.70 | dt: 5134.48ms | tok/sec: 204,222 | bf16_mfu: 49.30 | epoch: 1 pq: 72 rg: 20 | total time: 264.10m | eta: 211.9m
step 03095/05568 (55.59%) | loss: 2.498646 | lrm: 0.70 | dt: 5185.80ms | tok/sec: 202,201 | bf16_mfu: 48.81 | epoch: 1 pq: 72 rg: 22 | total time: 264.19m | eta: 211.8m
step 03096/05568 (55.60%) | loss: 2.514082 | lrm: 0.70 | dt: 5155.85ms | tok/sec: 203,376 | bf16_mfu: 49.10 | epoch: 1 pq: 72 rg: 24 | total time: 264.28m | eta: 211.7m
step 03097/05568 (55.62%) | loss: 2.522655 | lrm: 0.70 | dt: 5184.16ms | tok/sec: 202,265 | bf16_mfu: 48.83 | epoch: 1 pq: 72 rg: 26 | total time: 264.36m | eta: 211.6m
step 03098/05568 (55.64%) | loss: 2.519669 | lrm: 0.70 | dt: 5138.79ms | tok/sec: 204,051 | bf16_mfu: 49.26 | epoch: 1 pq: 72 rg: 28 | total time: 264.45m | eta: 211.5m
step 03099/05568 (55.66%) | loss: 2.518574 | lrm: 0.70 | dt: 5187.97ms | tok/sec: 202,116 | bf16_mfu: 48.79 | epoch: 1 pq: 72 rg: 30 | total time: 264.54m | eta: 211.4m
step 03100/05568 (55.68%) | loss: 2.532860 | lrm: 0.70 | dt: 5129.47ms | tok/sec: 204,421 | bf16_mfu: 49.35 | epoch: 1 pq: 72 rg: 32 | total time: 264.62m | eta: 211.4m
step 03101/05568 (55.69%) | loss: 2.513273 | lrm: 0.70 | dt: 5207.89ms | tok/sec: 201,343 | bf16_mfu: 48.61 | epoch: 1 pq: 72 rg: 34 | total time: 264.71m | eta: 211.3m
step 03102/05568 (55.71%) | loss: 2.514339 | lrm: 0.70 | dt: 5145.25ms | tok/sec: 203,794 | bf16_mfu: 49.20 | epoch: 1 pq: 72 rg: 36 | total time: 264.79m | eta: 211.2m
step 03103/05568 (55.73%) | loss: 2.507255 | lrm: 0.70 | dt: 5116.09ms | tok/sec: 204,956 | bf16_mfu: 49.48 | epoch: 1 pq: 72 rg: 38 | total time: 264.88m | eta: 211.1m
step 03104/05568 (55.75%) | loss: 2.517671 | lrm: 0.70 | dt: 5173.74ms | tok/sec: 202,672 | bf16_mfu: 48.93 | epoch: 1 pq: 72 rg: 40 | total time: 264.96m | eta: 211.0m
step 03105/05568 (55.77%) | loss: 2.511264 | lrm: 0.70 | dt: 5168.24ms | tok/sec: 202,888 | bf16_mfu: 48.98 | epoch: 1 pq: 72 rg: 42 | total time: 265.05m | eta: 210.9m
step 03106/05568 (55.78%) | loss: 2.515228 | lrm: 0.70 | dt: 5112.73ms | tok/sec: 205,091 | bf16_mfu: 49.51 | epoch: 1 pq: 72 rg: 44 | total time: 265.14m | eta: 210.8m
step 03107/05568 (55.80%) | loss: 2.508927 | lrm: 0.70 | dt: 5171.45ms | tok/sec: 202,762 | bf16_mfu: 48.95 | epoch: 1 pq: 72 rg: 46 | total time: 265.22m | eta: 210.8m
step 03108/05568 (55.82%) | loss: 2.512279 | lrm: 0.70 | dt: 5133.48ms | tok/sec: 204,262 | bf16_mfu: 49.31 | epoch: 1 pq: 72 rg: 48 | total time: 265.31m | eta: 210.7m
step 03109/05568 (55.84%) | loss: 2.498444 | lrm: 0.70 | dt: 5171.86ms | tok/sec: 202,746 | bf16_mfu: 48.95 | epoch: 1 pq: 72 rg: 50 | total time: 265.39m | eta: 210.6m
step 03110/05568 (55.85%) | loss: 2.507743 | lrm: 0.70 | dt: 5167.87ms | tok/sec: 202,902 | bf16_mfu: 48.98 | epoch: 1 pq: 72 rg: 52 | total time: 265.48m | eta: 210.5m
step 03111/05568 (55.87%) | loss: 2.487660 | lrm: 0.69 | dt: 5166.64ms | tok/sec: 202,951 | bf16_mfu: 49.00 | epoch: 1 pq: 72 rg: 54 | total time: 265.57m | eta: 210.4m
step 03112/05568 (55.89%) | loss: 2.482092 | lrm: 0.69 | dt: 5188.62ms | tok/sec: 202,091 | bf16_mfu: 48.79 | epoch: 1 pq: 72 rg: 56 | total time: 265.65m | eta: 210.3m
step 03113/05568 (55.91%) | loss: 2.470433 | lrm: 0.69 | dt: 5282.20ms | tok/sec: 198,511 | bf16_mfu: 47.92 | epoch: 1 pq: 72 rg: 58 | total time: 265.74m | eta: 210.2m
step 03114/05568 (55.93%) | loss: 2.472709 | lrm: 0.69 | dt: 5228.16ms | tok/sec: 200,563 | bf16_mfu: 48.42 | epoch: 1 pq: 72 rg: 60 | total time: 265.83m | eta: 210.2m
step 03115/05568 (55.94%) | loss: 2.485848 | lrm: 0.69 | dt: 5142.61ms | tok/sec: 203,899 | bf16_mfu: 49.22 | epoch: 1 pq: 72 rg: 62 | total time: 265.91m | eta: 210.1m
step 03116/05568 (55.96%) | loss: 2.486857 | lrm: 0.69 | dt: 5124.72ms | tok/sec: 204,611 | bf16_mfu: 49.40 | epoch: 1 pq: 72 rg: 64 | total time: 266.00m | eta: 210.0m
step 03117/05568 (55.98%) | loss: 2.491875 | lrm: 0.69 | dt: 5199.54ms | tok/sec: 201,667 | bf16_mfu: 48.69 | epoch: 1 pq: 72 rg: 66 | total time: 266.09m | eta: 209.9m
step 03118/05568 (56.00%) | loss: 2.499685 | lrm: 0.69 | dt: 5146.86ms | tok/sec: 203,731 | bf16_mfu: 49.18 | epoch: 1 pq: 72 rg: 68 | total time: 266.17m | eta: 209.8m
step 03119/05568 (56.02%) | loss: 2.499624 | lrm: 0.69 | dt: 5122.58ms | tok/sec: 204,696 | bf16_mfu: 49.42 | epoch: 1 pq: 72 rg: 70 | total time: 266.26m | eta: 209.7m
step 03120/05568 (56.03%) | loss: 2.500405 | lrm: 0.69 | dt: 5134.71ms | tok/sec: 204,213 | bf16_mfu: 49.30 | epoch: 1 pq: 72 rg: 72 | total time: 266.34m | eta: 209.6m
step 03121/05568 (56.05%) | loss: 2.502366 | lrm: 0.69 | dt: 5121.88ms | tok/sec: 204,724 | bf16_mfu: 49.42 | epoch: 1 pq: 72 rg: 74 | total time: 266.43m | eta: 209.6m
step 03122/05568 (56.07%) | loss: 2.508450 | lrm: 0.69 | dt: 5112.04ms | tok/sec: 205,118 | bf16_mfu: 49.52 | epoch: 1 pq: 72 rg: 76 | total time: 266.51m | eta: 209.5m
step 03123/05568 (56.09%) | loss: 2.500253 | lrm: 0.69 | dt: 5118.87ms | tok/sec: 204,845 | bf16_mfu: 49.45 | epoch: 1 pq: 72 rg: 78 | total time: 266.60m | eta: 209.4m
step 03124/05568 (56.11%) | loss: 2.499143 | lrm: 0.69 | dt: 5231.69ms | tok/sec: 200,427 | bf16_mfu: 48.39 | epoch: 1 pq: 72 rg: 80 | total time: 266.69m | eta: 209.3m
step 03125/05568 (56.12%) | loss: 2.504988 | lrm: 0.69 | dt: 5165.02ms | tok/sec: 203,014 | bf16_mfu: 49.01 | epoch: 1 pq: 72 rg: 82 | total time: 266.77m | eta: 209.2m
step 03126/05568 (56.14%) | loss: 2.510072 | lrm: 0.69 | dt: 5154.56ms | tok/sec: 203,426 | bf16_mfu: 49.11 | epoch: 1 pq: 73 rg: 0 | total time: 266.86m | eta: 209.1m
step 03127/05568 (56.16%) | loss: 2.518217 | lrm: 0.69 | dt: 5126.29ms | tok/sec: 204,548 | bf16_mfu: 49.38 | epoch: 1 pq: 73 rg: 0 | total time: 266.94m | eta: 209.0m
step 03128/05568 (56.18%) | loss: 2.494744 | lrm: 0.69 | dt: 5171.41ms | tok/sec: 202,763 | bf16_mfu: 48.95 | epoch: 1 pq: 73 rg: 2 | total time: 267.03m | eta: 209.0m
step 03129/05568 (56.20%) | loss: 2.501408 | lrm: 0.69 | dt: 5141.00ms | tok/sec: 203,963 | bf16_mfu: 49.24 | epoch: 1 pq: 73 rg: 4 | total time: 267.11m | eta: 208.9m
step 03130/05568 (56.21%) | loss: 2.511411 | lrm: 0.69 | dt: 5144.15ms | tok/sec: 203,838 | bf16_mfu: 49.21 | epoch: 1 pq: 73 rg: 6 | total time: 267.20m | eta: 208.8m
step 03131/05568 (56.23%) | loss: 2.521824 | lrm: 0.69 | dt: 5185.59ms | tok/sec: 202,209 | bf16_mfu: 48.82 | epoch: 1 pq: 73 rg: 8 | total time: 267.29m | eta: 208.7m
step 03132/05568 (56.25%) | loss: 2.519953 | lrm: 0.69 | dt: 5148.26ms | tok/sec: 203,675 | bf16_mfu: 49.17 | epoch: 1 pq: 73 rg: 10 | total time: 267.37m | eta: 208.6m
step 03133/05568 (56.27%) | loss: 2.512757 | lrm: 0.69 | dt: 5144.35ms | tok/sec: 203,830 | bf16_mfu: 49.21 | epoch: 1 pq: 73 rg: 12 | total time: 267.46m | eta: 208.5m
step 03134/05568 (56.29%) | loss: 2.510477 | lrm: 0.69 | dt: 5107.04ms | tok/sec: 205,319 | bf16_mfu: 49.57 | epoch: 1 pq: 73 rg: 14 | total time: 267.54m | eta: 208.5m
step 03135/05568 (56.30%) | loss: 2.501075 | lrm: 0.69 | dt: 5174.87ms | tok/sec: 202,628 | bf16_mfu: 48.92 | epoch: 1 pq: 73 rg: 16 | total time: 267.63m | eta: 208.4m
step 03136/05568 (56.32%) | loss: 2.504114 | lrm: 0.69 | dt: 5131.15ms | tok/sec: 204,354 | bf16_mfu: 49.33 | epoch: 1 pq: 73 rg: 18 | total time: 267.72m | eta: 208.3m
step 03137/05568 (56.34%) | loss: 2.504506 | lrm: 0.69 | dt: 5105.43ms | tok/sec: 205,384 | bf16_mfu: 49.58 | epoch: 1 pq: 73 rg: 20 | total time: 267.80m | eta: 208.2m
step 03138/05568 (56.36%) | loss: 2.497643 | lrm: 0.69 | dt: 5148.84ms | tok/sec: 203,652 | bf16_mfu: 49.17 | epoch: 1 pq: 73 rg: 22 | total time: 267.89m | eta: 208.1m
step 03139/05568 (56.38%) | loss: 2.481210 | lrm: 0.69 | dt: 6388.83ms | tok/sec: 164,126 | bf16_mfu: 39.62 | epoch: 1 pq: 73 rg: 24 | total time: 267.99m | eta: 208.0m
step 03140/05568 (56.39%) | loss: 2.487149 | lrm: 0.69 | dt: 5119.56ms | tok/sec: 204,817 | bf16_mfu: 49.45 | epoch: 1 pq: 73 rg: 26 | total time: 268.08m | eta: 208.0m
step 03141/05568 (56.41%) | loss: 2.507890 | lrm: 0.69 | dt: 6157.41ms | tok/sec: 170,294 | bf16_mfu: 41.11 | epoch: 1 pq: 73 rg: 28 | total time: 268.18m | eta: 207.9m
step 03142/05568 (56.43%) | loss: 2.514303 | lrm: 0.69 | dt: 6787.27ms | tok/sec: 154,491 | bf16_mfu: 37.30 | epoch: 1 pq: 73 rg: 30 | total time: 268.29m | eta: 207.8m
step 03143/05568 (56.45%) | loss: 2.525588 | lrm: 0.69 | dt: 5140.37ms | tok/sec: 203,988 | bf16_mfu: 49.25 | epoch: 1 pq: 73 rg: 32 | total time: 268.38m | eta: 207.7m
step 03144/05568 (56.47%) | loss: 2.528691 | lrm: 0.69 | dt: 5169.50ms | tok/sec: 202,839 | bf16_mfu: 48.97 | epoch: 1 pq: 73 rg: 34 | total time: 268.47m | eta: 207.6m
step 03145/05568 (56.48%) | loss: 2.523954 | lrm: 0.69 | dt: 5124.04ms | tok/sec: 204,638 | bf16_mfu: 49.40 | epoch: 1 pq: 73 rg: 36 | total time: 268.55m | eta: 207.6m
step 03146/05568 (56.50%) | loss: 2.513731 | lrm: 0.69 | dt: 5166.00ms | tok/sec: 202,976 | bf16_mfu: 49.00 | epoch: 1 pq: 73 rg: 38 | total time: 268.64m | eta: 207.5m
step 03147/05568 (56.52%) | loss: 2.526976 | lrm: 0.69 | dt: 5136.92ms | tok/sec: 204,125 | bf16_mfu: 49.28 | epoch: 1 pq: 73 rg: 40 | total time: 268.72m | eta: 207.4m
step 03148/05568 (56.54%) | loss: 2.539238 | lrm: 0.69 | dt: 5178.38ms | tok/sec: 202,491 | bf16_mfu: 48.88 | epoch: 1 pq: 73 rg: 42 | total time: 268.81m | eta: 207.3m
step 03149/05568 (56.56%) | loss: 2.553030 | lrm: 0.68 | dt: 5167.09ms | tok/sec: 202,933 | bf16_mfu: 48.99 | epoch: 1 pq: 73 rg: 44 | total time: 268.90m | eta: 207.2m
step 03150/05568 (56.57%) | loss: 2.551382 | lrm: 0.68 | dt: 5280.37ms | tok/sec: 198,579 | bf16_mfu: 47.94 | epoch: 1 pq: 73 rg: 46 | total time: 268.98m | eta: 207.1m
step 03151/05568 (56.59%) | loss: 2.540861 | lrm: 0.68 | dt: 5150.20ms | tok/sec: 203,599 | bf16_mfu: 49.15 | epoch: 1 pq: 73 rg: 48 | total time: 269.07m | eta: 207.0m
step 03152/05568 (56.61%) | loss: 2.554092 | lrm: 0.68 | dt: 5218.68ms | tok/sec: 200,927 | bf16_mfu: 48.51 | epoch: 1 pq: 73 rg: 50 | total time: 269.16m | eta: 207.0m
step 03153/05568 (56.63%) | loss: 2.535931 | lrm: 0.68 | dt: 5146.79ms | tok/sec: 203,734 | bf16_mfu: 49.18 | epoch: 1 pq: 73 rg: 52 | total time: 269.24m | eta: 206.9m
step 03154/05568 (56.65%) | loss: 2.529227 | lrm: 0.68 | dt: 5125.21ms | tok/sec: 204,591 | bf16_mfu: 49.39 | epoch: 1 pq: 73 rg: 54 | total time: 269.33m | eta: 206.8m
step 03155/05568 (56.66%) | loss: 2.530980 | lrm: 0.68 | dt: 5166.54ms | tok/sec: 202,955 | bf16_mfu: 49.00 | epoch: 1 pq: 73 rg: 56 | total time: 269.41m | eta: 206.7m
step 03156/05568 (56.68%) | loss: 2.543236 | lrm: 0.68 | dt: 5136.06ms | tok/sec: 204,159 | bf16_mfu: 49.29 | epoch: 1 pq: 73 rg: 58 | total time: 269.50m | eta: 206.6m
step 03157/05568 (56.70%) | loss: 2.560763 | lrm: 0.68 | dt: 5220.61ms | tok/sec: 200,853 | bf16_mfu: 48.49 | epoch: 1 pq: 73 rg: 60 | total time: 269.59m | eta: 206.5m
step 03158/05568 (56.72%) | loss: 2.561779 | lrm: 0.68 | dt: 5115.27ms | tok/sec: 204,989 | bf16_mfu: 49.49 | epoch: 1 pq: 73 rg: 62 | total time: 269.67m | eta: 206.5m
step 03159/05568 (56.73%) | loss: 2.573147 | lrm: 0.68 | dt: 5175.92ms | tok/sec: 202,587 | bf16_mfu: 48.91 | epoch: 1 pq: 73 rg: 64 | total time: 269.76m | eta: 206.4m
step 03160/05568 (56.75%) | loss: 2.572240 | lrm: 0.68 | dt: 5159.65ms | tok/sec: 203,226 | bf16_mfu: 49.06 | epoch: 1 pq: 73 rg: 66 | total time: 269.84m | eta: 206.3m
step 03161/05568 (56.77%) | loss: 2.566286 | lrm: 0.68 | dt: 5182.15ms | tok/sec: 202,343 | bf16_mfu: 48.85 | epoch: 1 pq: 73 rg: 68 | total time: 269.93m | eta: 206.2m
step 03162/05568 (56.79%) | loss: 2.555683 | lrm: 0.68 | dt: 5141.55ms | tok/sec: 203,941 | bf16_mfu: 49.23 | epoch: 1 pq: 73 rg: 70 | total time: 270.02m | eta: 206.1m
step 03163/05568 (56.81%) | loss: 2.552977 | lrm: 0.68 | dt: 5184.49ms | tok/sec: 202,252 | bf16_mfu: 48.83 | epoch: 1 pq: 73 rg: 72 | total time: 270.10m | eta: 206.0m
step 03164/05568 (56.82%) | loss: 2.542144 | lrm: 0.68 | dt: 5145.95ms | tok/sec: 203,767 | bf16_mfu: 49.19 | epoch: 1 pq: 73 rg: 74 | total time: 270.19m | eta: 205.9m
step 03165/05568 (56.84%) | loss: 2.545920 | lrm: 0.68 | dt: 5112.42ms | tok/sec: 205,103 | bf16_mfu: 49.52 | epoch: 1 pq: 73 rg: 76 | total time: 270.27m | eta: 205.9m
step 03166/05568 (56.86%) | loss: 2.550346 | lrm: 0.68 | dt: 5181.19ms | tok/sec: 202,381 | bf16_mfu: 48.86 | epoch: 1 pq: 73 rg: 78 | total time: 270.36m | eta: 205.8m
step 03167/05568 (56.88%) | loss: 2.542049 | lrm: 0.68 | dt: 5143.37ms | tok/sec: 203,869 | bf16_mfu: 49.22 | epoch: 1 pq: 73 rg: 80 | total time: 270.45m | eta: 205.7m
step 03168/05568 (56.90%) | loss: 2.529447 | lrm: 0.68 | dt: 5129.21ms | tok/sec: 204,432 | bf16_mfu: 49.35 | epoch: 1 pq: 73 rg: 82 | total time: 270.53m | eta: 205.6m
step 03169/05568 (56.91%) | loss: 2.545682 | lrm: 0.68 | dt: 5171.33ms | tok/sec: 202,767 | bf16_mfu: 48.95 | epoch: 1 pq: 74 rg: 0 | total time: 270.62m | eta: 205.5m
step 03170/05568 (56.93%) | loss: 2.541863 | lrm: 0.68 | dt: 5167.08ms | tok/sec: 202,933 | bf16_mfu: 48.99 | epoch: 1 pq: 74 rg: 2 | total time: 270.70m | eta: 205.4m
step 03171/05568 (56.95%) | loss: 2.538547 | lrm: 0.68 | dt: 5146.30ms | tok/sec: 203,753 | bf16_mfu: 49.19 | epoch: 1 pq: 74 rg: 4 | total time: 270.79m | eta: 205.3m
step 03172/05568 (56.97%) | loss: 2.514042 | lrm: 0.68 | dt: 5140.64ms | tok/sec: 203,977 | bf16_mfu: 49.24 | epoch: 1 pq: 74 rg: 4 | total time: 270.87m | eta: 205.3m
step 03173/05568 (56.99%) | loss: 2.504101 | lrm: 0.68 | dt: 5117.28ms | tok/sec: 204,908 | bf16_mfu: 49.47 | epoch: 1 pq: 74 rg: 6 | total time: 270.96m | eta: 205.2m
step 03174/05568 (57.00%) | loss: 2.498499 | lrm: 0.68 | dt: 5151.53ms | tok/sec: 203,546 | bf16_mfu: 49.14 | epoch: 1 pq: 74 rg: 8 | total time: 271.05m | eta: 205.1m
step 03175/05568 (57.02%) | loss: 2.506317 | lrm: 0.68 | dt: 5125.82ms | tok/sec: 204,567 | bf16_mfu: 49.39 | epoch: 1 pq: 74 rg: 10 | total time: 271.13m | eta: 205.0m
step 03176/05568 (57.04%) | loss: 2.501120 | lrm: 0.68 | dt: 5119.08ms | tok/sec: 204,836 | bf16_mfu: 49.45 | epoch: 1 pq: 74 rg: 12 | total time: 271.22m | eta: 204.9m
step 03177/05568 (57.06%) | loss: 2.479112 | lrm: 0.68 | dt: 5173.13ms | tok/sec: 202,696 | bf16_mfu: 48.93 | epoch: 1 pq: 74 rg: 14 | total time: 271.30m | eta: 204.8m
step 03178/05568 (57.08%) | loss: 2.497455 | lrm: 0.68 | dt: 5139.44ms | tok/sec: 204,025 | bf16_mfu: 49.26 | epoch: 1 pq: 74 rg: 16 | total time: 271.39m | eta: 204.7m
step 03179/05568 (57.09%) | loss: 2.500495 | lrm: 0.68 | dt: 5151.36ms | tok/sec: 203,553 | bf16_mfu: 49.14 | epoch: 1 pq: 74 rg: 18 | total time: 271.47m | eta: 204.7m
step 03180/05568 (57.11%) | loss: 2.507237 | lrm: 0.68 | dt: 5199.25ms | tok/sec: 201,678 | bf16_mfu: 48.69 | epoch: 1 pq: 74 rg: 20 | total time: 271.56m | eta: 204.6m
step 03181/05568 (57.13%) | loss: 2.494892 | lrm: 0.68 | dt: 5146.46ms | tok/sec: 203,747 | bf16_mfu: 49.19 | epoch: 1 pq: 74 rg: 22 | total time: 271.65m | eta: 204.5m
step 03182/05568 (57.15%) | loss: 2.495337 | lrm: 0.68 | dt: 5299.22ms | tok/sec: 197,873 | bf16_mfu: 47.77 | epoch: 1 pq: 74 rg: 24 | total time: 271.73m | eta: 204.4m
step 03183/05568 (57.17%) | loss: 2.485768 | lrm: 0.68 | dt: 5263.69ms | tok/sec: 199,209 | bf16_mfu: 48.09 | epoch: 1 pq: 74 rg: 26 | total time: 271.82m | eta: 204.3m
step 03184/05568 (57.18%) | loss: 2.487640 | lrm: 0.68 | dt: 5125.98ms | tok/sec: 204,561 | bf16_mfu: 49.38 | epoch: 1 pq: 74 rg: 28 | total time: 271.91m | eta: 204.2m
step 03185/05568 (57.20%) | loss: 2.482879 | lrm: 0.68 | dt: 5119.79ms | tok/sec: 204,808 | bf16_mfu: 49.44 | epoch: 1 pq: 74 rg: 30 | total time: 271.99m | eta: 204.1m
step 03186/05568 (57.22%) | loss: 2.493788 | lrm: 0.68 | dt: 5112.09ms | tok/sec: 205,117 | bf16_mfu: 49.52 | epoch: 1 pq: 74 rg: 32 | total time: 272.08m | eta: 204.1m
step 03187/05568 (57.24%) | loss: 2.521352 | lrm: 0.68 | dt: 5198.27ms | tok/sec: 201,716 | bf16_mfu: 48.70 | epoch: 1 pq: 74 rg: 34 | total time: 272.17m | eta: 204.0m
step 03188/05568 (57.26%) | loss: 2.522314 | lrm: 0.67 | dt: 5205.74ms | tok/sec: 201,426 | bf16_mfu: 48.63 | epoch: 1 pq: 74 rg: 36 | total time: 272.25m | eta: 203.9m
step 03189/05568 (57.27%) | loss: 2.527362 | lrm: 0.67 | dt: 5165.26ms | tok/sec: 203,005 | bf16_mfu: 49.01 | epoch: 1 pq: 74 rg: 38 | total time: 272.34m | eta: 203.8m
step 03190/05568 (57.29%) | loss: 2.525778 | lrm: 0.67 | dt: 5117.57ms | tok/sec: 204,897 | bf16_mfu: 49.47 | epoch: 1 pq: 74 rg: 40 | total time: 272.42m | eta: 203.7m
step 03191/05568 (57.31%) | loss: 2.519121 | lrm: 0.67 | dt: 5190.00ms | tok/sec: 202,037 | bf16_mfu: 48.78 | epoch: 1 pq: 74 rg: 42 | total time: 272.51m | eta: 203.6m
step 03192/05568 (57.33%) | loss: 2.506498 | lrm: 0.67 | dt: 5215.74ms | tok/sec: 201,040 | bf16_mfu: 48.53 | epoch: 1 pq: 74 rg: 44 | total time: 272.60m | eta: 203.5m
step 03193/05568 (57.35%) | loss: 2.495619 | lrm: 0.67 | dt: 5181.99ms | tok/sec: 202,350 | bf16_mfu: 48.85 | epoch: 1 pq: 74 rg: 46 | total time: 272.68m | eta: 203.5m
step 03194/05568 (57.36%) | loss: 2.483428 | lrm: 0.67 | dt: 5148.53ms | tok/sec: 203,665 | bf16_mfu: 49.17 | epoch: 1 pq: 74 rg: 48 | total time: 272.77m | eta: 203.4m
step 03195/05568 (57.38%) | loss: 2.472627 | lrm: 0.67 | dt: 5134.43ms | tok/sec: 204,224 | bf16_mfu: 49.30 | epoch: 1 pq: 74 rg: 50 | total time: 272.85m | eta: 203.3m
step 03196/05568 (57.40%) | loss: 2.488835 | lrm: 0.67 | dt: 5152.61ms | tok/sec: 203,503 | bf16_mfu: 49.13 | epoch: 1 pq: 74 rg: 52 | total time: 272.94m | eta: 203.2m
step 03197/05568 (57.42%) | loss: 2.515084 | lrm: 0.67 | dt: 5165.63ms | tok/sec: 202,991 | bf16_mfu: 49.01 | epoch: 1 pq: 74 rg: 54 | total time: 273.03m | eta: 203.1m
step 03198/05568 (57.44%) | loss: 2.509265 | lrm: 0.67 | dt: 5131.95ms | tok/sec: 204,323 | bf16_mfu: 49.33 | epoch: 1 pq: 74 rg: 56 | total time: 273.11m | eta: 203.0m
step 03199/05568 (57.45%) | loss: 2.511791 | lrm: 0.67 | dt: 5139.34ms | tok/sec: 204,029 | bf16_mfu: 49.26 | epoch: 1 pq: 74 rg: 58 | total time: 273.20m | eta: 202.9m
step 03200/05568 (57.47%) | loss: 2.504483 | lrm: 0.67 | dt: 4888.39ms | tok/sec: 214,503 | bf16_mfu: 51.78 | epoch: 1 pq: 74 rg: 60 | total time: 273.28m | eta: 202.9m
step 03201/05568 (57.49%) | loss: 2.504664 | lrm: 0.67 | dt: 5095.60ms | tok/sec: 205,780 | bf16_mfu: 49.68 | epoch: 1 pq: 74 rg: 62 | total time: 273.36m | eta: 202.8m
step 03202/05568 (57.51%) | loss: 2.500157 | lrm: 0.67 | dt: 5150.15ms | tok/sec: 203,600 | bf16_mfu: 49.15 | epoch: 1 pq: 74 rg: 64 | total time: 273.45m | eta: 202.7m
step 03203/05568 (57.53%) | loss: 2.507930 | lrm: 0.67 | dt: 5140.89ms | tok/sec: 203,967 | bf16_mfu: 49.24 | epoch: 1 pq: 74 rg: 66 | total time: 273.54m | eta: 202.6m
step 03204/05568 (57.54%) | loss: 2.508401 | lrm: 0.67 | dt: 5203.95ms | tok/sec: 201,496 | bf16_mfu: 48.64 | epoch: 1 pq: 74 rg: 68 | total time: 273.62m | eta: 202.5m
step 03205/05568 (57.56%) | loss: 2.510738 | lrm: 0.67 | dt: 5094.76ms | tok/sec: 205,814 | bf16_mfu: 49.69 | epoch: 1 pq: 74 rg: 70 | total time: 273.71m | eta: 202.4m
step 03206/05568 (57.58%) | loss: 2.518138 | lrm: 0.67 | dt: 5093.30ms | tok/sec: 205,873 | bf16_mfu: 49.70 | epoch: 1 pq: 74 rg: 70 | total time: 273.79m | eta: 202.3m
step 03207/05568 (57.60%) | loss: 2.527643 | lrm: 0.67 | dt: 5138.38ms | tok/sec: 204,067 | bf16_mfu: 49.27 | epoch: 1 pq: 74 rg: 72 | total time: 273.88m | eta: 202.3m
step 03208/05568 (57.61%) | loss: 2.514969 | lrm: 0.67 | dt: 5138.19ms | tok/sec: 204,074 | bf16_mfu: 49.27 | epoch: 1 pq: 74 rg: 74 | total time: 273.96m | eta: 202.2m
step 03209/05568 (57.63%) | loss: 2.494989 | lrm: 0.67 | dt: 5118.49ms | tok/sec: 204,860 | bf16_mfu: 49.46 | epoch: 1 pq: 74 rg: 76 | total time: 274.05m | eta: 202.1m
step 03210/05568 (57.65%) | loss: 2.469769 | lrm: 0.67 | dt: 5176.97ms | tok/sec: 202,546 | bf16_mfu: 48.90 | epoch: 1 pq: 74 rg: 78 | total time: 274.13m | eta: 202.0m
step 03211/05568 (57.67%) | loss: 2.478984 | lrm: 0.67 | dt: 5136.40ms | tok/sec: 204,145 | bf16_mfu: 49.28 | epoch: 1 pq: 74 rg: 80 | total time: 274.22m | eta: 201.9m
step 03212/05568 (57.69%) | loss: 2.468171 | lrm: 0.67 | dt: 5140.34ms | tok/sec: 203,989 | bf16_mfu: 49.25 | epoch: 1 pq: 74 rg: 82 | total time: 274.31m | eta: 201.8m
step 03213/05568 (57.70%) | loss: 2.481390 | lrm: 0.67 | dt: 5144.28ms | tok/sec: 203,833 | bf16_mfu: 49.21 | epoch: 1 pq: 75 rg: 0 | total time: 274.39m | eta: 201.7m
step 03214/05568 (57.72%) | loss: 2.472018 | lrm: 0.67 | dt: 5202.31ms | tok/sec: 201,559 | bf16_mfu: 48.66 | epoch: 1 pq: 75 rg: 2 | total time: 274.48m | eta: 201.7m
step 03215/05568 (57.74%) | loss: 2.476476 | lrm: 0.67 | dt: 5123.79ms | tok/sec: 204,648 | bf16_mfu: 49.41 | epoch: 1 pq: 75 rg: 4 | total time: 274.56m | eta: 201.6m
step 03216/05568 (57.76%) | loss: 2.478794 | lrm: 0.67 | dt: 5158.19ms | tok/sec: 203,283 | bf16_mfu: 49.08 | epoch: 1 pq: 75 rg: 6 | total time: 274.65m | eta: 201.5m
step 03217/05568 (57.78%) | loss: 2.479889 | lrm: 0.67 | dt: 5201.80ms | tok/sec: 201,579 | bf16_mfu: 48.66 | epoch: 1 pq: 75 rg: 8 | total time: 274.74m | eta: 201.4m
step 03218/05568 (57.79%) | loss: 2.496728 | lrm: 0.67 | dt: 5147.03ms | tok/sec: 203,724 | bf16_mfu: 49.18 | epoch: 1 pq: 75 rg: 10 | total time: 274.82m | eta: 201.3m
step 03219/05568 (57.81%) | loss: 2.508116 | lrm: 0.67 | dt: 5124.60ms | tok/sec: 204,616 | bf16_mfu: 49.40 | epoch: 1 pq: 75 rg: 12 | total time: 274.91m | eta: 201.2m
step 03220/05568 (57.83%) | loss: 2.509156 | lrm: 0.67 | dt: 5195.69ms | tok/sec: 201,816 | bf16_mfu: 48.72 | epoch: 1 pq: 75 rg: 14 | total time: 274.99m | eta: 201.1m
step 03221/05568 (57.85%) | loss: 2.506761 | lrm: 0.67 | dt: 5187.96ms | tok/sec: 202,117 | bf16_mfu: 48.79 | epoch: 1 pq: 75 rg: 16 | total time: 275.08m | eta: 201.1m
step 03222/05568 (57.87%) | loss: 2.510209 | lrm: 0.67 | dt: 5152.03ms | tok/sec: 203,526 | bf16_mfu: 49.13 | epoch: 1 pq: 75 rg: 18 | total time: 275.17m | eta: 201.0m
step 03223/05568 (57.88%) | loss: 2.522138 | lrm: 0.67 | dt: 5123.65ms | tok/sec: 204,654 | bf16_mfu: 49.41 | epoch: 1 pq: 75 rg: 20 | total time: 275.25m | eta: 200.9m
step 03224/05568 (57.90%) | loss: 2.513851 | lrm: 0.67 | dt: 5119.94ms | tok/sec: 204,802 | bf16_mfu: 49.44 | epoch: 1 pq: 75 rg: 22 | total time: 275.34m | eta: 200.8m
step 03225/05568 (57.92%) | loss: 2.508057 | lrm: 0.67 | dt: 5117.49ms | tok/sec: 204,900 | bf16_mfu: 49.47 | epoch: 1 pq: 75 rg: 24 | total time: 275.42m | eta: 200.7m
step 03226/05568 (57.94%) | loss: 2.500638 | lrm: 0.66 | dt: 5134.98ms | tok/sec: 204,202 | bf16_mfu: 49.30 | epoch: 1 pq: 75 rg: 26 | total time: 275.51m | eta: 200.6m
step 03227/05568 (57.96%) | loss: 2.497362 | lrm: 0.66 | dt: 5187.24ms | tok/sec: 202,145 | bf16_mfu: 48.80 | epoch: 1 pq: 75 rg: 28 | total time: 275.59m | eta: 200.5m
step 03228/05568 (57.97%) | loss: 2.491558 | lrm: 0.66 | dt: 5145.03ms | tok/sec: 203,803 | bf16_mfu: 49.20 | epoch: 1 pq: 75 rg: 30 | total time: 275.68m | eta: 200.5m
step 03229/05568 (57.99%) | loss: 2.489383 | lrm: 0.66 | dt: 5161.40ms | tok/sec: 203,157 | bf16_mfu: 49.05 | epoch: 1 pq: 75 rg: 32 | total time: 275.77m | eta: 200.4m
step 03230/05568 (58.01%) | loss: 2.482421 | lrm: 0.66 | dt: 5145.70ms | tok/sec: 203,777 | bf16_mfu: 49.20 | epoch: 1 pq: 75 rg: 34 | total time: 275.85m | eta: 200.3m
step 03231/05568 (58.03%) | loss: 2.476946 | lrm: 0.66 | dt: 5157.14ms | tok/sec: 203,324 | bf16_mfu: 49.09 | epoch: 1 pq: 75 rg: 36 | total time: 275.94m | eta: 200.2m
step 03232/05568 (58.05%) | loss: 2.494236 | lrm: 0.66 | dt: 5154.73ms | tok/sec: 203,420 | bf16_mfu: 49.11 | epoch: 1 pq: 75 rg: 36 | total time: 276.02m | eta: 200.1m
step 03233/05568 (58.06%) | loss: 2.508365 | lrm: 0.66 | dt: 5134.53ms | tok/sec: 204,220 | bf16_mfu: 49.30 | epoch: 1 pq: 75 rg: 38 | total time: 276.11m | eta: 200.0m
step 03234/05568 (58.08%) | loss: 2.503550 | lrm: 0.66 | dt: 5116.04ms | tok/sec: 204,958 | bf16_mfu: 49.48 | epoch: 1 pq: 75 rg: 40 | total time: 276.20m | eta: 200.0m
step 03235/05568 (58.10%) | loss: 2.509863 | lrm: 0.66 | dt: 5116.85ms | tok/sec: 204,925 | bf16_mfu: 49.47 | epoch: 1 pq: 75 rg: 42 | total time: 276.28m | eta: 199.9m
step 03236/05568 (58.12%) | loss: 2.489225 | lrm: 0.66 | dt: 5125.65ms | tok/sec: 204,574 | bf16_mfu: 49.39 | epoch: 1 pq: 75 rg: 44 | total time: 276.37m | eta: 199.8m
step 03237/05568 (58.14%) | loss: 2.498068 | lrm: 0.66 | dt: 5197.63ms | tok/sec: 201,741 | bf16_mfu: 48.70 | epoch: 1 pq: 75 rg: 46 | total time: 276.45m | eta: 199.7m
step 03238/05568 (58.15%) | loss: 2.478518 | lrm: 0.66 | dt: 5174.72ms | tok/sec: 202,634 | bf16_mfu: 48.92 | epoch: 1 pq: 75 rg: 48 | total time: 276.54m | eta: 199.6m
step 03239/05568 (58.17%) | loss: 2.482603 | lrm: 0.66 | dt: 5189.84ms | tok/sec: 202,044 | bf16_mfu: 48.78 | epoch: 1 pq: 75 rg: 50 | total time: 276.63m | eta: 199.5m
step 03240/05568 (58.19%) | loss: 2.501319 | lrm: 0.66 | dt: 5196.16ms | tok/sec: 201,798 | bf16_mfu: 48.72 | epoch: 1 pq: 75 rg: 52 | total time: 276.71m | eta: 199.4m
step 03241/05568 (58.21%) | loss: 2.503545 | lrm: 0.66 | dt: 5135.85ms | tok/sec: 204,168 | bf16_mfu: 49.29 | epoch: 1 pq: 75 rg: 54 | total time: 276.80m | eta: 199.4m
step 03242/05568 (58.23%) | loss: 2.505521 | lrm: 0.66 | dt: 5112.43ms | tok/sec: 205,103 | bf16_mfu: 49.52 | epoch: 1 pq: 75 rg: 56 | total time: 276.88m | eta: 199.3m
step 03243/05568 (58.24%) | loss: 2.513172 | lrm: 0.66 | dt: 5132.38ms | tok/sec: 204,305 | bf16_mfu: 49.32 | epoch: 1 pq: 75 rg: 58 | total time: 276.97m | eta: 199.2m
step 03244/05568 (58.26%) | loss: 2.509742 | lrm: 0.66 | dt: 5182.56ms | tok/sec: 202,327 | bf16_mfu: 48.85 | epoch: 1 pq: 75 rg: 60 | total time: 277.05m | eta: 199.1m
step 03245/05568 (58.28%) | loss: 2.498916 | lrm: 0.66 | dt: 5230.49ms | tok/sec: 200,473 | bf16_mfu: 48.40 | epoch: 1 pq: 75 rg: 62 | total time: 277.14m | eta: 199.0m
step 03246/05568 (58.30%) | loss: 2.495710 | lrm: 0.66 | dt: 5130.70ms | tok/sec: 204,372 | bf16_mfu: 49.34 | epoch: 1 pq: 75 rg: 64 | total time: 277.23m | eta: 198.9m
step 03247/05568 (58.32%) | loss: 2.519114 | lrm: 0.66 | dt: 5115.90ms | tok/sec: 204,963 | bf16_mfu: 49.48 | epoch: 1 pq: 75 rg: 66 | total time: 277.31m | eta: 198.8m
step 03248/05568 (58.33%) | loss: 2.512210 | lrm: 0.66 | dt: 5101.93ms | tok/sec: 205,525 | bf16_mfu: 49.62 | epoch: 1 pq: 75 rg: 68 | total time: 277.40m | eta: 198.8m
step 03249/05568 (58.35%) | loss: 2.501819 | lrm: 0.66 | dt: 5165.09ms | tok/sec: 203,012 | bf16_mfu: 49.01 | epoch: 1 pq: 75 rg: 70 | total time: 277.48m | eta: 198.7m
Step 03250 | Validation bpb: 0.765656
step 03250/05568 (58.37%) | loss: 2.495386 | lrm: 0.66 | dt: 5892.57ms | tok/sec: 177,948 | bf16_mfu: 42.96 | epoch: 1 pq: 75 rg: 72 | total time: 277.58m | eta: 198.6m
step 03251/05568 (58.39%) | loss: 2.498059 | lrm: 0.66 | dt: 5159.01ms | tok/sec: 203,251 | bf16_mfu: 49.07 | epoch: 1 pq: 75 rg: 74 | total time: 277.67m | eta: 198.5m
step 03252/05568 (58.41%) | loss: 2.504604 | lrm: 0.66 | dt: 5186.93ms | tok/sec: 202,157 | bf16_mfu: 48.80 | epoch: 1 pq: 75 rg: 76 | total time: 277.75m | eta: 198.4m
step 03253/05568 (58.42%) | loss: 2.499090 | lrm: 0.66 | dt: 5130.91ms | tok/sec: 204,364 | bf16_mfu: 49.34 | epoch: 1 pq: 75 rg: 78 | total time: 277.84m | eta: 198.3m
step 03254/05568 (58.44%) | loss: 2.507811 | lrm: 0.66 | dt: 5215.47ms | tok/sec: 201,051 | bf16_mfu: 48.54 | epoch: 1 pq: 75 rg: 80 | total time: 277.93m | eta: 198.2m
step 03255/05568 (58.46%) | loss: 2.510253 | lrm: 0.66 | dt: 5113.50ms | tok/sec: 205,060 | bf16_mfu: 49.51 | epoch: 1 pq: 76 rg: 0 | total time: 278.01m | eta: 198.2m
step 03256/05568 (58.48%) | loss: 2.506574 | lrm: 0.66 | dt: 5134.28ms | tok/sec: 204,230 | bf16_mfu: 49.30 | epoch: 1 pq: 76 rg: 2 | total time: 278.10m | eta: 198.1m
step 03257/05568 (58.49%) | loss: 2.498953 | lrm: 0.66 | dt: 5147.75ms | tok/sec: 203,695 | bf16_mfu: 49.18 | epoch: 1 pq: 76 rg: 4 | total time: 278.18m | eta: 198.0m
step 03258/05568 (58.51%) | loss: 2.519454 | lrm: 0.66 | dt: 5162.10ms | tok/sec: 203,129 | bf16_mfu: 49.04 | epoch: 1 pq: 76 rg: 6 | total time: 278.27m | eta: 197.9m
step 03259/05568 (58.53%) | loss: 2.526774 | lrm: 0.66 | dt: 5152.84ms | tok/sec: 203,494 | bf16_mfu: 49.13 | epoch: 1 pq: 76 rg: 8 | total time: 278.36m | eta: 197.8m
step 03260/05568 (58.55%) | loss: 2.534988 | lrm: 0.66 | dt: 5190.71ms | tok/sec: 202,010 | bf16_mfu: 48.77 | epoch: 1 pq: 76 rg: 10 | total time: 278.44m | eta: 197.7m
step 03261/05568 (58.57%) | loss: 2.537771 | lrm: 0.66 | dt: 5166.73ms | tok/sec: 202,947 | bf16_mfu: 49.00 | epoch: 1 pq: 76 rg: 12 | total time: 278.53m | eta: 197.7m
step 03262/05568 (58.58%) | loss: 2.552735 | lrm: 0.66 | dt: 5150.27ms | tok/sec: 203,596 | bf16_mfu: 49.15 | epoch: 1 pq: 76 rg: 14 | total time: 278.61m | eta: 197.6m
step 03263/05568 (58.60%) | loss: 2.542765 | lrm: 0.66 | dt: 5183.43ms | tok/sec: 202,293 | bf16_mfu: 48.84 | epoch: 1 pq: 76 rg: 16 | total time: 278.70m | eta: 197.5m
step 03264/05568 (58.62%) | loss: 2.537683 | lrm: 0.65 | dt: 5132.95ms | tok/sec: 204,283 | bf16_mfu: 49.32 | epoch: 1 pq: 76 rg: 18 | total time: 278.79m | eta: 197.4m
step 03265/05568 (58.64%) | loss: 2.538102 | lrm: 0.65 | dt: 5160.23ms | tok/sec: 203,203 | bf16_mfu: 49.06 | epoch: 1 pq: 76 rg: 18 | total time: 278.87m | eta: 197.3m
step 03266/05568 (58.66%) | loss: 2.536437 | lrm: 0.65 | dt: 5145.29ms | tok/sec: 203,793 | bf16_mfu: 49.20 | epoch: 1 pq: 76 rg: 20 | total time: 278.96m | eta: 197.2m
step 03267/05568 (58.67%) | loss: 2.531817 | lrm: 0.65 | dt: 5143.45ms | tok/sec: 203,866 | bf16_mfu: 49.22 | epoch: 1 pq: 76 rg: 22 | total time: 279.04m | eta: 197.1m
step 03268/05568 (58.69%) | loss: 2.534728 | lrm: 0.65 | dt: 5191.33ms | tok/sec: 201,985 | bf16_mfu: 48.76 | epoch: 1 pq: 76 rg: 24 | total time: 279.13m | eta: 197.1m
step 03269/05568 (58.71%) | loss: 2.529708 | lrm: 0.65 | dt: 5152.47ms | tok/sec: 203,509 | bf16_mfu: 49.13 | epoch: 1 pq: 76 rg: 26 | total time: 279.22m | eta: 197.0m
step 03270/05568 (58.73%) | loss: 2.521090 | lrm: 0.65 | dt: 5117.76ms | tok/sec: 204,889 | bf16_mfu: 49.46 | epoch: 1 pq: 76 rg: 28 | total time: 279.30m | eta: 196.9m
step 03271/05568 (58.75%) | loss: 2.516017 | lrm: 0.65 | dt: 5189.09ms | tok/sec: 202,073 | bf16_mfu: 48.78 | epoch: 1 pq: 76 rg: 30 | total time: 279.39m | eta: 196.8m
step 03272/05568 (58.76%) | loss: 2.521767 | lrm: 0.65 | dt: 5155.17ms | tok/sec: 203,402 | bf16_mfu: 49.10 | epoch: 1 pq: 76 rg: 32 | total time: 279.47m | eta: 196.7m
step 03273/05568 (58.78%) | loss: 2.518469 | lrm: 0.65 | dt: 5172.20ms | tok/sec: 202,733 | bf16_mfu: 48.94 | epoch: 1 pq: 76 rg: 34 | total time: 279.56m | eta: 196.6m
step 03274/05568 (58.80%) | loss: 2.522640 | lrm: 0.65 | dt: 5168.41ms | tok/sec: 202,881 | bf16_mfu: 48.98 | epoch: 1 pq: 76 rg: 36 | total time: 279.65m | eta: 196.5m
step 03275/05568 (58.82%) | loss: 2.512911 | lrm: 0.65 | dt: 5173.69ms | tok/sec: 202,674 | bf16_mfu: 48.93 | epoch: 1 pq: 76 rg: 38 | total time: 279.73m | eta: 196.5m
step 03276/05568 (58.84%) | loss: 2.501890 | lrm: 0.65 | dt: 5168.78ms | tok/sec: 202,867 | bf16_mfu: 48.98 | epoch: 1 pq: 76 rg: 40 | total time: 279.82m | eta: 196.4m
step 03277/05568 (58.85%) | loss: 2.511494 | lrm: 0.65 | dt: 5190.04ms | tok/sec: 202,036 | bf16_mfu: 48.77 | epoch: 1 pq: 76 rg: 42 | total time: 279.90m | eta: 196.3m
step 03278/05568 (58.87%) | loss: 2.498596 | lrm: 0.65 | dt: 5152.96ms | tok/sec: 203,490 | bf16_mfu: 49.13 | epoch: 1 pq: 76 rg: 44 | total time: 279.99m | eta: 196.2m
step 03279/05568 (58.89%) | loss: 2.509965 | lrm: 0.65 | dt: 5151.90ms | tok/sec: 203,531 | bf16_mfu: 49.14 | epoch: 1 pq: 76 rg: 46 | total time: 280.08m | eta: 196.1m
step 03280/05568 (58.91%) | loss: 2.492509 | lrm: 0.65 | dt: 5247.60ms | tok/sec: 199,820 | bf16_mfu: 48.24 | epoch: 1 pq: 76 rg: 48 | total time: 280.16m | eta: 196.0m
step 03281/05568 (58.93%) | loss: 2.482380 | lrm: 0.65 | dt: 5148.56ms | tok/sec: 203,663 | bf16_mfu: 49.17 | epoch: 1 pq: 76 rg: 50 | total time: 280.25m | eta: 195.9m
step 03282/05568 (58.94%) | loss: 2.485953 | lrm: 0.65 | dt: 5119.38ms | tok/sec: 204,824 | bf16_mfu: 49.45 | epoch: 1 pq: 76 rg: 52 | total time: 280.33m | eta: 195.9m
step 03283/05568 (58.96%) | loss: 2.502767 | lrm: 0.65 | dt: 5137.91ms | tok/sec: 204,086 | bf16_mfu: 49.27 | epoch: 1 pq: 76 rg: 54 | total time: 280.42m | eta: 195.8m
step 03284/05568 (58.98%) | loss: 2.501000 | lrm: 0.65 | dt: 5117.06ms | tok/sec: 204,917 | bf16_mfu: 49.47 | epoch: 1 pq: 76 rg: 56 | total time: 280.51m | eta: 195.7m
step 03285/05568 (59.00%) | loss: 2.507388 | lrm: 0.65 | dt: 5114.66ms | tok/sec: 205,013 | bf16_mfu: 49.49 | epoch: 1 pq: 76 rg: 58 | total time: 280.59m | eta: 195.6m
step 03286/05568 (59.02%) | loss: 2.499538 | lrm: 0.65 | dt: 5131.16ms | tok/sec: 204,354 | bf16_mfu: 49.33 | epoch: 1 pq: 76 rg: 60 | total time: 280.68m | eta: 195.5m
step 03287/05568 (59.03%) | loss: 2.500332 | lrm: 0.65 | dt: 5145.62ms | tok/sec: 203,780 | bf16_mfu: 49.20 | epoch: 1 pq: 76 rg: 62 | total time: 280.76m | eta: 195.4m
step 03288/05568 (59.05%) | loss: 2.497354 | lrm: 0.65 | dt: 5150.66ms | tok/sec: 203,580 | bf16_mfu: 49.15 | epoch: 1 pq: 76 rg: 64 | total time: 280.85m | eta: 195.3m
step 03289/05568 (59.07%) | loss: 2.505508 | lrm: 0.65 | dt: 5141.31ms | tok/sec: 203,950 | bf16_mfu: 49.24 | epoch: 1 pq: 76 rg: 66 | total time: 280.93m | eta: 195.3m
step 03290/05568 (59.09%) | loss: 2.507999 | lrm: 0.65 | dt: 5128.59ms | tok/sec: 204,456 | bf16_mfu: 49.36 | epoch: 1 pq: 76 rg: 68 | total time: 281.02m | eta: 195.2m
step 03291/05568 (59.11%) | loss: 2.502389 | lrm: 0.65 | dt: 5193.90ms | tok/sec: 201,886 | bf16_mfu: 48.74 | epoch: 1 pq: 76 rg: 70 | total time: 281.11m | eta: 195.1m
step 03292/05568 (59.12%) | loss: 2.503488 | lrm: 0.65 | dt: 5153.13ms | tok/sec: 203,483 | bf16_mfu: 49.12 | epoch: 1 pq: 76 rg: 72 | total time: 281.19m | eta: 195.0m
step 03293/05568 (59.14%) | loss: 2.510056 | lrm: 0.65 | dt: 5155.22ms | tok/sec: 203,400 | bf16_mfu: 49.10 | epoch: 1 pq: 76 rg: 74 | total time: 281.28m | eta: 194.9m
step 03294/05568 (59.16%) | loss: 2.510546 | lrm: 0.65 | dt: 5151.89ms | tok/sec: 203,532 | bf16_mfu: 49.14 | epoch: 1 pq: 76 rg: 76 | total time: 281.36m | eta: 194.8m
step 03295/05568 (59.18%) | loss: 2.505948 | lrm: 0.65 | dt: 5180.02ms | tok/sec: 202,427 | bf16_mfu: 48.87 | epoch: 1 pq: 76 rg: 78 | total time: 281.45m | eta: 194.7m
step 03296/05568 (59.20%) | loss: 2.497797 | lrm: 0.65 | dt: 5167.69ms | tok/sec: 202,909 | bf16_mfu: 48.99 | epoch: 1 pq: 76 rg: 80 | total time: 281.54m | eta: 194.7m
step 03297/05568 (59.21%) | loss: 2.510425 | lrm: 0.65 | dt: 5164.43ms | tok/sec: 203,038 | bf16_mfu: 49.02 | epoch: 1 pq: 76 rg: 80 | total time: 281.62m | eta: 194.6m
step 03298/05568 (59.23%) | loss: 2.498050 | lrm: 0.65 | dt: 5140.74ms | tok/sec: 203,973 | bf16_mfu: 49.24 | epoch: 1 pq: 76 rg: 82 | total time: 281.71m | eta: 194.5m
step 03299/05568 (59.25%) | loss: 2.490687 | lrm: 0.65 | dt: 5122.39ms | tok/sec: 204,704 | bf16_mfu: 49.42 | epoch: 1 pq: 77 rg: 0 | total time: 281.79m | eta: 194.4m
step 03300/05568 (59.27%) | loss: 2.505119 | lrm: 0.65 | dt: 5144.01ms | tok/sec: 203,843 | bf16_mfu: 49.21 | epoch: 1 pq: 77 rg: 2 | total time: 281.88m | eta: 194.3m
step 03301/05568 (59.29%) | loss: 2.506395 | lrm: 0.65 | dt: 5135.42ms | tok/sec: 204,185 | bf16_mfu: 49.29 | epoch: 1 pq: 77 rg: 4 | total time: 281.96m | eta: 194.2m
step 03302/05568 (59.30%) | loss: 2.503453 | lrm: 0.64 | dt: 5148.46ms | tok/sec: 203,668 | bf16_mfu: 49.17 | epoch: 1 pq: 77 rg: 6 | total time: 282.05m | eta: 194.1m
step 03303/05568 (59.32%) | loss: 2.490192 | lrm: 0.64 | dt: 5117.37ms | tok/sec: 204,905 | bf16_mfu: 49.47 | epoch: 1 pq: 77 rg: 8 | total time: 282.14m | eta: 194.1m
step 03304/05568 (59.34%) | loss: 2.494012 | lrm: 0.64 | dt: 5215.51ms | tok/sec: 201,049 | bf16_mfu: 48.54 | epoch: 1 pq: 77 rg: 10 | total time: 282.22m | eta: 194.0m
step 03305/05568 (59.36%) | loss: 2.491297 | lrm: 0.64 | dt: 5124.45ms | tok/sec: 204,622 | bf16_mfu: 49.40 | epoch: 1 pq: 77 rg: 12 | total time: 282.31m | eta: 193.9m
step 03306/05568 (59.38%) | loss: 2.482227 | lrm: 0.64 | dt: 5121.21ms | tok/sec: 204,751 | bf16_mfu: 49.43 | epoch: 1 pq: 77 rg: 14 | total time: 282.39m | eta: 193.8m
step 03307/05568 (59.39%) | loss: 2.488416 | lrm: 0.64 | dt: 5152.94ms | tok/sec: 203,490 | bf16_mfu: 49.13 | epoch: 1 pq: 77 rg: 16 | total time: 282.48m | eta: 193.7m
step 03308/05568 (59.41%) | loss: 2.500295 | lrm: 0.64 | dt: 5135.63ms | tok/sec: 204,176 | bf16_mfu: 49.29 | epoch: 1 pq: 77 rg: 18 | total time: 282.56m | eta: 193.6m
step 03309/05568 (59.43%) | loss: 2.501104 | lrm: 0.64 | dt: 5125.29ms | tok/sec: 204,588 | bf16_mfu: 49.39 | epoch: 1 pq: 77 rg: 20 | total time: 282.65m | eta: 193.5m
step 03310/05568 (59.45%) | loss: 2.498988 | lrm: 0.64 | dt: 5159.94ms | tok/sec: 203,214 | bf16_mfu: 49.06 | epoch: 1 pq: 77 rg: 22 | total time: 282.74m | eta: 193.5m
step 03311/05568 (59.46%) | loss: 2.511993 | lrm: 0.64 | dt: 5208.60ms | tok/sec: 201,316 | bf16_mfu: 48.60 | epoch: 1 pq: 77 rg: 24 | total time: 282.82m | eta: 193.4m
step 03312/05568 (59.48%) | loss: 2.502448 | lrm: 0.64 | dt: 5135.79ms | tok/sec: 204,170 | bf16_mfu: 49.29 | epoch: 1 pq: 77 rg: 26 | total time: 282.91m | eta: 193.3m
step 03313/05568 (59.50%) | loss: 2.520532 | lrm: 0.64 | dt: 5121.34ms | tok/sec: 204,746 | bf16_mfu: 49.43 | epoch: 1 pq: 77 rg: 28 | total time: 282.99m | eta: 193.2m
step 03314/05568 (59.52%) | loss: 2.512588 | lrm: 0.64 | dt: 5101.81ms | tok/sec: 205,530 | bf16_mfu: 49.62 | epoch: 1 pq: 77 rg: 30 | total time: 283.08m | eta: 193.1m
step 03315/05568 (59.54%) | loss: 2.508539 | lrm: 0.64 | dt: 5105.82ms | tok/sec: 205,368 | bf16_mfu: 49.58 | epoch: 1 pq: 77 rg: 32 | total time: 283.16m | eta: 193.0m
step 03316/05568 (59.55%) | loss: 2.514311 | lrm: 0.64 | dt: 5190.29ms | tok/sec: 202,026 | bf16_mfu: 48.77 | epoch: 1 pq: 77 rg: 34 | total time: 283.25m | eta: 192.9m
step 03317/05568 (59.57%) | loss: 2.512222 | lrm: 0.64 | dt: 5137.81ms | tok/sec: 204,090 | bf16_mfu: 49.27 | epoch: 1 pq: 77 rg: 36 | total time: 283.34m | eta: 192.9m
step 03318/05568 (59.59%) | loss: 2.503104 | lrm: 0.64 | dt: 5141.81ms | tok/sec: 203,931 | bf16_mfu: 49.23 | epoch: 1 pq: 77 rg: 38 | total time: 283.42m | eta: 192.8m
step 03319/05568 (59.61%) | loss: 2.501889 | lrm: 0.64 | dt: 5164.58ms | tok/sec: 203,032 | bf16_mfu: 49.02 | epoch: 1 pq: 77 rg: 40 | total time: 283.51m | eta: 192.7m
step 03320/05568 (59.63%) | loss: 2.492086 | lrm: 0.64 | dt: 5134.73ms | tok/sec: 204,212 | bf16_mfu: 49.30 | epoch: 1 pq: 77 rg: 42 | total time: 283.59m | eta: 192.6m
step 03321/05568 (59.64%) | loss: 2.496982 | lrm: 0.64 | dt: 5157.76ms | tok/sec: 203,300 | bf16_mfu: 49.08 | epoch: 1 pq: 77 rg: 44 | total time: 283.68m | eta: 192.5m
step 03322/05568 (59.66%) | loss: 2.505368 | lrm: 0.64 | dt: 5137.42ms | tok/sec: 204,105 | bf16_mfu: 49.27 | epoch: 1 pq: 77 rg: 46 | total time: 283.76m | eta: 192.4m
step 03323/05568 (59.68%) | loss: 2.508229 | lrm: 0.64 | dt: 5138.20ms | tok/sec: 204,074 | bf16_mfu: 49.27 | epoch: 1 pq: 77 rg: 48 | total time: 283.85m | eta: 192.3m
step 03324/05568 (59.70%) | loss: 2.516896 | lrm: 0.64 | dt: 5152.11ms | tok/sec: 203,523 | bf16_mfu: 49.13 | epoch: 1 pq: 77 rg: 50 | total time: 283.94m | eta: 192.3m
step 03325/05568 (59.72%) | loss: 2.513045 | lrm: 0.64 | dt: 5255.06ms | tok/sec: 199,536 | bf16_mfu: 48.17 | epoch: 1 pq: 77 rg: 52 | total time: 284.02m | eta: 192.2m
step 03326/05568 (59.73%) | loss: 2.492200 | lrm: 0.64 | dt: 5155.98ms | tok/sec: 203,370 | bf16_mfu: 49.10 | epoch: 1 pq: 77 rg: 54 | total time: 284.11m | eta: 192.1m
step 03327/05568 (59.75%) | loss: 2.491643 | lrm: 0.64 | dt: 5136.95ms | tok/sec: 204,124 | bf16_mfu: 49.28 | epoch: 1 pq: 77 rg: 56 | total time: 284.20m | eta: 192.0m
step 03328/05568 (59.77%) | loss: 2.493532 | lrm: 0.64 | dt: 5154.54ms | tok/sec: 203,427 | bf16_mfu: 49.11 | epoch: 1 pq: 77 rg: 56 | total time: 284.28m | eta: 191.9m
step 03329/05568 (59.79%) | loss: 2.515422 | lrm: 0.64 | dt: 5214.16ms | tok/sec: 201,101 | bf16_mfu: 48.55 | epoch: 1 pq: 77 rg: 58 | total time: 284.37m | eta: 191.8m
step 03330/05568 (59.81%) | loss: 2.502692 | lrm: 0.64 | dt: 5148.02ms | tok/sec: 203,685 | bf16_mfu: 49.17 | epoch: 1 pq: 77 rg: 60 | total time: 284.45m | eta: 191.7m
step 03331/05568 (59.82%) | loss: 2.513469 | lrm: 0.64 | dt: 5173.14ms | tok/sec: 202,696 | bf16_mfu: 48.93 | epoch: 1 pq: 77 rg: 62 | total time: 284.54m | eta: 191.7m
step 03332/05568 (59.84%) | loss: 2.527131 | lrm: 0.64 | dt: 5156.74ms | tok/sec: 203,340 | bf16_mfu: 49.09 | epoch: 1 pq: 77 rg: 64 | total time: 284.63m | eta: 191.6m
step 03333/05568 (59.86%) | loss: 2.514424 | lrm: 0.64 | dt: 5125.08ms | tok/sec: 204,597 | bf16_mfu: 49.39 | epoch: 1 pq: 77 rg: 66 | total time: 284.71m | eta: 191.5m
step 03334/05568 (59.88%) | loss: 2.514609 | lrm: 0.64 | dt: 5113.59ms | tok/sec: 205,056 | bf16_mfu: 49.50 | epoch: 1 pq: 77 rg: 68 | total time: 284.80m | eta: 191.4m
step 03335/05568 (59.90%) | loss: 2.508279 | lrm: 0.64 | dt: 5245.19ms | tok/sec: 199,911 | bf16_mfu: 48.26 | epoch: 1 pq: 77 rg: 70 | total time: 284.88m | eta: 191.3m
step 03336/05568 (59.91%) | loss: 2.510097 | lrm: 0.64 | dt: 5131.31ms | tok/sec: 204,348 | bf16_mfu: 49.33 | epoch: 1 pq: 77 rg: 72 | total time: 284.97m | eta: 191.2m
step 03337/05568 (59.93%) | loss: 2.504411 | lrm: 0.64 | dt: 5124.06ms | tok/sec: 204,637 | bf16_mfu: 49.40 | epoch: 1 pq: 77 rg: 74 | total time: 285.06m | eta: 191.2m
step 03338/05568 (59.95%) | loss: 2.503855 | lrm: 0.64 | dt: 5111.59ms | tok/sec: 205,136 | bf16_mfu: 49.52 | epoch: 1 pq: 77 rg: 76 | total time: 285.14m | eta: 191.1m
step 03339/05568 (59.97%) | loss: 2.522031 | lrm: 0.64 | dt: 5148.25ms | tok/sec: 203,676 | bf16_mfu: 49.17 | epoch: 1 pq: 77 rg: 78 | total time: 285.23m | eta: 191.0m
step 03340/05568 (59.99%) | loss: 2.518155 | lrm: 0.63 | dt: 5112.74ms | tok/sec: 205,090 | bf16_mfu: 49.51 | epoch: 1 pq: 77 rg: 80 | total time: 285.31m | eta: 190.9m
step 03341/05568 (60.00%) | loss: 2.524462 | lrm: 0.63 | dt: 5115.38ms | tok/sec: 204,985 | bf16_mfu: 49.49 | epoch: 1 pq: 78 rg: 0 | total time: 285.40m | eta: 190.8m
step 03342/05568 (60.02%) | loss: 2.508073 | lrm: 0.63 | dt: 5124.87ms | tok/sec: 204,605 | bf16_mfu: 49.40 | epoch: 1 pq: 78 rg: 2 | total time: 285.48m | eta: 190.7m
step 03343/05568 (60.04%) | loss: 2.507588 | lrm: 0.63 | dt: 5114.16ms | tok/sec: 205,034 | bf16_mfu: 49.50 | epoch: 1 pq: 78 rg: 4 | total time: 285.57m | eta: 190.6m
step 03344/05568 (60.06%) | loss: 2.518074 | lrm: 0.63 | dt: 5167.82ms | tok/sec: 202,905 | bf16_mfu: 48.98 | epoch: 1 pq: 78 rg: 6 | total time: 285.65m | eta: 190.5m
step 03345/05568 (60.08%) | loss: 2.521603 | lrm: 0.63 | dt: 5129.49ms | tok/sec: 204,421 | bf16_mfu: 49.35 | epoch: 1 pq: 78 rg: 8 | total time: 285.74m | eta: 190.5m
step 03346/05568 (60.09%) | loss: 2.505288 | lrm: 0.63 | dt: 5115.86ms | tok/sec: 204,965 | bf16_mfu: 49.48 | epoch: 1 pq: 78 rg: 10 | total time: 285.82m | eta: 190.4m
step 03347/05568 (60.11%) | loss: 2.494457 | lrm: 0.63 | dt: 5157.84ms | tok/sec: 203,297 | bf16_mfu: 49.08 | epoch: 1 pq: 78 rg: 12 | total time: 285.91m | eta: 190.3m
step 03348/05568 (60.13%) | loss: 2.485831 | lrm: 0.63 | dt: 5338.57ms | tok/sec: 196,415 | bf16_mfu: 47.42 | epoch: 1 pq: 78 rg: 14 | total time: 286.00m | eta: 190.2m
step 03349/05568 (60.15%) | loss: 2.477989 | lrm: 0.63 | dt: 5137.36ms | tok/sec: 204,107 | bf16_mfu: 49.28 | epoch: 1 pq: 78 rg: 16 | total time: 286.08m | eta: 190.1m
step 03350/05568 (60.17%) | loss: 2.468969 | lrm: 0.63 | dt: 5132.49ms | tok/sec: 204,301 | bf16_mfu: 49.32 | epoch: 1 pq: 78 rg: 18 | total time: 286.17m | eta: 190.0m
step 03351/05568 (60.18%) | loss: 2.464908 | lrm: 0.63 | dt: 5111.87ms | tok/sec: 205,125 | bf16_mfu: 49.52 | epoch: 1 pq: 78 rg: 20 | total time: 286.26m | eta: 190.0m
step 03352/05568 (60.20%) | loss: 2.458537 | lrm: 0.63 | dt: 5174.79ms | tok/sec: 202,631 | bf16_mfu: 48.92 | epoch: 1 pq: 78 rg: 22 | total time: 286.34m | eta: 189.9m
step 03353/05568 (60.22%) | loss: 2.460579 | lrm: 0.63 | dt: 5163.11ms | tok/sec: 203,089 | bf16_mfu: 49.03 | epoch: 1 pq: 78 rg: 24 | total time: 286.43m | eta: 189.8m
step 03354/05568 (60.24%) | loss: 2.465585 | lrm: 0.63 | dt: 5254.10ms | tok/sec: 199,572 | bf16_mfu: 48.18 | epoch: 1 pq: 78 rg: 26 | total time: 286.52m | eta: 189.7m
step 03355/05568 (60.26%) | loss: 2.474574 | lrm: 0.63 | dt: 5323.67ms | tok/sec: 196,964 | bf16_mfu: 47.55 | epoch: 1 pq: 78 rg: 28 | total time: 286.60m | eta: 189.6m
step 03356/05568 (60.27%) | loss: 2.468418 | lrm: 0.63 | dt: 5652.41ms | tok/sec: 185,509 | bf16_mfu: 44.79 | epoch: 1 pq: 78 rg: 30 | total time: 286.70m | eta: 189.5m
step 03357/05568 (60.29%) | loss: 2.474341 | lrm: 0.63 | dt: 8276.77ms | tok/sec: 126,689 | bf16_mfu: 30.58 | epoch: 1 pq: 78 rg: 32 | total time: 286.84m | eta: 189.5m
step 03358/05568 (60.31%) | loss: 2.473965 | lrm: 0.63 | dt: 5034.96ms | tok/sec: 208,259 | bf16_mfu: 50.28 | epoch: 1 pq: 78 rg: 34 | total time: 286.92m | eta: 189.4m
step 03359/05568 (60.33%) | loss: 2.474240 | lrm: 0.63 | dt: 5090.23ms | tok/sec: 205,997 | bf16_mfu: 49.73 | epoch: 1 pq: 78 rg: 36 | total time: 287.01m | eta: 189.3m
step 03360/05568 (60.34%) | loss: 2.463728 | lrm: 0.63 | dt: 5159.17ms | tok/sec: 203,245 | bf16_mfu: 49.07 | epoch: 1 pq: 78 rg: 38 | total time: 287.09m | eta: 189.2m
step 03361/05568 (60.36%) | loss: 2.479410 | lrm: 0.63 | dt: 5135.54ms | tok/sec: 204,180 | bf16_mfu: 49.29 | epoch: 1 pq: 78 rg: 40 | total time: 287.18m | eta: 189.1m
step 03362/05568 (60.38%) | loss: 2.489230 | lrm: 0.63 | dt: 5148.05ms | tok/sec: 203,684 | bf16_mfu: 49.17 | epoch: 1 pq: 78 rg: 40 | total time: 287.26m | eta: 189.1m
step 03363/05568 (60.40%) | loss: 2.489340 | lrm: 0.63 | dt: 5158.32ms | tok/sec: 203,278 | bf16_mfu: 49.07 | epoch: 1 pq: 78 rg: 42 | total time: 287.35m | eta: 189.0m
step 03364/05568 (60.42%) | loss: 2.489467 | lrm: 0.63 | dt: 5139.59ms | tok/sec: 204,019 | bf16_mfu: 49.25 | epoch: 1 pq: 78 rg: 44 | total time: 287.43m | eta: 188.9m
step 03365/05568 (60.43%) | loss: 2.494720 | lrm: 0.63 | dt: 5175.73ms | tok/sec: 202,594 | bf16_mfu: 48.91 | epoch: 1 pq: 78 rg: 46 | total time: 287.52m | eta: 188.8m
step 03366/05568 (60.45%) | loss: 2.499739 | lrm: 0.63 | dt: 5163.54ms | tok/sec: 203,073 | bf16_mfu: 49.03 | epoch: 1 pq: 78 rg: 48 | total time: 287.61m | eta: 188.7m
step 03367/05568 (60.47%) | loss: 2.497088 | lrm: 0.63 | dt: 5266.38ms | tok/sec: 199,107 | bf16_mfu: 48.07 | epoch: 1 pq: 78 rg: 50 | total time: 287.69m | eta: 188.6m
step 03368/05568 (60.49%) | loss: 2.496248 | lrm: 0.63 | dt: 5133.46ms | tok/sec: 204,263 | bf16_mfu: 49.31 | epoch: 1 pq: 78 rg: 52 | total time: 287.78m | eta: 188.5m
step 03369/05568 (60.51%) | loss: 2.519716 | lrm: 0.63 | dt: 5157.50ms | tok/sec: 203,310 | bf16_mfu: 49.08 | epoch: 1 pq: 78 rg: 54 | total time: 287.87m | eta: 188.5m
step 03370/05568 (60.52%) | loss: 2.512425 | lrm: 0.63 | dt: 5138.79ms | tok/sec: 204,051 | bf16_mfu: 49.26 | epoch: 1 pq: 78 rg: 56 | total time: 287.95m | eta: 188.4m
step 03371/05568 (60.54%) | loss: 2.523263 | lrm: 0.63 | dt: 5176.90ms | tok/sec: 202,548 | bf16_mfu: 48.90 | epoch: 1 pq: 78 rg: 58 | total time: 288.04m | eta: 188.3m
step 03372/05568 (60.56%) | loss: 2.533267 | lrm: 0.63 | dt: 5172.73ms | tok/sec: 202,712 | bf16_mfu: 48.94 | epoch: 1 pq: 78 rg: 60 | total time: 288.12m | eta: 188.2m
step 03373/05568 (60.58%) | loss: 2.534782 | lrm: 0.63 | dt: 5089.34ms | tok/sec: 206,033 | bf16_mfu: 49.74 | epoch: 1 pq: 78 rg: 62 | total time: 288.21m | eta: 188.1m
step 03374/05568 (60.60%) | loss: 2.533663 | lrm: 0.63 | dt: 5191.03ms | tok/sec: 201,997 | bf16_mfu: 48.77 | epoch: 1 pq: 78 rg: 64 | total time: 288.30m | eta: 188.0m
step 03375/05568 (60.61%) | loss: 2.528000 | lrm: 0.63 | dt: 5147.88ms | tok/sec: 203,690 | bf16_mfu: 49.17 | epoch: 1 pq: 78 rg: 66 | total time: 288.38m | eta: 187.9m
step 03376/05568 (60.63%) | loss: 2.552519 | lrm: 0.63 | dt: 5161.36ms | tok/sec: 203,158 | bf16_mfu: 49.05 | epoch: 1 pq: 78 rg: 68 | total time: 288.47m | eta: 187.9m
step 03377/05568 (60.65%) | loss: 2.537050 | lrm: 0.63 | dt: 5173.79ms | tok/sec: 202,670 | bf16_mfu: 48.93 | epoch: 1 pq: 78 rg: 70 | total time: 288.55m | eta: 187.8m
step 03378/05568 (60.67%) | loss: 2.538579 | lrm: 0.62 | dt: 5182.04ms | tok/sec: 202,348 | bf16_mfu: 48.85 | epoch: 1 pq: 78 rg: 72 | total time: 288.64m | eta: 187.7m
step 03379/05568 (60.69%) | loss: 2.541823 | lrm: 0.62 | dt: 5114.31ms | tok/sec: 205,027 | bf16_mfu: 49.50 | epoch: 1 pq: 78 rg: 74 | total time: 288.72m | eta: 187.6m
step 03380/05568 (60.70%) | loss: 2.560448 | lrm: 0.62 | dt: 5170.96ms | tok/sec: 202,781 | bf16_mfu: 48.95 | epoch: 1 pq: 78 rg: 76 | total time: 288.81m | eta: 187.5m
step 03381/05568 (60.72%) | loss: 2.562720 | lrm: 0.62 | dt: 5145.89ms | tok/sec: 203,769 | bf16_mfu: 49.19 | epoch: 1 pq: 78 rg: 78 | total time: 288.90m | eta: 187.4m
step 03382/05568 (60.74%) | loss: 2.554275 | lrm: 0.62 | dt: 5117.60ms | tok/sec: 204,896 | bf16_mfu: 49.47 | epoch: 1 pq: 78 rg: 80 | total time: 288.98m | eta: 187.3m
step 03383/05568 (60.76%) | loss: 2.533634 | lrm: 0.62 | dt: 5155.41ms | tok/sec: 203,393 | bf16_mfu: 49.10 | epoch: 1 pq: 78 rg: 82 | total time: 289.07m | eta: 187.3m
step 03384/05568 (60.78%) | loss: 2.523887 | lrm: 0.62 | dt: 5160.56ms | tok/sec: 203,190 | bf16_mfu: 49.05 | epoch: 1 pq: 79 rg: 0 | total time: 289.15m | eta: 187.2m
step 03385/05568 (60.79%) | loss: 2.516877 | lrm: 0.62 | dt: 5146.47ms | tok/sec: 203,746 | bf16_mfu: 49.19 | epoch: 1 pq: 79 rg: 2 | total time: 289.24m | eta: 187.1m
step 03386/05568 (60.81%) | loss: 2.521681 | lrm: 0.62 | dt: 5147.84ms | tok/sec: 203,692 | bf16_mfu: 49.17 | epoch: 1 pq: 79 rg: 4 | total time: 289.33m | eta: 187.0m
step 03387/05568 (60.83%) | loss: 2.515453 | lrm: 0.62 | dt: 5116.16ms | tok/sec: 204,953 | bf16_mfu: 49.48 | epoch: 1 pq: 79 rg: 6 | total time: 289.41m | eta: 186.9m
step 03388/05568 (60.85%) | loss: 2.503914 | lrm: 0.62 | dt: 5152.11ms | tok/sec: 203,523 | bf16_mfu: 49.13 | epoch: 1 pq: 79 rg: 8 | total time: 289.50m | eta: 186.8m
step 03389/05568 (60.87%) | loss: 2.508970 | lrm: 0.62 | dt: 5143.18ms | tok/sec: 203,876 | bf16_mfu: 49.22 | epoch: 1 pq: 79 rg: 10 | total time: 289.58m | eta: 186.7m
step 03390/05568 (60.88%) | loss: 2.492067 | lrm: 0.62 | dt: 5298.20ms | tok/sec: 197,911 | bf16_mfu: 47.78 | epoch: 1 pq: 79 rg: 12 | total time: 289.67m | eta: 186.7m
step 03391/05568 (60.90%) | loss: 2.504074 | lrm: 0.62 | dt: 5139.54ms | tok/sec: 204,021 | bf16_mfu: 49.25 | epoch: 1 pq: 79 rg: 14 | total time: 289.76m | eta: 186.6m
step 03392/05568 (60.92%) | loss: 2.493454 | lrm: 0.62 | dt: 5112.05ms | tok/sec: 205,118 | bf16_mfu: 49.52 | epoch: 1 pq: 79 rg: 16 | total time: 289.84m | eta: 186.5m
step 03393/05568 (60.94%) | loss: 2.503239 | lrm: 0.62 | dt: 5150.30ms | tok/sec: 203,595 | bf16_mfu: 49.15 | epoch: 1 pq: 79 rg: 18 | total time: 289.93m | eta: 186.4m
step 03394/05568 (60.96%) | loss: 2.515742 | lrm: 0.62 | dt: 5140.31ms | tok/sec: 203,990 | bf16_mfu: 49.25 | epoch: 1 pq: 79 rg: 20 | total time: 290.01m | eta: 186.3m
step 03395/05568 (60.97%) | loss: 2.505776 | lrm: 0.62 | dt: 5151.30ms | tok/sec: 203,555 | bf16_mfu: 49.14 | epoch: 1 pq: 79 rg: 22 | total time: 290.10m | eta: 186.2m
step 03396/05568 (60.99%) | loss: 2.499384 | lrm: 0.62 | dt: 5178.44ms | tok/sec: 202,488 | bf16_mfu: 48.88 | epoch: 1 pq: 79 rg: 24 | total time: 290.19m | eta: 186.1m
step 03397/05568 (61.01%) | loss: 2.507757 | lrm: 0.62 | dt: 5142.04ms | tok/sec: 203,922 | bf16_mfu: 49.23 | epoch: 1 pq: 79 rg: 24 | total time: 290.27m | eta: 186.1m
step 03398/05568 (61.03%) | loss: 2.501627 | lrm: 0.62 | dt: 5175.07ms | tok/sec: 202,620 | bf16_mfu: 48.92 | epoch: 1 pq: 79 rg: 26 | total time: 290.36m | eta: 186.0m
step 03399/05568 (61.05%) | loss: 2.505929 | lrm: 0.62 | dt: 5159.57ms | tok/sec: 203,229 | bf16_mfu: 49.06 | epoch: 1 pq: 79 rg: 28 | total time: 290.44m | eta: 185.9m
step 03400/05568 (61.06%) | loss: 2.504628 | lrm: 0.62 | dt: 4851.26ms | tok/sec: 216,145 | bf16_mfu: 52.18 | epoch: 1 pq: 79 rg: 30 | total time: 290.52m | eta: 185.8m
step 03401/05568 (61.08%) | loss: 2.496127 | lrm: 0.62 | dt: 5108.51ms | tok/sec: 205,260 | bf16_mfu: 49.55 | epoch: 1 pq: 79 rg: 32 | total time: 290.61m | eta: 185.7m
step 03402/05568 (61.10%) | loss: 2.478949 | lrm: 0.62 | dt: 5071.77ms | tok/sec: 206,747 | bf16_mfu: 49.91 | epoch: 1 pq: 79 rg: 34 | total time: 290.69m | eta: 185.6m
step 03403/05568 (61.12%) | loss: 2.504313 | lrm: 0.62 | dt: 5057.72ms | tok/sec: 207,322 | bf16_mfu: 50.05 | epoch: 1 pq: 79 rg: 36 | total time: 290.78m | eta: 185.5m
step 03404/05568 (61.14%) | loss: 2.497402 | lrm: 0.62 | dt: 5148.00ms | tok/sec: 203,685 | bf16_mfu: 49.17 | epoch: 1 pq: 79 rg: 38 | total time: 290.86m | eta: 185.5m
step 03405/05568 (61.15%) | loss: 2.500941 | lrm: 0.62 | dt: 5190.64ms | tok/sec: 202,012 | bf16_mfu: 48.77 | epoch: 1 pq: 79 rg: 40 | total time: 290.95m | eta: 185.4m
step 03406/05568 (61.17%) | loss: 2.495586 | lrm: 0.62 | dt: 5152.45ms | tok/sec: 203,510 | bf16_mfu: 49.13 | epoch: 1 pq: 79 rg: 42 | total time: 291.04m | eta: 185.3m
step 03407/05568 (61.19%) | loss: 2.499754 | lrm: 0.62 | dt: 5141.47ms | tok/sec: 203,944 | bf16_mfu: 49.24 | epoch: 1 pq: 79 rg: 44 | total time: 291.12m | eta: 185.2m
step 03408/05568 (61.21%) | loss: 2.506659 | lrm: 0.62 | dt: 5140.54ms | tok/sec: 203,981 | bf16_mfu: 49.24 | epoch: 1 pq: 79 rg: 46 | total time: 291.21m | eta: 185.1m
step 03409/05568 (61.22%) | loss: 2.502968 | lrm: 0.62 | dt: 5127.02ms | tok/sec: 204,519 | bf16_mfu: 49.37 | epoch: 1 pq: 79 rg: 48 | total time: 291.29m | eta: 185.0m
step 03410/05568 (61.24%) | loss: 2.502214 | lrm: 0.62 | dt: 5128.49ms | tok/sec: 204,460 | bf16_mfu: 49.36 | epoch: 1 pq: 79 rg: 50 | total time: 291.38m | eta: 184.9m
step 03411/05568 (61.26%) | loss: 2.521336 | lrm: 0.62 | dt: 5181.55ms | tok/sec: 202,367 | bf16_mfu: 48.85 | epoch: 1 pq: 79 rg: 52 | total time: 291.46m | eta: 184.9m
step 03412/05568 (61.28%) | loss: 2.516036 | lrm: 0.62 | dt: 5140.47ms | tok/sec: 203,984 | bf16_mfu: 49.25 | epoch: 1 pq: 79 rg: 54 | total time: 291.55m | eta: 184.8m
step 03413/05568 (61.30%) | loss: 2.515913 | lrm: 0.62 | dt: 5136.09ms | tok/sec: 204,158 | bf16_mfu: 49.29 | epoch: 1 pq: 79 rg: 56 | total time: 291.64m | eta: 184.7m
step 03414/05568 (61.31%) | loss: 2.529191 | lrm: 0.62 | dt: 5151.94ms | tok/sec: 203,530 | bf16_mfu: 49.14 | epoch: 1 pq: 79 rg: 58 | total time: 291.72m | eta: 184.6m
step 03415/05568 (61.33%) | loss: 2.514441 | lrm: 0.62 | dt: 5142.61ms | tok/sec: 203,899 | bf16_mfu: 49.22 | epoch: 1 pq: 79 rg: 60 | total time: 291.81m | eta: 184.5m
step 03416/05568 (61.35%) | loss: 2.516358 | lrm: 0.61 | dt: 5222.94ms | tok/sec: 200,763 | bf16_mfu: 48.47 | epoch: 1 pq: 79 rg: 62 | total time: 291.89m | eta: 184.4m
step 03417/05568 (61.37%) | loss: 2.533414 | lrm: 0.61 | dt: 5120.43ms | tok/sec: 204,782 | bf16_mfu: 49.44 | epoch: 1 pq: 79 rg: 64 | total time: 291.98m | eta: 184.3m
step 03418/05568 (61.39%) | loss: 2.552577 | lrm: 0.61 | dt: 5152.06ms | tok/sec: 203,525 | bf16_mfu: 49.13 | epoch: 1 pq: 79 rg: 66 | total time: 292.07m | eta: 184.3m
step 03419/05568 (61.40%) | loss: 2.540486 | lrm: 0.61 | dt: 5117.02ms | tok/sec: 204,919 | bf16_mfu: 49.47 | epoch: 1 pq: 79 rg: 68 | total time: 292.15m | eta: 184.2m
step 03420/05568 (61.42%) | loss: 2.538434 | lrm: 0.61 | dt: 5088.41ms | tok/sec: 206,071 | bf16_mfu: 49.75 | epoch: 1 pq: 79 rg: 70 | total time: 292.24m | eta: 184.1m
step 03421/05568 (61.44%) | loss: 2.547415 | lrm: 0.61 | dt: 5185.46ms | tok/sec: 202,214 | bf16_mfu: 48.82 | epoch: 1 pq: 79 rg: 72 | total time: 292.32m | eta: 184.0m
step 03422/05568 (61.46%) | loss: 2.553802 | lrm: 0.61 | dt: 5117.21ms | tok/sec: 204,911 | bf16_mfu: 49.47 | epoch: 1 pq: 79 rg: 74 | total time: 292.41m | eta: 183.9m
step 03423/05568 (61.48%) | loss: 2.543465 | lrm: 0.61 | dt: 5101.49ms | tok/sec: 205,543 | bf16_mfu: 49.62 | epoch: 1 pq: 79 rg: 76 | total time: 292.49m | eta: 183.8m
step 03424/05568 (61.49%) | loss: 2.534306 | lrm: 0.61 | dt: 5092.27ms | tok/sec: 205,915 | bf16_mfu: 49.71 | epoch: 1 pq: 79 rg: 76 | total time: 292.58m | eta: 183.7m
step 03425/05568 (61.51%) | loss: 2.523623 | lrm: 0.61 | dt: 5176.74ms | tok/sec: 202,555 | bf16_mfu: 48.90 | epoch: 1 pq: 79 rg: 78 | total time: 292.66m | eta: 183.7m
step 03426/05568 (61.53%) | loss: 2.524058 | lrm: 0.61 | dt: 5296.43ms | tok/sec: 197,977 | bf16_mfu: 47.80 | epoch: 1 pq: 79 rg: 80 | total time: 292.75m | eta: 183.6m
step 03427/05568 (61.55%) | loss: 2.525975 | lrm: 0.61 | dt: 5217.12ms | tok/sec: 200,987 | bf16_mfu: 48.52 | epoch: 1 pq: 80 rg: 0 | total time: 292.84m | eta: 183.5m
step 03428/05568 (61.57%) | loss: 2.520587 | lrm: 0.61 | dt: 5134.64ms | tok/sec: 204,215 | bf16_mfu: 49.30 | epoch: 1 pq: 80 rg: 2 | total time: 292.92m | eta: 183.4m
step 03429/05568 (61.58%) | loss: 2.505039 | lrm: 0.61 | dt: 5158.80ms | tok/sec: 203,259 | bf16_mfu: 49.07 | epoch: 1 pq: 80 rg: 4 | total time: 293.01m | eta: 183.3m
step 03430/05568 (61.60%) | loss: 2.491811 | lrm: 0.61 | dt: 5186.70ms | tok/sec: 202,166 | bf16_mfu: 48.81 | epoch: 1 pq: 80 rg: 6 | total time: 293.10m | eta: 183.2m
step 03431/05568 (61.62%) | loss: 2.498646 | lrm: 0.61 | dt: 5109.72ms | tok/sec: 205,212 | bf16_mfu: 49.54 | epoch: 1 pq: 80 rg: 8 | total time: 293.18m | eta: 183.1m
step 03432/05568 (61.64%) | loss: 2.498936 | lrm: 0.61 | dt: 5096.06ms | tok/sec: 205,762 | bf16_mfu: 49.67 | epoch: 1 pq: 80 rg: 10 | total time: 293.27m | eta: 183.1m
step 03433/05568 (61.66%) | loss: 2.504847 | lrm: 0.61 | dt: 5107.45ms | tok/sec: 205,303 | bf16_mfu: 49.56 | epoch: 1 pq: 80 rg: 12 | total time: 293.35m | eta: 183.0m
step 03434/05568 (61.67%) | loss: 2.501866 | lrm: 0.61 | dt: 5180.89ms | tok/sec: 202,392 | bf16_mfu: 48.86 | epoch: 1 pq: 80 rg: 14 | total time: 293.44m | eta: 182.9m
step 03435/05568 (61.69%) | loss: 2.506366 | lrm: 0.61 | dt: 5126.65ms | tok/sec: 204,534 | bf16_mfu: 49.38 | epoch: 1 pq: 80 rg: 16 | total time: 293.52m | eta: 182.8m
step 03436/05568 (61.71%) | loss: 2.501166 | lrm: 0.61 | dt: 5174.11ms | tok/sec: 202,658 | bf16_mfu: 48.93 | epoch: 1 pq: 80 rg: 18 | total time: 293.61m | eta: 182.7m
step 03437/05568 (61.73%) | loss: 2.494021 | lrm: 0.61 | dt: 5127.29ms | tok/sec: 204,508 | bf16_mfu: 49.37 | epoch: 1 pq: 80 rg: 20 | total time: 293.70m | eta: 182.6m
step 03438/05568 (61.75%) | loss: 2.480432 | lrm: 0.61 | dt: 5112.51ms | tok/sec: 205,100 | bf16_mfu: 49.51 | epoch: 1 pq: 80 rg: 22 | total time: 293.78m | eta: 182.5m
step 03439/05568 (61.76%) | loss: 2.467952 | lrm: 0.61 | dt: 5156.18ms | tok/sec: 203,362 | bf16_mfu: 49.10 | epoch: 1 pq: 80 rg: 24 | total time: 293.87m | eta: 182.5m
step 03440/05568 (61.78%) | loss: 2.468798 | lrm: 0.61 | dt: 5151.07ms | tok/sec: 203,564 | bf16_mfu: 49.14 | epoch: 1 pq: 80 rg: 26 | total time: 293.95m | eta: 182.4m
step 03441/05568 (61.80%) | loss: 2.472131 | lrm: 0.61 | dt: 5136.02ms | tok/sec: 204,161 | bf16_mfu: 49.29 | epoch: 1 pq: 80 rg: 28 | total time: 294.04m | eta: 182.3m
step 03442/05568 (61.82%) | loss: 2.480124 | lrm: 0.61 | dt: 5149.07ms | tok/sec: 203,643 | bf16_mfu: 49.16 | epoch: 1 pq: 80 rg: 30 | total time: 294.12m | eta: 182.2m
step 03443/05568 (61.84%) | loss: 2.491075 | lrm: 0.61 | dt: 5175.23ms | tok/sec: 202,614 | bf16_mfu: 48.91 | epoch: 1 pq: 80 rg: 32 | total time: 294.21m | eta: 182.1m
step 03444/05568 (61.85%) | loss: 2.495358 | lrm: 0.61 | dt: 5175.10ms | tok/sec: 202,619 | bf16_mfu: 48.92 | epoch: 1 pq: 80 rg: 34 | total time: 294.30m | eta: 182.0m
step 03445/05568 (61.87%) | loss: 2.502185 | lrm: 0.61 | dt: 5150.64ms | tok/sec: 203,581 | bf16_mfu: 49.15 | epoch: 1 pq: 80 rg: 36 | total time: 294.38m | eta: 181.9m
step 03446/05568 (61.89%) | loss: 2.475396 | lrm: 0.61 | dt: 5149.73ms | tok/sec: 203,617 | bf16_mfu: 49.16 | epoch: 1 pq: 80 rg: 38 | total time: 294.47m | eta: 181.9m
step 03447/05568 (61.91%) | loss: 2.487341 | lrm: 0.61 | dt: 5128.57ms | tok/sec: 204,457 | bf16_mfu: 49.36 | epoch: 1 pq: 80 rg: 40 | total time: 294.55m | eta: 181.8m
step 03448/05568 (61.93%) | loss: 2.509846 | lrm: 0.61 | dt: 5118.86ms | tok/sec: 204,845 | bf16_mfu: 49.45 | epoch: 1 pq: 80 rg: 42 | total time: 294.64m | eta: 181.7m
step 03449/05568 (61.94%) | loss: 2.500083 | lrm: 0.61 | dt: 5107.69ms | tok/sec: 205,293 | bf16_mfu: 49.56 | epoch: 1 pq: 80 rg: 44 | total time: 294.72m | eta: 181.6m
step 03450/05568 (61.96%) | loss: 2.483811 | lrm: 0.61 | dt: 5107.99ms | tok/sec: 205,281 | bf16_mfu: 49.56 | epoch: 1 pq: 80 rg: 46 | total time: 294.81m | eta: 181.5m
step 03451/05568 (61.98%) | loss: 2.468887 | lrm: 0.61 | dt: 5168.94ms | tok/sec: 202,861 | bf16_mfu: 48.97 | epoch: 1 pq: 80 rg: 48 | total time: 294.90m | eta: 181.4m
step 03452/05568 (62.00%) | loss: 2.469232 | lrm: 0.61 | dt: 5098.30ms | tok/sec: 205,671 | bf16_mfu: 49.65 | epoch: 1 pq: 80 rg: 50 | total time: 294.98m | eta: 181.3m
step 03453/05568 (62.02%) | loss: 2.468341 | lrm: 0.61 | dt: 5167.57ms | tok/sec: 202,914 | bf16_mfu: 48.99 | epoch: 1 pq: 80 rg: 52 | total time: 295.07m | eta: 181.3m
step 03454/05568 (62.03%) | loss: 2.468948 | lrm: 0.60 | dt: 5134.91ms | tok/sec: 204,205 | bf16_mfu: 49.30 | epoch: 1 pq: 80 rg: 54 | total time: 295.15m | eta: 181.2m
step 03455/05568 (62.05%) | loss: 2.484814 | lrm: 0.60 | dt: 5180.21ms | tok/sec: 202,419 | bf16_mfu: 48.87 | epoch: 1 pq: 80 rg: 56 | total time: 295.24m | eta: 181.1m
step 03456/05568 (62.07%) | loss: 2.460121 | lrm: 0.60 | dt: 5179.95ms | tok/sec: 202,429 | bf16_mfu: 48.87 | epoch: 1 pq: 80 rg: 58 | total time: 295.33m | eta: 181.0m
step 03457/05568 (62.09%) | loss: 2.451790 | lrm: 0.60 | dt: 5208.84ms | tok/sec: 201,306 | bf16_mfu: 48.60 | epoch: 1 pq: 80 rg: 60 | total time: 295.41m | eta: 180.9m
step 03458/05568 (62.10%) | loss: 2.447864 | lrm: 0.60 | dt: 5171.39ms | tok/sec: 202,764 | bf16_mfu: 48.95 | epoch: 1 pq: 80 rg: 62 | total time: 295.50m | eta: 180.8m
step 03459/05568 (62.12%) | loss: 2.444247 | lrm: 0.60 | dt: 5121.05ms | tok/sec: 204,757 | bf16_mfu: 49.43 | epoch: 1 pq: 80 rg: 64 | total time: 295.58m | eta: 180.7m
step 03460/05568 (62.14%) | loss: 2.437696 | lrm: 0.60 | dt: 5107.25ms | tok/sec: 205,311 | bf16_mfu: 49.57 | epoch: 1 pq: 80 rg: 64 | total time: 295.67m | eta: 180.7m
step 03461/05568 (62.16%) | loss: 2.443283 | lrm: 0.60 | dt: 5176.64ms | tok/sec: 202,559 | bf16_mfu: 48.90 | epoch: 1 pq: 80 rg: 66 | total time: 295.75m | eta: 180.6m
step 03462/05568 (62.18%) | loss: 2.452842 | lrm: 0.60 | dt: 5158.13ms | tok/sec: 203,286 | bf16_mfu: 49.08 | epoch: 1 pq: 80 rg: 68 | total time: 295.84m | eta: 180.5m
step 03463/05568 (62.19%) | loss: 2.453913 | lrm: 0.60 | dt: 5138.41ms | tok/sec: 204,066 | bf16_mfu: 49.27 | epoch: 1 pq: 80 rg: 70 | total time: 295.93m | eta: 180.4m
step 03464/05568 (62.21%) | loss: 2.444405 | lrm: 0.60 | dt: 5104.39ms | tok/sec: 205,426 | bf16_mfu: 49.59 | epoch: 1 pq: 80 rg: 72 | total time: 296.01m | eta: 180.3m
step 03465/05568 (62.23%) | loss: 2.439777 | lrm: 0.60 | dt: 5102.00ms | tok/sec: 205,522 | bf16_mfu: 49.62 | epoch: 1 pq: 80 rg: 74 | total time: 296.10m | eta: 180.2m
step 03466/05568 (62.25%) | loss: 2.434934 | lrm: 0.60 | dt: 5143.69ms | tok/sec: 203,856 | bf16_mfu: 49.21 | epoch: 1 pq: 80 rg: 76 | total time: 296.18m | eta: 180.1m
step 03467/05568 (62.27%) | loss: 2.444008 | lrm: 0.60 | dt: 5145.22ms | tok/sec: 203,796 | bf16_mfu: 49.20 | epoch: 1 pq: 80 rg: 78 | total time: 296.27m | eta: 180.1m
step 03468/05568 (62.28%) | loss: 2.448803 | lrm: 0.60 | dt: 5393.50ms | tok/sec: 194,414 | bf16_mfu: 46.93 | epoch: 1 pq: 80 rg: 80 | total time: 296.36m | eta: 180.0m
step 03469/05568 (62.30%) | loss: 2.442829 | lrm: 0.60 | dt: 5208.22ms | tok/sec: 201,330 | bf16_mfu: 48.60 | epoch: 1 pq: 80 rg: 82 | total time: 296.44m | eta: 179.9m
step 03470/05568 (62.32%) | loss: 2.451394 | lrm: 0.60 | dt: 5223.36ms | tok/sec: 200,747 | bf16_mfu: 48.46 | epoch: 1 pq: 81 rg: 0 | total time: 296.53m | eta: 179.8m
step 03471/05568 (62.34%) | loss: 2.459747 | lrm: 0.60 | dt: 7039.63ms | tok/sec: 148,953 | bf16_mfu: 35.96 | epoch: 1 pq: 81 rg: 2 | total time: 296.65m | eta: 179.7m
step 03472/05568 (62.36%) | loss: 2.477952 | lrm: 0.60 | dt: 5085.28ms | tok/sec: 206,198 | bf16_mfu: 49.78 | epoch: 1 pq: 81 rg: 4 | total time: 296.73m | eta: 179.7m
step 03473/05568 (62.37%) | loss: 2.491485 | lrm: 0.60 | dt: 5440.08ms | tok/sec: 192,750 | bf16_mfu: 46.53 | epoch: 1 pq: 81 rg: 6 | total time: 296.82m | eta: 179.6m
step 03474/05568 (62.39%) | loss: 2.489815 | lrm: 0.60 | dt: 5136.88ms | tok/sec: 204,127 | bf16_mfu: 49.28 | epoch: 1 pq: 81 rg: 8 | total time: 296.91m | eta: 179.5m
step 03475/05568 (62.41%) | loss: 2.493343 | lrm: 0.60 | dt: 5151.79ms | tok/sec: 203,536 | bf16_mfu: 49.14 | epoch: 1 pq: 81 rg: 10 | total time: 297.00m | eta: 179.4m
step 03476/05568 (62.43%) | loss: 2.494114 | lrm: 0.60 | dt: 5153.47ms | tok/sec: 203,469 | bf16_mfu: 49.12 | epoch: 1 pq: 81 rg: 12 | total time: 297.08m | eta: 179.3m
step 03477/05568 (62.45%) | loss: 2.488570 | lrm: 0.60 | dt: 5168.60ms | tok/sec: 202,874 | bf16_mfu: 48.98 | epoch: 1 pq: 81 rg: 14 | total time: 297.17m | eta: 179.2m
step 03478/05568 (62.46%) | loss: 2.495221 | lrm: 0.60 | dt: 5179.20ms | tok/sec: 202,459 | bf16_mfu: 48.88 | epoch: 1 pq: 81 rg: 16 | total time: 297.25m | eta: 179.1m
step 03479/05568 (62.48%) | loss: 2.490210 | lrm: 0.60 | dt: 5114.89ms | tok/sec: 205,004 | bf16_mfu: 49.49 | epoch: 1 pq: 81 rg: 18 | total time: 297.34m | eta: 179.1m
step 03480/05568 (62.50%) | loss: 2.485240 | lrm: 0.60 | dt: 5167.59ms | tok/sec: 202,914 | bf16_mfu: 48.99 | epoch: 1 pq: 81 rg: 20 | total time: 297.43m | eta: 179.0m
step 03481/05568 (62.52%) | loss: 2.465698 | lrm: 0.60 | dt: 5149.08ms | tok/sec: 203,643 | bf16_mfu: 49.16 | epoch: 1 pq: 81 rg: 22 | total time: 297.51m | eta: 178.9m
step 03482/05568 (62.54%) | loss: 2.470326 | lrm: 0.60 | dt: 5319.28ms | tok/sec: 197,127 | bf16_mfu: 47.59 | epoch: 1 pq: 81 rg: 24 | total time: 297.60m | eta: 178.8m
step 03483/05568 (62.55%) | loss: 2.466155 | lrm: 0.60 | dt: 5176.84ms | tok/sec: 202,551 | bf16_mfu: 48.90 | epoch: 1 pq: 81 rg: 26 | total time: 297.69m | eta: 178.7m
step 03484/05568 (62.57%) | loss: 2.472478 | lrm: 0.60 | dt: 5175.57ms | tok/sec: 202,601 | bf16_mfu: 48.91 | epoch: 1 pq: 81 rg: 28 | total time: 297.77m | eta: 178.6m
step 03485/05568 (62.59%) | loss: 2.478127 | lrm: 0.60 | dt: 5190.35ms | tok/sec: 202,024 | bf16_mfu: 48.77 | epoch: 1 pq: 81 rg: 30 | total time: 297.86m | eta: 178.5m
step 03486/05568 (62.61%) | loss: 2.489508 | lrm: 0.60 | dt: 5152.89ms | tok/sec: 203,492 | bf16_mfu: 49.13 | epoch: 1 pq: 81 rg: 32 | total time: 297.95m | eta: 178.5m
step 03487/05568 (62.63%) | loss: 2.508725 | lrm: 0.60 | dt: 5253.71ms | tok/sec: 199,587 | bf16_mfu: 48.18 | epoch: 1 pq: 81 rg: 34 | total time: 298.03m | eta: 178.4m
step 03488/05568 (62.64%) | loss: 2.514467 | lrm: 0.60 | dt: 5160.23ms | tok/sec: 203,203 | bf16_mfu: 49.06 | epoch: 1 pq: 81 rg: 36 | total time: 298.12m | eta: 178.3m
step 03489/05568 (62.66%) | loss: 2.511555 | lrm: 0.60 | dt: 5201.74ms | tok/sec: 201,581 | bf16_mfu: 48.67 | epoch: 1 pq: 81 rg: 38 | total time: 298.21m | eta: 178.2m
step 03490/05568 (62.68%) | loss: 2.516810 | lrm: 0.60 | dt: 5183.48ms | tok/sec: 202,291 | bf16_mfu: 48.84 | epoch: 1 pq: 81 rg: 40 | total time: 298.29m | eta: 178.1m
step 03491/05568 (62.70%) | loss: 2.507232 | lrm: 0.60 | dt: 5162.36ms | tok/sec: 203,119 | bf16_mfu: 49.04 | epoch: 1 pq: 81 rg: 42 | total time: 298.38m | eta: 178.0m
step 03492/05568 (62.72%) | loss: 2.496155 | lrm: 0.59 | dt: 5187.63ms | tok/sec: 202,130 | bf16_mfu: 48.80 | epoch: 1 pq: 81 rg: 44 | total time: 298.46m | eta: 177.9m
step 03493/05568 (62.73%) | loss: 2.499169 | lrm: 0.59 | dt: 5162.38ms | tok/sec: 203,118 | bf16_mfu: 49.04 | epoch: 1 pq: 81 rg: 46 | total time: 298.55m | eta: 177.9m
step 03494/05568 (62.75%) | loss: 2.506775 | lrm: 0.59 | dt: 5118.99ms | tok/sec: 204,840 | bf16_mfu: 49.45 | epoch: 1 pq: 81 rg: 48 | total time: 298.64m | eta: 177.8m
step 03495/05568 (62.77%) | loss: 2.505232 | lrm: 0.59 | dt: 5189.57ms | tok/sec: 202,054 | bf16_mfu: 48.78 | epoch: 1 pq: 81 rg: 50 | total time: 298.72m | eta: 177.7m
step 03496/05568 (62.79%) | loss: 2.492271 | lrm: 0.59 | dt: 5219.45ms | tok/sec: 200,897 | bf16_mfu: 48.50 | epoch: 1 pq: 81 rg: 50 | total time: 298.81m | eta: 177.6m
step 03497/05568 (62.81%) | loss: 2.484245 | lrm: 0.59 | dt: 5159.45ms | tok/sec: 203,234 | bf16_mfu: 49.06 | epoch: 1 pq: 81 rg: 52 | total time: 298.90m | eta: 177.5m
step 03498/05568 (62.82%) | loss: 2.484821 | lrm: 0.59 | dt: 5120.29ms | tok/sec: 204,788 | bf16_mfu: 49.44 | epoch: 1 pq: 81 rg: 54 | total time: 298.98m | eta: 177.4m
step 03499/05568 (62.84%) | loss: 2.473969 | lrm: 0.59 | dt: 5108.14ms | tok/sec: 205,275 | bf16_mfu: 49.56 | epoch: 1 pq: 81 rg: 56 | total time: 299.07m | eta: 177.3m
Step 03500 | Validation bpb: 0.758978
step 03500/05568 (62.86%) | loss: 2.486594 | lrm: 0.59 | dt: 5202.96ms | tok/sec: 201,534 | bf16_mfu: 48.65 | epoch: 1 pq: 81 rg: 58 | total time: 299.15m | eta: 177.3m
step 03501/05568 (62.88%) | loss: 2.452687 | lrm: 0.59 | dt: 5311.21ms | tok/sec: 197,426 | bf16_mfu: 47.66 | epoch: 1 pq: 81 rg: 60 | total time: 299.24m | eta: 177.2m
step 03502/05568 (62.90%) | loss: 2.457279 | lrm: 0.59 | dt: 5156.80ms | tok/sec: 203,338 | bf16_mfu: 49.09 | epoch: 1 pq: 81 rg: 62 | total time: 299.33m | eta: 177.1m
step 03503/05568 (62.91%) | loss: 2.454573 | lrm: 0.59 | dt: 5129.98ms | tok/sec: 204,401 | bf16_mfu: 49.35 | epoch: 1 pq: 81 rg: 64 | total time: 299.41m | eta: 177.0m
step 03504/05568 (62.93%) | loss: 2.464323 | lrm: 0.59 | dt: 5128.85ms | tok/sec: 204,446 | bf16_mfu: 49.36 | epoch: 1 pq: 81 rg: 66 | total time: 299.50m | eta: 176.9m
step 03505/05568 (62.95%) | loss: 2.481777 | lrm: 0.59 | dt: 5181.10ms | tok/sec: 202,384 | bf16_mfu: 48.86 | epoch: 1 pq: 81 rg: 68 | total time: 299.58m | eta: 176.8m
step 03506/05568 (62.97%) | loss: 2.475304 | lrm: 0.59 | dt: 5181.87ms | tok/sec: 202,354 | bf16_mfu: 48.85 | epoch: 1 pq: 81 rg: 70 | total time: 299.67m | eta: 176.8m
step 03507/05568 (62.98%) | loss: 2.464069 | lrm: 0.59 | dt: 5122.95ms | tok/sec: 204,681 | bf16_mfu: 49.41 | epoch: 1 pq: 81 rg: 72 | total time: 299.76m | eta: 176.7m
step 03508/05568 (63.00%) | loss: 2.467055 | lrm: 0.59 | dt: 5162.16ms | tok/sec: 203,127 | bf16_mfu: 49.04 | epoch: 1 pq: 81 rg: 74 | total time: 299.84m | eta: 176.6m
step 03509/05568 (63.02%) | loss: 2.463457 | lrm: 0.59 | dt: 5147.24ms | tok/sec: 203,716 | bf16_mfu: 49.18 | epoch: 1 pq: 81 rg: 76 | total time: 299.93m | eta: 176.5m
step 03510/05568 (63.04%) | loss: 2.473284 | lrm: 0.59 | dt: 5223.67ms | tok/sec: 200,735 | bf16_mfu: 48.46 | epoch: 1 pq: 81 rg: 78 | total time: 300.01m | eta: 176.4m
step 03511/05568 (63.06%) | loss: 2.459727 | lrm: 0.59 | dt: 5204.41ms | tok/sec: 201,478 | bf16_mfu: 48.64 | epoch: 1 pq: 81 rg: 80 | total time: 300.10m | eta: 176.3m
step 03512/05568 (63.07%) | loss: 2.462948 | lrm: 0.59 | dt: 5137.24ms | tok/sec: 204,112 | bf16_mfu: 49.28 | epoch: 1 pq: 81 rg: 82 | total time: 300.19m | eta: 176.2m
step 03513/05568 (63.09%) | loss: 2.466061 | lrm: 0.59 | dt: 5150.21ms | tok/sec: 203,598 | bf16_mfu: 49.15 | epoch: 1 pq: 82 rg: 0 | total time: 300.27m | eta: 176.2m
step 03514/05568 (63.11%) | loss: 2.469090 | lrm: 0.59 | dt: 5159.97ms | tok/sec: 203,213 | bf16_mfu: 49.06 | epoch: 1 pq: 82 rg: 2 | total time: 300.36m | eta: 176.1m
step 03515/05568 (63.13%) | loss: 2.462834 | lrm: 0.59 | dt: 5181.30ms | tok/sec: 202,377 | bf16_mfu: 48.86 | epoch: 1 pq: 82 rg: 4 | total time: 300.45m | eta: 176.0m
step 03516/05568 (63.15%) | loss: 2.468698 | lrm: 0.59 | dt: 5171.70ms | tok/sec: 202,752 | bf16_mfu: 48.95 | epoch: 1 pq: 82 rg: 6 | total time: 300.53m | eta: 175.9m
step 03517/05568 (63.16%) | loss: 2.474340 | lrm: 0.59 | dt: 5155.53ms | tok/sec: 203,388 | bf16_mfu: 49.10 | epoch: 1 pq: 82 rg: 8 | total time: 300.62m | eta: 175.8m
step 03518/05568 (63.18%) | loss: 2.482343 | lrm: 0.59 | dt: 5158.81ms | tok/sec: 203,259 | bf16_mfu: 49.07 | epoch: 1 pq: 82 rg: 10 | total time: 300.70m | eta: 175.7m
step 03519/05568 (63.20%) | loss: 2.482811 | lrm: 0.59 | dt: 5200.34ms | tok/sec: 201,636 | bf16_mfu: 48.68 | epoch: 1 pq: 82 rg: 12 | total time: 300.79m | eta: 175.6m
step 03520/05568 (63.22%) | loss: 2.480152 | lrm: 0.59 | dt: 5145.13ms | tok/sec: 203,799 | bf16_mfu: 49.20 | epoch: 1 pq: 82 rg: 14 | total time: 300.88m | eta: 175.6m
step 03521/05568 (63.24%) | loss: 2.452240 | lrm: 0.59 | dt: 5155.19ms | tok/sec: 203,401 | bf16_mfu: 49.10 | epoch: 1 pq: 82 rg: 16 | total time: 300.96m | eta: 175.5m
step 03522/05568 (63.25%) | loss: 2.423827 | lrm: 0.59 | dt: 5184.74ms | tok/sec: 202,242 | bf16_mfu: 48.82 | epoch: 1 pq: 82 rg: 18 | total time: 301.05m | eta: 175.4m
step 03523/05568 (63.27%) | loss: 2.417350 | lrm: 0.59 | dt: 5144.28ms | tok/sec: 203,833 | bf16_mfu: 49.21 | epoch: 1 pq: 82 rg: 20 | total time: 301.13m | eta: 175.3m
step 03524/05568 (63.29%) | loss: 2.426593 | lrm: 0.59 | dt: 5172.52ms | tok/sec: 202,720 | bf16_mfu: 48.94 | epoch: 1 pq: 82 rg: 22 | total time: 301.22m | eta: 175.2m
step 03525/05568 (63.31%) | loss: 2.443912 | lrm: 0.59 | dt: 5125.00ms | tok/sec: 204,600 | bf16_mfu: 49.39 | epoch: 1 pq: 82 rg: 24 | total time: 301.31m | eta: 175.1m
step 03526/05568 (63.33%) | loss: 2.435838 | lrm: 0.59 | dt: 5242.31ms | tok/sec: 200,021 | bf16_mfu: 48.29 | epoch: 1 pq: 82 rg: 26 | total time: 301.39m | eta: 175.0m
step 03527/05568 (63.34%) | loss: 2.442373 | lrm: 0.59 | dt: 5156.90ms | tok/sec: 203,334 | bf16_mfu: 49.09 | epoch: 1 pq: 82 rg: 28 | total time: 301.48m | eta: 175.0m
step 03528/05568 (63.36%) | loss: 2.456130 | lrm: 0.59 | dt: 5162.69ms | tok/sec: 203,106 | bf16_mfu: 49.03 | epoch: 1 pq: 82 rg: 30 | total time: 301.56m | eta: 174.9m
step 03529/05568 (63.38%) | loss: 2.436692 | lrm: 0.59 | dt: 5130.10ms | tok/sec: 204,396 | bf16_mfu: 49.34 | epoch: 1 pq: 82 rg: 32 | total time: 301.65m | eta: 174.8m
step 03530/05568 (63.40%) | loss: 2.434589 | lrm: 0.58 | dt: 5125.34ms | tok/sec: 204,586 | bf16_mfu: 49.39 | epoch: 1 pq: 82 rg: 34 | total time: 301.74m | eta: 174.7m
step 03531/05568 (63.42%) | loss: 2.456253 | lrm: 0.58 | dt: 5153.38ms | tok/sec: 203,473 | bf16_mfu: 49.12 | epoch: 1 pq: 82 rg: 36 | total time: 301.82m | eta: 174.6m
step 03532/05568 (63.43%) | loss: 2.446523 | lrm: 0.58 | dt: 5146.73ms | tok/sec: 203,736 | bf16_mfu: 49.19 | epoch: 1 pq: 82 rg: 38 | total time: 301.91m | eta: 174.5m
step 03533/05568 (63.45%) | loss: 2.441755 | lrm: 0.58 | dt: 5163.89ms | tok/sec: 203,059 | bf16_mfu: 49.02 | epoch: 1 pq: 82 rg: 40 | total time: 301.99m | eta: 174.4m
step 03534/05568 (63.47%) | loss: 2.444629 | lrm: 0.58 | dt: 5150.57ms | tok/sec: 203,584 | bf16_mfu: 49.15 | epoch: 1 pq: 82 rg: 40 | total time: 302.08m | eta: 174.4m
step 03535/05568 (63.49%) | loss: 2.449113 | lrm: 0.58 | dt: 5168.81ms | tok/sec: 202,866 | bf16_mfu: 48.98 | epoch: 1 pq: 82 rg: 42 | total time: 302.17m | eta: 174.3m
step 03536/05568 (63.51%) | loss: 2.450916 | lrm: 0.58 | dt: 5149.01ms | tok/sec: 203,646 | bf16_mfu: 49.16 | epoch: 1 pq: 82 rg: 44 | total time: 302.25m | eta: 174.2m
step 03537/05568 (63.52%) | loss: 2.481068 | lrm: 0.58 | dt: 5120.52ms | tok/sec: 204,779 | bf16_mfu: 49.44 | epoch: 1 pq: 82 rg: 46 | total time: 302.34m | eta: 174.1m
step 03538/05568 (63.54%) | loss: 2.488033 | lrm: 0.58 | dt: 5238.84ms | tok/sec: 200,154 | bf16_mfu: 48.32 | epoch: 1 pq: 82 rg: 48 | total time: 302.42m | eta: 174.0m
step 03539/05568 (63.56%) | loss: 2.485269 | lrm: 0.58 | dt: 5136.17ms | tok/sec: 204,155 | bf16_mfu: 49.29 | epoch: 1 pq: 82 rg: 50 | total time: 302.51m | eta: 173.9m
step 03540/05568 (63.58%) | loss: 2.495369 | lrm: 0.58 | dt: 5115.81ms | tok/sec: 204,967 | bf16_mfu: 49.48 | epoch: 1 pq: 82 rg: 52 | total time: 302.59m | eta: 173.8m
step 03541/05568 (63.60%) | loss: 2.497380 | lrm: 0.58 | dt: 5173.27ms | tok/sec: 202,691 | bf16_mfu: 48.93 | epoch: 1 pq: 82 rg: 54 | total time: 302.68m | eta: 173.8m
step 03542/05568 (63.61%) | loss: 2.498183 | lrm: 0.58 | dt: 5147.90ms | tok/sec: 203,690 | bf16_mfu: 49.17 | epoch: 1 pq: 82 rg: 56 | total time: 302.77m | eta: 173.7m
step 03543/05568 (63.63%) | loss: 2.481626 | lrm: 0.58 | dt: 5174.82ms | tok/sec: 202,630 | bf16_mfu: 48.92 | epoch: 1 pq: 82 rg: 58 | total time: 302.85m | eta: 173.6m
step 03544/05568 (63.65%) | loss: 2.480867 | lrm: 0.58 | dt: 5172.18ms | tok/sec: 202,734 | bf16_mfu: 48.94 | epoch: 1 pq: 82 rg: 60 | total time: 302.94m | eta: 173.5m
step 03545/05568 (63.67%) | loss: 2.485290 | lrm: 0.58 | dt: 5208.46ms | tok/sec: 201,321 | bf16_mfu: 48.60 | epoch: 1 pq: 82 rg: 62 | total time: 303.03m | eta: 173.4m
step 03546/05568 (63.69%) | loss: 2.470846 | lrm: 0.58 | dt: 5124.07ms | tok/sec: 204,637 | bf16_mfu: 49.40 | epoch: 1 pq: 82 rg: 64 | total time: 303.11m | eta: 173.3m
step 03547/05568 (63.70%) | loss: 2.484808 | lrm: 0.58 | dt: 5112.80ms | tok/sec: 205,088 | bf16_mfu: 49.51 | epoch: 1 pq: 82 rg: 66 | total time: 303.20m | eta: 173.2m
step 03548/05568 (63.72%) | loss: 2.473396 | lrm: 0.58 | dt: 5197.91ms | tok/sec: 201,730 | bf16_mfu: 48.70 | epoch: 1 pq: 82 rg: 68 | total time: 303.28m | eta: 173.2m
step 03549/05568 (63.74%) | loss: 2.458422 | lrm: 0.58 | dt: 5149.13ms | tok/sec: 203,641 | bf16_mfu: 49.16 | epoch: 1 pq: 82 rg: 70 | total time: 303.37m | eta: 173.1m
step 03550/05568 (63.76%) | loss: 2.464173 | lrm: 0.58 | dt: 5167.31ms | tok/sec: 202,924 | bf16_mfu: 48.99 | epoch: 1 pq: 82 rg: 72 | total time: 303.46m | eta: 173.0m
step 03551/05568 (63.78%) | loss: 2.451383 | lrm: 0.58 | dt: 5177.23ms | tok/sec: 202,536 | bf16_mfu: 48.90 | epoch: 1 pq: 82 rg: 74 | total time: 303.54m | eta: 172.9m
step 03552/05568 (63.79%) | loss: 2.457412 | lrm: 0.58 | dt: 5157.37ms | tok/sec: 203,315 | bf16_mfu: 49.08 | epoch: 1 pq: 82 rg: 76 | total time: 303.63m | eta: 172.8m
step 03553/05568 (63.81%) | loss: 2.473927 | lrm: 0.58 | dt: 5125.35ms | tok/sec: 204,586 | bf16_mfu: 49.39 | epoch: 1 pq: 82 rg: 78 | total time: 303.71m | eta: 172.7m
step 03554/05568 (63.83%) | loss: 2.474675 | lrm: 0.58 | dt: 5110.48ms | tok/sec: 205,181 | bf16_mfu: 49.53 | epoch: 1 pq: 82 rg: 80 | total time: 303.80m | eta: 172.6m
step 03555/05568 (63.85%) | loss: 2.480788 | lrm: 0.58 | dt: 5168.58ms | tok/sec: 202,875 | bf16_mfu: 48.98 | epoch: 1 pq: 83 rg: 0 | total time: 303.88m | eta: 172.6m
step 03556/05568 (63.86%) | loss: 2.496183 | lrm: 0.58 | dt: 5164.31ms | tok/sec: 203,042 | bf16_mfu: 49.02 | epoch: 1 pq: 83 rg: 2 | total time: 303.97m | eta: 172.5m
step 03557/05568 (63.88%) | loss: 2.492932 | lrm: 0.58 | dt: 5106.23ms | tok/sec: 205,352 | bf16_mfu: 49.58 | epoch: 1 pq: 83 rg: 4 | total time: 304.06m | eta: 172.4m
step 03558/05568 (63.90%) | loss: 2.511787 | lrm: 0.58 | dt: 5157.93ms | tok/sec: 203,293 | bf16_mfu: 49.08 | epoch: 1 pq: 83 rg: 6 | total time: 304.14m | eta: 172.3m
step 03559/05568 (63.92%) | loss: 2.510406 | lrm: 0.58 | dt: 5120.75ms | tok/sec: 204,769 | bf16_mfu: 49.43 | epoch: 1 pq: 83 rg: 8 | total time: 304.23m | eta: 172.2m
step 03560/05568 (63.94%) | loss: 2.487763 | lrm: 0.58 | dt: 5100.86ms | tok/sec: 205,568 | bf16_mfu: 49.63 | epoch: 1 pq: 83 rg: 10 | total time: 304.31m | eta: 172.1m
step 03561/05568 (63.95%) | loss: 2.501467 | lrm: 0.58 | dt: 5174.12ms | tok/sec: 202,657 | bf16_mfu: 48.92 | epoch: 1 pq: 83 rg: 12 | total time: 304.40m | eta: 172.0m
step 03562/05568 (63.97%) | loss: 2.489620 | lrm: 0.58 | dt: 5129.11ms | tok/sec: 204,436 | bf16_mfu: 49.35 | epoch: 1 pq: 83 rg: 14 | total time: 304.48m | eta: 172.0m
step 03563/05568 (63.99%) | loss: 2.502200 | lrm: 0.58 | dt: 5132.59ms | tok/sec: 204,297 | bf16_mfu: 49.32 | epoch: 1 pq: 83 rg: 16 | total time: 304.57m | eta: 171.9m
step 03564/05568 (64.01%) | loss: 2.504668 | lrm: 0.58 | dt: 5118.89ms | tok/sec: 204,844 | bf16_mfu: 49.45 | epoch: 1 pq: 83 rg: 18 | total time: 304.65m | eta: 171.8m
step 03565/05568 (64.03%) | loss: 2.491086 | lrm: 0.58 | dt: 5176.84ms | tok/sec: 202,551 | bf16_mfu: 48.90 | epoch: 1 pq: 83 rg: 20 | total time: 304.74m | eta: 171.7m
step 03566/05568 (64.04%) | loss: 2.493478 | lrm: 0.58 | dt: 5175.49ms | tok/sec: 202,604 | bf16_mfu: 48.91 | epoch: 1 pq: 83 rg: 20 | total time: 304.83m | eta: 171.6m
step 03567/05568 (64.06%) | loss: 2.500183 | lrm: 0.58 | dt: 5200.51ms | tok/sec: 201,629 | bf16_mfu: 48.68 | epoch: 1 pq: 83 rg: 22 | total time: 304.91m | eta: 171.5m
step 03568/05568 (64.08%) | loss: 2.492024 | lrm: 0.58 | dt: 5261.08ms | tok/sec: 199,307 | bf16_mfu: 48.12 | epoch: 1 pq: 83 rg: 24 | total time: 305.00m | eta: 171.4m
step 03569/05568 (64.10%) | loss: 2.485523 | lrm: 0.57 | dt: 5162.37ms | tok/sec: 203,118 | bf16_mfu: 49.04 | epoch: 1 pq: 83 rg: 26 | total time: 305.09m | eta: 171.4m
step 03570/05568 (64.12%) | loss: 2.485591 | lrm: 0.57 | dt: 5130.92ms | tok/sec: 204,363 | bf16_mfu: 49.34 | epoch: 1 pq: 83 rg: 28 | total time: 305.17m | eta: 171.3m
step 03571/05568 (64.13%) | loss: 2.490705 | lrm: 0.57 | dt: 5115.31ms | tok/sec: 204,987 | bf16_mfu: 49.49 | epoch: 1 pq: 83 rg: 30 | total time: 305.26m | eta: 171.2m
step 03572/05568 (64.15%) | loss: 2.487561 | lrm: 0.57 | dt: 6660.46ms | tok/sec: 157,432 | bf16_mfu: 38.01 | epoch: 1 pq: 83 rg: 32 | total time: 305.37m | eta: 171.1m
step 03573/05568 (64.17%) | loss: 2.492733 | lrm: 0.57 | dt: 5384.74ms | tok/sec: 194,731 | bf16_mfu: 47.01 | epoch: 1 pq: 83 rg: 34 | total time: 305.46m | eta: 171.0m
step 03574/05568 (64.19%) | loss: 2.493654 | lrm: 0.57 | dt: 5094.13ms | tok/sec: 205,839 | bf16_mfu: 49.69 | epoch: 1 pq: 83 rg: 36 | total time: 305.54m | eta: 170.9m
step 03575/05568 (64.21%) | loss: 2.484523 | lrm: 0.57 | dt: 5214.37ms | tok/sec: 201,093 | bf16_mfu: 48.55 | epoch: 1 pq: 83 rg: 38 | total time: 305.63m | eta: 170.9m
step 03576/05568 (64.22%) | loss: 2.467086 | lrm: 0.57 | dt: 5140.00ms | tok/sec: 204,003 | bf16_mfu: 49.25 | epoch: 1 pq: 83 rg: 40 | total time: 305.72m | eta: 170.8m
step 03577/05568 (64.24%) | loss: 2.469250 | lrm: 0.57 | dt: 5137.89ms | tok/sec: 204,086 | bf16_mfu: 49.27 | epoch: 1 pq: 83 rg: 42 | total time: 305.80m | eta: 170.7m
step 03578/05568 (64.26%) | loss: 2.485879 | lrm: 0.57 | dt: 5118.83ms | tok/sec: 204,846 | bf16_mfu: 49.45 | epoch: 1 pq: 83 rg: 44 | total time: 305.89m | eta: 170.6m
step 03579/05568 (64.28%) | loss: 2.466480 | lrm: 0.57 | dt: 5162.15ms | tok/sec: 203,127 | bf16_mfu: 49.04 | epoch: 1 pq: 83 rg: 46 | total time: 305.97m | eta: 170.5m
step 03580/05568 (64.30%) | loss: 2.466511 | lrm: 0.57 | dt: 5135.33ms | tok/sec: 204,188 | bf16_mfu: 49.29 | epoch: 1 pq: 83 rg: 48 | total time: 306.06m | eta: 170.4m
step 03581/05568 (64.31%) | loss: 2.466914 | lrm: 0.57 | dt: 5236.17ms | tok/sec: 200,256 | bf16_mfu: 48.35 | epoch: 1 pq: 83 rg: 50 | total time: 306.15m | eta: 170.3m
step 03582/05568 (64.33%) | loss: 2.468664 | lrm: 0.57 | dt: 5129.12ms | tok/sec: 204,435 | bf16_mfu: 49.35 | epoch: 1 pq: 83 rg: 52 | total time: 306.23m | eta: 170.3m
step 03583/05568 (64.35%) | loss: 2.459855 | lrm: 0.57 | dt: 5143.58ms | tok/sec: 203,861 | bf16_mfu: 49.22 | epoch: 1 pq: 83 rg: 54 | total time: 306.32m | eta: 170.2m
step 03584/05568 (64.37%) | loss: 2.453980 | lrm: 0.57 | dt: 5156.43ms | tok/sec: 203,353 | bf16_mfu: 49.09 | epoch: 1 pq: 83 rg: 56 | total time: 306.40m | eta: 170.1m
step 03585/05568 (64.39%) | loss: 2.442684 | lrm: 0.57 | dt: 5131.92ms | tok/sec: 204,324 | bf16_mfu: 49.33 | epoch: 1 pq: 83 rg: 58 | total time: 306.49m | eta: 170.0m
step 03586/05568 (64.40%) | loss: 2.445345 | lrm: 0.57 | dt: 5139.61ms | tok/sec: 204,018 | bf16_mfu: 49.25 | epoch: 1 pq: 83 rg: 60 | total time: 306.57m | eta: 169.9m
step 03587/05568 (64.42%) | loss: 2.460912 | lrm: 0.57 | dt: 5142.20ms | tok/sec: 203,915 | bf16_mfu: 49.23 | epoch: 1 pq: 83 rg: 62 | total time: 306.66m | eta: 169.8m
step 03588/05568 (64.44%) | loss: 2.464119 | lrm: 0.57 | dt: 5122.86ms | tok/sec: 204,685 | bf16_mfu: 49.41 | epoch: 1 pq: 83 rg: 64 | total time: 306.75m | eta: 169.7m
step 03589/05568 (64.46%) | loss: 2.472489 | lrm: 0.57 | dt: 5117.23ms | tok/sec: 204,910 | bf16_mfu: 49.47 | epoch: 1 pq: 83 rg: 66 | total time: 306.83m | eta: 169.7m
step 03590/05568 (64.48%) | loss: 2.455831 | lrm: 0.57 | dt: 5189.46ms | tok/sec: 202,058 | bf16_mfu: 48.78 | epoch: 1 pq: 83 rg: 68 | total time: 306.92m | eta: 169.6m
step 03591/05568 (64.49%) | loss: 2.475011 | lrm: 0.57 | dt: 5218.87ms | tok/sec: 200,920 | bf16_mfu: 48.51 | epoch: 1 pq: 83 rg: 70 | total time: 307.00m | eta: 169.5m
step 03592/05568 (64.51%) | loss: 2.464919 | lrm: 0.57 | dt: 5167.90ms | tok/sec: 202,901 | bf16_mfu: 48.98 | epoch: 1 pq: 83 rg: 72 | total time: 307.09m | eta: 169.4m
step 03593/05568 (64.53%) | loss: 2.481939 | lrm: 0.57 | dt: 5162.01ms | tok/sec: 203,133 | bf16_mfu: 49.04 | epoch: 1 pq: 83 rg: 74 | total time: 307.18m | eta: 169.3m
step 03594/05568 (64.55%) | loss: 2.480959 | lrm: 0.57 | dt: 5131.63ms | tok/sec: 204,335 | bf16_mfu: 49.33 | epoch: 1 pq: 83 rg: 76 | total time: 307.26m | eta: 169.2m
step 03595/05568 (64.57%) | loss: 2.488231 | lrm: 0.57 | dt: 5108.33ms | tok/sec: 205,267 | bf16_mfu: 49.56 | epoch: 1 pq: 83 rg: 78 | total time: 307.35m | eta: 169.1m
step 03596/05568 (64.58%) | loss: 2.479669 | lrm: 0.57 | dt: 5146.17ms | tok/sec: 203,758 | bf16_mfu: 49.19 | epoch: 1 pq: 83 rg: 80 | total time: 307.43m | eta: 169.1m
step 03597/05568 (64.60%) | loss: 2.472862 | lrm: 0.57 | dt: 5119.47ms | tok/sec: 204,821 | bf16_mfu: 49.45 | epoch: 1 pq: 83 rg: 82 | total time: 307.52m | eta: 169.0m
step 03598/05568 (64.62%) | loss: 2.483771 | lrm: 0.57 | dt: 5110.90ms | tok/sec: 205,164 | bf16_mfu: 49.53 | epoch: 1 pq: 84 rg: 0 | total time: 307.60m | eta: 168.9m
step 03599/05568 (64.64%) | loss: 2.475662 | lrm: 0.57 | dt: 5186.75ms | tok/sec: 202,164 | bf16_mfu: 48.81 | epoch: 1 pq: 84 rg: 2 | total time: 307.69m | eta: 168.8m
step 03600/05568 (64.66%) | loss: 2.495829 | lrm: 0.57 | dt: 5250.73ms | tok/sec: 199,700 | bf16_mfu: 48.21 | epoch: 1 pq: 84 rg: 4 | total time: 307.78m | eta: 168.7m
step 03601/05568 (64.67%) | loss: 2.509035 | lrm: 0.57 | dt: 5023.49ms | tok/sec: 208,734 | bf16_mfu: 50.39 | epoch: 1 pq: 84 rg: 6 | total time: 307.86m | eta: 168.6m
step 03602/05568 (64.69%) | loss: 2.492814 | lrm: 0.57 | dt: 5101.51ms | tok/sec: 205,542 | bf16_mfu: 49.62 | epoch: 1 pq: 84 rg: 8 | total time: 307.95m | eta: 168.5m
step 03603/05568 (64.71%) | loss: 2.483203 | lrm: 0.57 | dt: 5115.57ms | tok/sec: 204,977 | bf16_mfu: 49.49 | epoch: 1 pq: 84 rg: 10 | total time: 308.03m | eta: 168.5m
step 03604/05568 (64.73%) | loss: 2.478350 | lrm: 0.57 | dt: 5094.82ms | tok/sec: 205,812 | bf16_mfu: 49.69 | epoch: 1 pq: 84 rg: 12 | total time: 308.12m | eta: 168.4m
step 03605/05568 (64.74%) | loss: 2.478838 | lrm: 0.57 | dt: 5099.81ms | tok/sec: 205,610 | bf16_mfu: 49.64 | epoch: 1 pq: 84 rg: 14 | total time: 308.20m | eta: 168.3m
step 03606/05568 (64.76%) | loss: 2.458256 | lrm: 0.57 | dt: 5104.96ms | tok/sec: 205,403 | bf16_mfu: 49.59 | epoch: 1 pq: 84 rg: 16 | total time: 308.29m | eta: 168.2m
step 03607/05568 (64.78%) | loss: 2.473327 | lrm: 0.56 | dt: 5116.34ms | tok/sec: 204,946 | bf16_mfu: 49.48 | epoch: 1 pq: 84 rg: 18 | total time: 308.37m | eta: 168.1m
step 03608/05568 (64.80%) | loss: 2.476561 | lrm: 0.56 | dt: 5114.97ms | tok/sec: 205,001 | bf16_mfu: 49.49 | epoch: 1 pq: 84 rg: 20 | total time: 308.46m | eta: 168.0m
step 03609/05568 (64.82%) | loss: 2.466072 | lrm: 0.56 | dt: 5113.20ms | tok/sec: 205,072 | bf16_mfu: 49.51 | epoch: 1 pq: 84 rg: 22 | total time: 308.54m | eta: 167.9m
step 03610/05568 (64.83%) | loss: 2.458597 | lrm: 0.56 | dt: 5171.18ms | tok/sec: 202,773 | bf16_mfu: 48.95 | epoch: 1 pq: 84 rg: 24 | total time: 308.63m | eta: 167.9m
step 03611/05568 (64.85%) | loss: 2.466608 | lrm: 0.56 | dt: 5120.19ms | tok/sec: 204,792 | bf16_mfu: 49.44 | epoch: 1 pq: 84 rg: 26 | total time: 308.71m | eta: 167.8m
step 03612/05568 (64.87%) | loss: 2.468626 | lrm: 0.56 | dt: 5103.17ms | tok/sec: 205,475 | bf16_mfu: 49.61 | epoch: 1 pq: 84 rg: 26 | total time: 308.80m | eta: 167.7m
step 03613/05568 (64.89%) | loss: 2.491036 | lrm: 0.56 | dt: 5111.01ms | tok/sec: 205,160 | bf16_mfu: 49.53 | epoch: 1 pq: 84 rg: 28 | total time: 308.88m | eta: 167.6m
step 03614/05568 (64.91%) | loss: 2.487208 | lrm: 0.56 | dt: 5261.13ms | tok/sec: 199,306 | bf16_mfu: 48.12 | epoch: 1 pq: 84 rg: 30 | total time: 308.97m | eta: 167.5m
step 03615/05568 (64.92%) | loss: 2.491062 | lrm: 0.56 | dt: 5726.08ms | tok/sec: 183,122 | bf16_mfu: 44.21 | epoch: 1 pq: 84 rg: 32 | total time: 309.07m | eta: 167.4m
step 03616/05568 (64.94%) | loss: 2.470683 | lrm: 0.56 | dt: 5176.87ms | tok/sec: 202,550 | bf16_mfu: 48.90 | epoch: 1 pq: 84 rg: 34 | total time: 309.15m | eta: 167.4m
step 03617/05568 (64.96%) | loss: 2.475522 | lrm: 0.56 | dt: 5152.10ms | tok/sec: 203,524 | bf16_mfu: 49.13 | epoch: 1 pq: 84 rg: 36 | total time: 309.24m | eta: 167.3m
step 03618/05568 (64.98%) | loss: 2.478560 | lrm: 0.56 | dt: 5120.83ms | tok/sec: 204,766 | bf16_mfu: 49.43 | epoch: 1 pq: 84 rg: 38 | total time: 309.32m | eta: 167.2m
step 03619/05568 (65.00%) | loss: 2.474690 | lrm: 0.56 | dt: 5122.81ms | tok/sec: 204,687 | bf16_mfu: 49.42 | epoch: 1 pq: 84 rg: 40 | total time: 309.41m | eta: 167.1m
step 03620/05568 (65.01%) | loss: 2.467784 | lrm: 0.56 | dt: 5121.09ms | tok/sec: 204,756 | bf16_mfu: 49.43 | epoch: 1 pq: 84 rg: 42 | total time: 309.50m | eta: 167.0m
step 03621/05568 (65.03%) | loss: 2.463248 | lrm: 0.56 | dt: 5115.62ms | tok/sec: 204,975 | bf16_mfu: 49.48 | epoch: 1 pq: 84 rg: 44 | total time: 309.58m | eta: 166.9m
step 03622/05568 (65.05%) | loss: 2.450640 | lrm: 0.56 | dt: 5101.05ms | tok/sec: 205,560 | bf16_mfu: 49.63 | epoch: 1 pq: 84 rg: 46 | total time: 309.67m | eta: 166.8m
step 03623/05568 (65.07%) | loss: 2.435214 | lrm: 0.56 | dt: 5181.10ms | tok/sec: 202,384 | bf16_mfu: 48.86 | epoch: 1 pq: 84 rg: 48 | total time: 309.75m | eta: 166.7m
step 03624/05568 (65.09%) | loss: 2.428727 | lrm: 0.56 | dt: 5147.86ms | tok/sec: 203,691 | bf16_mfu: 49.17 | epoch: 1 pq: 84 rg: 50 | total time: 309.84m | eta: 166.7m
step 03625/05568 (65.10%) | loss: 2.427113 | lrm: 0.56 | dt: 5224.49ms | tok/sec: 200,704 | bf16_mfu: 48.45 | epoch: 1 pq: 84 rg: 52 | total time: 309.92m | eta: 166.6m
step 03626/05568 (65.12%) | loss: 2.433931 | lrm: 0.56 | dt: 5205.10ms | tok/sec: 201,451 | bf16_mfu: 48.63 | epoch: 1 pq: 84 rg: 54 | total time: 310.01m | eta: 166.5m
step 03627/05568 (65.14%) | loss: 2.443653 | lrm: 0.56 | dt: 5161.86ms | tok/sec: 203,139 | bf16_mfu: 49.04 | epoch: 1 pq: 84 rg: 56 | total time: 310.10m | eta: 166.4m
step 03628/05568 (65.16%) | loss: 2.445248 | lrm: 0.56 | dt: 5126.54ms | tok/sec: 204,538 | bf16_mfu: 49.38 | epoch: 1 pq: 84 rg: 58 | total time: 310.18m | eta: 166.3m
step 03629/05568 (65.18%) | loss: 2.432267 | lrm: 0.56 | dt: 5177.52ms | tok/sec: 202,524 | bf16_mfu: 48.89 | epoch: 1 pq: 84 rg: 60 | total time: 310.27m | eta: 166.2m
step 03630/05568 (65.19%) | loss: 2.433314 | lrm: 0.56 | dt: 5148.56ms | tok/sec: 203,664 | bf16_mfu: 49.17 | epoch: 1 pq: 84 rg: 62 | total time: 310.36m | eta: 166.2m
step 03631/05568 (65.21%) | loss: 2.448214 | lrm: 0.56 | dt: 5126.40ms | tok/sec: 204,544 | bf16_mfu: 49.38 | epoch: 1 pq: 84 rg: 64 | total time: 310.44m | eta: 166.1m
step 03632/05568 (65.23%) | loss: 2.453056 | lrm: 0.56 | dt: 5161.32ms | tok/sec: 203,160 | bf16_mfu: 49.05 | epoch: 1 pq: 84 rg: 66 | total time: 310.53m | eta: 166.0m
step 03633/05568 (65.25%) | loss: 2.455420 | lrm: 0.56 | dt: 5116.20ms | tok/sec: 204,952 | bf16_mfu: 49.48 | epoch: 1 pq: 84 rg: 68 | total time: 310.61m | eta: 165.9m
step 03634/05568 (65.27%) | loss: 2.458603 | lrm: 0.56 | dt: 5110.53ms | tok/sec: 205,179 | bf16_mfu: 49.53 | epoch: 1 pq: 84 rg: 70 | total time: 310.70m | eta: 165.8m
step 03635/05568 (65.28%) | loss: 2.447629 | lrm: 0.56 | dt: 5074.74ms | tok/sec: 206,626 | bf16_mfu: 49.88 | epoch: 1 pq: 84 rg: 72 | total time: 310.78m | eta: 165.7m
step 03636/05568 (65.30%) | loss: 2.434456 | lrm: 0.56 | dt: 5100.91ms | tok/sec: 205,566 | bf16_mfu: 49.63 | epoch: 1 pq: 84 rg: 74 | total time: 310.87m | eta: 165.6m
step 03637/05568 (65.32%) | loss: 2.450694 | lrm: 0.56 | dt: 5133.39ms | tok/sec: 204,265 | bf16_mfu: 49.31 | epoch: 1 pq: 84 rg: 76 | total time: 310.95m | eta: 165.5m
step 03638/05568 (65.34%) | loss: 2.445693 | lrm: 0.56 | dt: 5132.85ms | tok/sec: 204,287 | bf16_mfu: 49.32 | epoch: 1 pq: 84 rg: 78 | total time: 311.04m | eta: 165.5m
step 03639/05568 (65.36%) | loss: 2.451580 | lrm: 0.56 | dt: 5178.43ms | tok/sec: 202,488 | bf16_mfu: 48.88 | epoch: 1 pq: 84 rg: 80 | total time: 311.12m | eta: 165.4m
step 03640/05568 (65.37%) | loss: 2.461099 | lrm: 0.56 | dt: 5163.74ms | tok/sec: 203,065 | bf16_mfu: 49.02 | epoch: 1 pq: 84 rg: 82 | total time: 311.21m | eta: 165.3m
step 03641/05568 (65.39%) | loss: 2.488730 | lrm: 0.56 | dt: 5152.00ms | tok/sec: 203,527 | bf16_mfu: 49.14 | epoch: 1 pq: 85 rg: 0 | total time: 311.30m | eta: 165.2m
step 03642/05568 (65.41%) | loss: 2.482042 | lrm: 0.56 | dt: 5136.89ms | tok/sec: 204,126 | bf16_mfu: 49.28 | epoch: 1 pq: 85 rg: 2 | total time: 311.38m | eta: 165.1m
step 03643/05568 (65.43%) | loss: 2.480976 | lrm: 0.56 | dt: 5150.00ms | tok/sec: 203,606 | bf16_mfu: 49.15 | epoch: 1 pq: 85 rg: 4 | total time: 311.47m | eta: 165.0m
step 03644/05568 (65.45%) | loss: 2.477262 | lrm: 0.56 | dt: 5227.56ms | tok/sec: 200,586 | bf16_mfu: 48.42 | epoch: 1 pq: 85 rg: 6 | total time: 311.55m | eta: 165.0m
step 03645/05568 (65.46%) | loss: 2.492296 | lrm: 0.55 | dt: 5168.27ms | tok/sec: 202,887 | bf16_mfu: 48.98 | epoch: 1 pq: 85 rg: 8 | total time: 311.64m | eta: 164.9m
step 03646/05568 (65.48%) | loss: 2.488620 | lrm: 0.55 | dt: 5143.01ms | tok/sec: 203,883 | bf16_mfu: 49.22 | epoch: 1 pq: 85 rg: 10 | total time: 311.73m | eta: 164.8m
step 03647/05568 (65.50%) | loss: 2.477485 | lrm: 0.55 | dt: 5163.03ms | tok/sec: 203,093 | bf16_mfu: 49.03 | epoch: 1 pq: 85 rg: 12 | total time: 311.81m | eta: 164.7m
step 03648/05568 (65.52%) | loss: 2.446369 | lrm: 0.55 | dt: 5170.03ms | tok/sec: 202,818 | bf16_mfu: 48.96 | epoch: 1 pq: 85 rg: 12 | total time: 311.90m | eta: 164.6m
step 03649/05568 (65.54%) | loss: 2.453029 | lrm: 0.55 | dt: 5120.12ms | tok/sec: 204,795 | bf16_mfu: 49.44 | epoch: 1 pq: 85 rg: 14 | total time: 311.98m | eta: 164.5m
step 03650/05568 (65.55%) | loss: 2.457130 | lrm: 0.55 | dt: 5131.79ms | tok/sec: 204,329 | bf16_mfu: 49.33 | epoch: 1 pq: 85 rg: 16 | total time: 312.07m | eta: 164.4m
step 03651/05568 (65.57%) | loss: 2.455287 | lrm: 0.55 | dt: 5134.51ms | tok/sec: 204,221 | bf16_mfu: 49.30 | epoch: 1 pq: 85 rg: 18 | total time: 312.16m | eta: 164.4m
step 03652/05568 (65.59%) | loss: 2.455157 | lrm: 0.55 | dt: 5138.31ms | tok/sec: 204,070 | bf16_mfu: 49.27 | epoch: 1 pq: 85 rg: 20 | total time: 312.24m | eta: 164.3m
step 03653/05568 (65.61%) | loss: 2.430632 | lrm: 0.55 | dt: 5167.64ms | tok/sec: 202,911 | bf16_mfu: 48.99 | epoch: 1 pq: 85 rg: 22 | total time: 312.33m | eta: 164.2m
step 03654/05568 (65.62%) | loss: 2.458792 | lrm: 0.55 | dt: 5165.56ms | tok/sec: 202,993 | bf16_mfu: 49.01 | epoch: 1 pq: 85 rg: 24 | total time: 312.41m | eta: 164.1m
step 03655/05568 (65.64%) | loss: 2.471653 | lrm: 0.55 | dt: 5131.40ms | tok/sec: 204,345 | bf16_mfu: 49.33 | epoch: 1 pq: 85 rg: 26 | total time: 312.50m | eta: 164.0m
step 03656/05568 (65.66%) | loss: 2.477492 | lrm: 0.55 | dt: 5107.89ms | tok/sec: 205,285 | bf16_mfu: 49.56 | epoch: 1 pq: 85 rg: 28 | total time: 312.58m | eta: 163.9m
step 03657/05568 (65.68%) | loss: 2.481381 | lrm: 0.55 | dt: 5170.56ms | tok/sec: 202,797 | bf16_mfu: 48.96 | epoch: 1 pq: 85 rg: 30 | total time: 312.67m | eta: 163.8m
step 03658/05568 (65.70%) | loss: 2.483155 | lrm: 0.55 | dt: 5115.48ms | tok/sec: 204,980 | bf16_mfu: 49.49 | epoch: 1 pq: 85 rg: 32 | total time: 312.76m | eta: 163.8m
step 03659/05568 (65.71%) | loss: 2.468611 | lrm: 0.55 | dt: 5118.61ms | tok/sec: 204,855 | bf16_mfu: 49.46 | epoch: 1 pq: 85 rg: 34 | total time: 312.84m | eta: 163.7m
step 03660/05568 (65.73%) | loss: 2.478854 | lrm: 0.55 | dt: 5112.03ms | tok/sec: 205,119 | bf16_mfu: 49.52 | epoch: 1 pq: 85 rg: 36 | total time: 312.93m | eta: 163.6m
step 03661/05568 (65.75%) | loss: 2.472789 | lrm: 0.55 | dt: 5147.77ms | tok/sec: 203,695 | bf16_mfu: 49.18 | epoch: 1 pq: 85 rg: 38 | total time: 313.01m | eta: 163.5m
step 03662/05568 (65.77%) | loss: 2.483589 | lrm: 0.55 | dt: 5171.64ms | tok/sec: 202,755 | bf16_mfu: 48.95 | epoch: 1 pq: 85 rg: 40 | total time: 313.10m | eta: 163.4m
step 03663/05568 (65.79%) | loss: 2.481354 | lrm: 0.55 | dt: 5174.21ms | tok/sec: 202,654 | bf16_mfu: 48.92 | epoch: 1 pq: 85 rg: 42 | total time: 313.18m | eta: 163.3m
step 03664/05568 (65.80%) | loss: 2.489596 | lrm: 0.55 | dt: 5126.47ms | tok/sec: 204,541 | bf16_mfu: 49.38 | epoch: 1 pq: 85 rg: 44 | total time: 313.27m | eta: 163.2m
step 03665/05568 (65.82%) | loss: 2.472855 | lrm: 0.55 | dt: 5168.83ms | tok/sec: 202,865 | bf16_mfu: 48.98 | epoch: 1 pq: 85 rg: 46 | total time: 313.36m | eta: 163.2m
step 03666/05568 (65.84%) | loss: 2.465792 | lrm: 0.55 | dt: 5118.91ms | tok/sec: 204,843 | bf16_mfu: 49.45 | epoch: 1 pq: 85 rg: 48 | total time: 313.44m | eta: 163.1m
step 03667/05568 (65.86%) | loss: 2.465187 | lrm: 0.55 | dt: 5170.57ms | tok/sec: 202,796 | bf16_mfu: 48.96 | epoch: 1 pq: 85 rg: 50 | total time: 313.53m | eta: 163.0m
step 03668/05568 (65.88%) | loss: 2.459609 | lrm: 0.55 | dt: 5124.57ms | tok/sec: 204,617 | bf16_mfu: 49.40 | epoch: 1 pq: 85 rg: 52 | total time: 313.61m | eta: 162.9m
step 03669/05568 (65.89%) | loss: 2.462688 | lrm: 0.55 | dt: 5169.07ms | tok/sec: 202,855 | bf16_mfu: 48.97 | epoch: 1 pq: 85 rg: 54 | total time: 313.70m | eta: 162.8m
step 03670/05568 (65.91%) | loss: 2.453504 | lrm: 0.55 | dt: 5127.34ms | tok/sec: 204,506 | bf16_mfu: 49.37 | epoch: 1 pq: 85 rg: 56 | total time: 313.78m | eta: 162.7m
step 03671/05568 (65.93%) | loss: 2.433349 | lrm: 0.55 | dt: 5120.30ms | tok/sec: 204,787 | bf16_mfu: 49.44 | epoch: 1 pq: 85 rg: 56 | total time: 313.87m | eta: 162.6m
step 03672/05568 (65.95%) | loss: 2.436087 | lrm: 0.55 | dt: 5109.10ms | tok/sec: 205,236 | bf16_mfu: 49.55 | epoch: 1 pq: 85 rg: 58 | total time: 313.95m | eta: 162.5m
step 03673/05568 (65.97%) | loss: 2.430494 | lrm: 0.55 | dt: 5205.51ms | tok/sec: 201,435 | bf16_mfu: 48.63 | epoch: 1 pq: 85 rg: 60 | total time: 314.04m | eta: 162.5m
step 03674/05568 (65.98%) | loss: 2.408108 | lrm: 0.55 | dt: 5201.87ms | tok/sec: 201,576 | bf16_mfu: 48.66 | epoch: 1 pq: 85 rg: 62 | total time: 314.13m | eta: 162.4m
step 03675/05568 (66.00%) | loss: 2.424687 | lrm: 0.55 | dt: 5171.95ms | tok/sec: 202,742 | bf16_mfu: 48.95 | epoch: 1 pq: 85 rg: 64 | total time: 314.21m | eta: 162.3m
step 03676/05568 (66.02%) | loss: 2.430565 | lrm: 0.55 | dt: 5163.71ms | tok/sec: 203,066 | bf16_mfu: 49.02 | epoch: 1 pq: 85 rg: 66 | total time: 314.30m | eta: 162.2m
step 03677/05568 (66.04%) | loss: 2.420749 | lrm: 0.55 | dt: 5160.04ms | tok/sec: 203,210 | bf16_mfu: 49.06 | epoch: 1 pq: 85 rg: 68 | total time: 314.39m | eta: 162.1m
step 03678/05568 (66.06%) | loss: 2.435432 | lrm: 0.55 | dt: 5158.10ms | tok/sec: 203,287 | bf16_mfu: 49.08 | epoch: 1 pq: 85 rg: 70 | total time: 314.47m | eta: 162.0m
step 03679/05568 (66.07%) | loss: 2.458720 | lrm: 0.55 | dt: 5117.25ms | tok/sec: 204,909 | bf16_mfu: 49.47 | epoch: 1 pq: 85 rg: 72 | total time: 314.56m | eta: 162.0m
step 03680/05568 (66.09%) | loss: 2.482699 | lrm: 0.55 | dt: 5240.14ms | tok/sec: 200,104 | bf16_mfu: 48.31 | epoch: 1 pq: 85 rg: 74 | total time: 314.64m | eta: 161.9m
step 03681/05568 (66.11%) | loss: 2.486931 | lrm: 0.55 | dt: 5133.16ms | tok/sec: 204,274 | bf16_mfu: 49.32 | epoch: 1 pq: 85 rg: 76 | total time: 314.73m | eta: 161.8m
step 03682/05568 (66.13%) | loss: 2.474532 | lrm: 0.55 | dt: 5162.17ms | tok/sec: 203,127 | bf16_mfu: 49.04 | epoch: 1 pq: 85 rg: 78 | total time: 314.82m | eta: 161.7m
step 03683/05568 (66.15%) | loss: 2.472077 | lrm: 0.54 | dt: 5202.94ms | tok/sec: 201,535 | bf16_mfu: 48.65 | epoch: 1 pq: 85 rg: 80 | total time: 314.90m | eta: 161.6m
step 03684/05568 (66.16%) | loss: 2.467730 | lrm: 0.54 | dt: 5163.63ms | tok/sec: 203,069 | bf16_mfu: 49.02 | epoch: 1 pq: 86 rg: 0 | total time: 314.99m | eta: 161.5m
step 03685/05568 (66.18%) | loss: 2.457178 | lrm: 0.54 | dt: 5114.92ms | tok/sec: 205,003 | bf16_mfu: 49.49 | epoch: 1 pq: 86 rg: 2 | total time: 315.07m | eta: 161.4m
step 03686/05568 (66.20%) | loss: 2.457950 | lrm: 0.54 | dt: 5127.15ms | tok/sec: 204,514 | bf16_mfu: 49.37 | epoch: 1 pq: 86 rg: 4 | total time: 315.16m | eta: 161.4m
step 03687/05568 (66.22%) | loss: 2.459526 | lrm: 0.54 | dt: 7345.60ms | tok/sec: 142,748 | bf16_mfu: 34.46 | epoch: 1 pq: 86 rg: 6 | total time: 315.28m | eta: 161.3m
step 03688/05568 (66.24%) | loss: 2.439859 | lrm: 0.54 | dt: 5257.16ms | tok/sec: 199,456 | bf16_mfu: 48.15 | epoch: 1 pq: 86 rg: 8 | total time: 315.37m | eta: 161.2m
step 03689/05568 (66.25%) | loss: 2.454163 | lrm: 0.54 | dt: 5117.42ms | tok/sec: 204,903 | bf16_mfu: 49.47 | epoch: 1 pq: 86 rg: 10 | total time: 315.46m | eta: 161.1m
step 03690/05568 (66.27%) | loss: 2.462954 | lrm: 0.54 | dt: 5975.75ms | tok/sec: 175,471 | bf16_mfu: 42.36 | epoch: 1 pq: 86 rg: 12 | total time: 315.55m | eta: 161.0m
step 03691/05568 (66.29%) | loss: 2.446548 | lrm: 0.54 | dt: 5086.79ms | tok/sec: 206,136 | bf16_mfu: 49.76 | epoch: 1 pq: 86 rg: 14 | total time: 315.64m | eta: 160.9m
step 03692/05568 (66.31%) | loss: 2.464955 | lrm: 0.54 | dt: 5103.91ms | tok/sec: 205,445 | bf16_mfu: 49.60 | epoch: 1 pq: 86 rg: 16 | total time: 315.72m | eta: 160.9m
step 03693/05568 (66.33%) | loss: 2.462453 | lrm: 0.54 | dt: 5214.49ms | tok/sec: 201,088 | bf16_mfu: 48.55 | epoch: 1 pq: 86 rg: 18 | total time: 315.81m | eta: 160.8m
step 03694/05568 (66.34%) | loss: 2.477148 | lrm: 0.54 | dt: 5151.85ms | tok/sec: 203,533 | bf16_mfu: 49.14 | epoch: 1 pq: 86 rg: 20 | total time: 315.90m | eta: 160.7m
step 03695/05568 (66.36%) | loss: 2.504221 | lrm: 0.54 | dt: 5130.90ms | tok/sec: 204,365 | bf16_mfu: 49.34 | epoch: 1 pq: 86 rg: 22 | total time: 315.98m | eta: 160.6m
step 03696/05568 (66.38%) | loss: 2.517474 | lrm: 0.54 | dt: 5239.77ms | tok/sec: 200,118 | bf16_mfu: 48.31 | epoch: 1 pq: 86 rg: 24 | total time: 316.07m | eta: 160.5m
step 03697/05568 (66.40%) | loss: 2.515504 | lrm: 0.54 | dt: 5119.38ms | tok/sec: 204,824 | bf16_mfu: 49.45 | epoch: 1 pq: 86 rg: 26 | total time: 316.16m | eta: 160.4m
step 03698/05568 (66.42%) | loss: 2.514497 | lrm: 0.54 | dt: 5208.66ms | tok/sec: 201,314 | bf16_mfu: 48.60 | epoch: 1 pq: 86 rg: 28 | total time: 316.24m | eta: 160.4m
step 03699/05568 (66.43%) | loss: 2.508772 | lrm: 0.54 | dt: 5138.90ms | tok/sec: 204,046 | bf16_mfu: 49.26 | epoch: 1 pq: 86 rg: 30 | total time: 316.33m | eta: 160.3m
step 03700/05568 (66.45%) | loss: 2.496315 | lrm: 0.54 | dt: 5146.24ms | tok/sec: 203,755 | bf16_mfu: 49.19 | epoch: 1 pq: 86 rg: 32 | total time: 316.41m | eta: 160.2m
step 03701/05568 (66.47%) | loss: 2.495791 | lrm: 0.54 | dt: 5147.30ms | tok/sec: 203,713 | bf16_mfu: 49.18 | epoch: 1 pq: 86 rg: 34 | total time: 316.50m | eta: 160.1m
step 03702/05568 (66.49%) | loss: 2.507186 | lrm: 0.54 | dt: 5271.85ms | tok/sec: 198,901 | bf16_mfu: 48.02 | epoch: 1 pq: 86 rg: 36 | total time: 316.59m | eta: 160.0m
step 03703/05568 (66.51%) | loss: 2.510101 | lrm: 0.54 | dt: 5188.22ms | tok/sec: 202,106 | bf16_mfu: 48.79 | epoch: 1 pq: 86 rg: 36 | total time: 316.67m | eta: 159.9m
step 03704/05568 (66.52%) | loss: 2.494443 | lrm: 0.54 | dt: 5148.24ms | tok/sec: 203,676 | bf16_mfu: 49.17 | epoch: 1 pq: 86 rg: 38 | total time: 316.76m | eta: 159.8m
step 03705/05568 (66.54%) | loss: 2.500755 | lrm: 0.54 | dt: 5132.56ms | tok/sec: 204,298 | bf16_mfu: 49.32 | epoch: 1 pq: 86 rg: 40 | total time: 316.85m | eta: 159.8m
step 03706/05568 (66.56%) | loss: 2.497503 | lrm: 0.54 | dt: 5113.82ms | tok/sec: 205,047 | bf16_mfu: 49.50 | epoch: 1 pq: 86 rg: 42 | total time: 316.93m | eta: 159.7m
step 03707/05568 (66.58%) | loss: 2.490048 | lrm: 0.54 | dt: 5224.81ms | tok/sec: 200,691 | bf16_mfu: 48.45 | epoch: 1 pq: 86 rg: 44 | total time: 317.02m | eta: 159.6m
step 03708/05568 (66.59%) | loss: 2.498805 | lrm: 0.54 | dt: 5116.04ms | tok/sec: 204,958 | bf16_mfu: 49.48 | epoch: 1 pq: 86 rg: 46 | total time: 317.10m | eta: 159.5m
step 03709/05568 (66.61%) | loss: 2.500457 | lrm: 0.54 | dt: 5131.58ms | tok/sec: 204,337 | bf16_mfu: 49.33 | epoch: 1 pq: 86 rg: 48 | total time: 317.19m | eta: 159.4m
step 03710/05568 (66.63%) | loss: 2.490868 | lrm: 0.54 | dt: 5168.19ms | tok/sec: 202,890 | bf16_mfu: 48.98 | epoch: 1 pq: 86 rg: 50 | total time: 317.27m | eta: 159.3m
step 03711/05568 (66.65%) | loss: 2.487216 | lrm: 0.54 | dt: 5176.89ms | tok/sec: 202,549 | bf16_mfu: 48.90 | epoch: 1 pq: 86 rg: 52 | total time: 317.36m | eta: 159.2m
step 03712/05568 (66.67%) | loss: 2.490652 | lrm: 0.54 | dt: 5153.24ms | tok/sec: 203,478 | bf16_mfu: 49.12 | epoch: 1 pq: 86 rg: 54 | total time: 317.45m | eta: 159.2m
step 03713/05568 (66.68%) | loss: 2.495720 | lrm: 0.54 | dt: 5175.42ms | tok/sec: 202,606 | bf16_mfu: 48.91 | epoch: 1 pq: 86 rg: 56 | total time: 317.53m | eta: 159.1m
step 03714/05568 (66.70%) | loss: 2.491929 | lrm: 0.54 | dt: 5132.47ms | tok/sec: 204,302 | bf16_mfu: 49.32 | epoch: 1 pq: 86 rg: 58 | total time: 317.62m | eta: 159.0m
step 03715/05568 (66.72%) | loss: 2.489899 | lrm: 0.54 | dt: 5183.80ms | tok/sec: 202,279 | bf16_mfu: 48.83 | epoch: 1 pq: 86 rg: 60 | total time: 317.70m | eta: 158.9m
step 03716/05568 (66.74%) | loss: 2.474203 | lrm: 0.54 | dt: 5174.15ms | tok/sec: 202,656 | bf16_mfu: 48.92 | epoch: 1 pq: 86 rg: 62 | total time: 317.79m | eta: 158.8m
step 03717/05568 (66.76%) | loss: 2.473166 | lrm: 0.54 | dt: 5741.47ms | tok/sec: 182,631 | bf16_mfu: 44.09 | epoch: 1 pq: 86 rg: 64 | total time: 317.89m | eta: 158.7m
step 03718/05568 (66.77%) | loss: 2.467145 | lrm: 0.54 | dt: 5143.13ms | tok/sec: 203,878 | bf16_mfu: 49.22 | epoch: 1 pq: 86 rg: 66 | total time: 317.97m | eta: 158.6m
step 03719/05568 (66.79%) | loss: 2.488658 | lrm: 0.54 | dt: 5143.37ms | tok/sec: 203,869 | bf16_mfu: 49.22 | epoch: 1 pq: 86 rg: 68 | total time: 318.06m | eta: 158.6m
step 03720/05568 (66.81%) | loss: 2.485633 | lrm: 0.54 | dt: 5139.58ms | tok/sec: 204,019 | bf16_mfu: 49.25 | epoch: 1 pq: 86 rg: 70 | total time: 318.14m | eta: 158.5m
step 03721/05568 (66.83%) | loss: 2.495994 | lrm: 0.53 | dt: 5153.38ms | tok/sec: 203,473 | bf16_mfu: 49.12 | epoch: 1 pq: 86 rg: 72 | total time: 318.23m | eta: 158.4m
step 03722/05568 (66.85%) | loss: 2.485668 | lrm: 0.53 | dt: 5146.01ms | tok/sec: 203,764 | bf16_mfu: 49.19 | epoch: 1 pq: 86 rg: 74 | total time: 318.32m | eta: 158.3m
step 03723/05568 (66.86%) | loss: 2.477235 | lrm: 0.53 | dt: 5158.89ms | tok/sec: 203,256 | bf16_mfu: 49.07 | epoch: 1 pq: 86 rg: 76 | total time: 318.40m | eta: 158.2m
step 03724/05568 (66.88%) | loss: 2.475045 | lrm: 0.53 | dt: 5148.00ms | tok/sec: 203,686 | bf16_mfu: 49.17 | epoch: 1 pq: 86 rg: 78 | total time: 318.49m | eta: 158.1m
step 03725/05568 (66.90%) | loss: 2.470447 | lrm: 0.53 | dt: 5127.12ms | tok/sec: 204,515 | bf16_mfu: 49.37 | epoch: 1 pq: 86 rg: 80 | total time: 318.57m | eta: 158.0m
step 03726/05568 (66.92%) | loss: 2.465015 | lrm: 0.53 | dt: 5130.63ms | tok/sec: 204,375 | bf16_mfu: 49.34 | epoch: 1 pq: 86 rg: 82 | total time: 318.66m | eta: 158.0m
step 03727/05568 (66.94%) | loss: 2.458776 | lrm: 0.53 | dt: 5186.31ms | tok/sec: 202,181 | bf16_mfu: 48.81 | epoch: 1 pq: 87 rg: 0 | total time: 318.74m | eta: 157.9m
step 03728/05568 (66.95%) | loss: 2.466879 | lrm: 0.53 | dt: 5117.35ms | tok/sec: 204,906 | bf16_mfu: 49.47 | epoch: 1 pq: 87 rg: 2 | total time: 318.83m | eta: 157.8m
step 03729/05568 (66.97%) | loss: 2.457378 | lrm: 0.53 | dt: 5183.83ms | tok/sec: 202,278 | bf16_mfu: 48.83 | epoch: 1 pq: 87 rg: 4 | total time: 318.92m | eta: 157.7m
step 03730/05568 (66.99%) | loss: 2.446559 | lrm: 0.53 | dt: 5178.21ms | tok/sec: 202,497 | bf16_mfu: 48.89 | epoch: 1 pq: 87 rg: 6 | total time: 319.00m | eta: 157.6m
step 03731/05568 (67.01%) | loss: 2.440884 | lrm: 0.53 | dt: 5488.09ms | tok/sec: 191,063 | bf16_mfu: 46.13 | epoch: 1 pq: 87 rg: 8 | total time: 319.09m | eta: 157.5m
step 03732/05568 (67.03%) | loss: 2.427976 | lrm: 0.53 | dt: 5158.60ms | tok/sec: 203,267 | bf16_mfu: 49.07 | epoch: 1 pq: 87 rg: 10 | total time: 319.18m | eta: 157.4m
step 03733/05568 (67.04%) | loss: 2.442127 | lrm: 0.53 | dt: 5138.33ms | tok/sec: 204,069 | bf16_mfu: 49.27 | epoch: 1 pq: 87 rg: 12 | total time: 319.27m | eta: 157.4m
step 03734/05568 (67.06%) | loss: 2.432430 | lrm: 0.53 | dt: 5126.45ms | tok/sec: 204,542 | bf16_mfu: 49.38 | epoch: 1 pq: 87 rg: 14 | total time: 319.35m | eta: 157.3m
step 03735/05568 (67.08%) | loss: 2.439805 | lrm: 0.53 | dt: 5165.31ms | tok/sec: 203,003 | bf16_mfu: 49.01 | epoch: 1 pq: 87 rg: 14 | total time: 319.44m | eta: 157.2m
step 03736/05568 (67.10%) | loss: 2.421173 | lrm: 0.53 | dt: 5155.08ms | tok/sec: 203,406 | bf16_mfu: 49.11 | epoch: 1 pq: 87 rg: 16 | total time: 319.52m | eta: 157.1m
step 03737/05568 (67.12%) | loss: 2.412041 | lrm: 0.53 | dt: 5161.58ms | tok/sec: 203,150 | bf16_mfu: 49.04 | epoch: 1 pq: 87 rg: 18 | total time: 319.61m | eta: 157.0m
step 03738/05568 (67.13%) | loss: 2.398873 | lrm: 0.53 | dt: 5137.68ms | tok/sec: 204,095 | bf16_mfu: 49.27 | epoch: 1 pq: 87 rg: 20 | total time: 319.69m | eta: 156.9m
step 03739/05568 (67.15%) | loss: 2.410195 | lrm: 0.53 | dt: 5119.22ms | tok/sec: 204,831 | bf16_mfu: 49.45 | epoch: 1 pq: 87 rg: 22 | total time: 319.78m | eta: 156.8m
step 03740/05568 (67.17%) | loss: 2.411580 | lrm: 0.53 | dt: 5192.18ms | tok/sec: 201,952 | bf16_mfu: 48.75 | epoch: 1 pq: 87 rg: 24 | total time: 319.87m | eta: 156.8m
step 03741/05568 (67.19%) | loss: 2.419636 | lrm: 0.53 | dt: 5152.17ms | tok/sec: 203,521 | bf16_mfu: 49.13 | epoch: 1 pq: 87 rg: 26 | total time: 319.95m | eta: 156.7m
step 03742/05568 (67.21%) | loss: 2.423095 | lrm: 0.53 | dt: 5141.36ms | tok/sec: 203,949 | bf16_mfu: 49.24 | epoch: 1 pq: 87 rg: 28 | total time: 320.04m | eta: 156.6m
step 03743/05568 (67.22%) | loss: 2.460560 | lrm: 0.53 | dt: 5130.58ms | tok/sec: 204,377 | bf16_mfu: 49.34 | epoch: 1 pq: 87 rg: 30 | total time: 320.12m | eta: 156.5m
step 03744/05568 (67.24%) | loss: 2.470899 | lrm: 0.53 | dt: 5123.36ms | tok/sec: 204,665 | bf16_mfu: 49.41 | epoch: 1 pq: 87 rg: 32 | total time: 320.21m | eta: 156.4m
step 03745/05568 (67.26%) | loss: 2.459874 | lrm: 0.53 | dt: 5223.74ms | tok/sec: 200,732 | bf16_mfu: 48.46 | epoch: 1 pq: 87 rg: 34 | total time: 320.30m | eta: 156.3m
step 03746/05568 (67.28%) | loss: 2.463415 | lrm: 0.53 | dt: 5165.81ms | tok/sec: 202,983 | bf16_mfu: 49.00 | epoch: 1 pq: 87 rg: 36 | total time: 320.38m | eta: 156.2m
step 03747/05568 (67.30%) | loss: 2.449494 | lrm: 0.53 | dt: 5147.91ms | tok/sec: 203,689 | bf16_mfu: 49.17 | epoch: 1 pq: 87 rg: 38 | total time: 320.47m | eta: 156.2m
step 03748/05568 (67.31%) | loss: 2.451535 | lrm: 0.53 | dt: 5172.84ms | tok/sec: 202,707 | bf16_mfu: 48.94 | epoch: 1 pq: 87 rg: 40 | total time: 320.55m | eta: 156.1m
step 03749/05568 (67.33%) | loss: 2.457959 | lrm: 0.53 | dt: 5129.31ms | tok/sec: 204,428 | bf16_mfu: 49.35 | epoch: 1 pq: 87 rg: 42 | total time: 320.64m | eta: 156.0m
Step 03750 | Validation bpb: 0.752569
step 03750/05568 (67.35%) | loss: 2.451982 | lrm: 0.53 | dt: 5153.60ms | tok/sec: 203,464 | bf16_mfu: 49.12 | epoch: 1 pq: 87 rg: 44 | total time: 320.73m | eta: 155.9m
step 03751/05568 (67.37%) | loss: 2.471446 | lrm: 0.53 | dt: 5230.56ms | tok/sec: 200,471 | bf16_mfu: 48.40 | epoch: 1 pq: 87 rg: 46 | total time: 320.81m | eta: 155.8m
step 03752/05568 (67.39%) | loss: 2.464251 | lrm: 0.53 | dt: 5191.63ms | tok/sec: 201,974 | bf16_mfu: 48.76 | epoch: 1 pq: 87 rg: 48 | total time: 320.90m | eta: 155.7m
step 03753/05568 (67.40%) | loss: 2.451085 | lrm: 0.53 | dt: 5167.98ms | tok/sec: 202,898 | bf16_mfu: 48.98 | epoch: 1 pq: 87 rg: 50 | total time: 320.99m | eta: 155.6m
step 03754/05568 (67.42%) | loss: 2.450716 | lrm: 0.53 | dt: 5136.15ms | tok/sec: 204,156 | bf16_mfu: 49.29 | epoch: 1 pq: 87 rg: 52 | total time: 321.07m | eta: 155.6m
step 03755/05568 (67.44%) | loss: 2.460273 | lrm: 0.53 | dt: 5159.67ms | tok/sec: 203,225 | bf16_mfu: 49.06 | epoch: 1 pq: 87 rg: 54 | total time: 321.16m | eta: 155.5m
step 03756/05568 (67.46%) | loss: 2.450277 | lrm: 0.53 | dt: 5153.78ms | tok/sec: 203,457 | bf16_mfu: 49.12 | epoch: 1 pq: 87 rg: 56 | total time: 321.24m | eta: 155.4m
step 03757/05568 (67.47%) | loss: 2.450601 | lrm: 0.53 | dt: 5206.30ms | tok/sec: 201,405 | bf16_mfu: 48.62 | epoch: 1 pq: 87 rg: 58 | total time: 321.33m | eta: 155.3m
step 03758/05568 (67.49%) | loss: 2.458278 | lrm: 0.53 | dt: 5145.49ms | tok/sec: 203,785 | bf16_mfu: 49.20 | epoch: 1 pq: 87 rg: 60 | total time: 321.42m | eta: 155.2m
step 03759/05568 (67.51%) | loss: 2.463631 | lrm: 0.52 | dt: 5208.60ms | tok/sec: 201,316 | bf16_mfu: 48.60 | epoch: 1 pq: 87 rg: 62 | total time: 321.50m | eta: 155.1m
step 03760/05568 (67.53%) | loss: 2.469838 | lrm: 0.52 | dt: 5137.25ms | tok/sec: 204,112 | bf16_mfu: 49.28 | epoch: 1 pq: 87 rg: 64 | total time: 321.59m | eta: 155.0m
step 03761/05568 (67.55%) | loss: 2.482930 | lrm: 0.52 | dt: 5114.44ms | tok/sec: 205,022 | bf16_mfu: 49.50 | epoch: 1 pq: 87 rg: 66 | total time: 321.67m | eta: 155.0m
step 03762/05568 (67.56%) | loss: 2.460293 | lrm: 0.52 | dt: 5137.36ms | tok/sec: 204,107 | bf16_mfu: 49.28 | epoch: 1 pq: 87 rg: 68 | total time: 321.76m | eta: 154.9m
step 03763/05568 (67.58%) | loss: 2.468358 | lrm: 0.52 | dt: 5110.05ms | tok/sec: 205,198 | bf16_mfu: 49.54 | epoch: 1 pq: 87 rg: 70 | total time: 321.84m | eta: 154.8m
step 03764/05568 (67.60%) | loss: 2.466375 | lrm: 0.52 | dt: 5158.43ms | tok/sec: 203,274 | bf16_mfu: 49.07 | epoch: 1 pq: 87 rg: 72 | total time: 321.93m | eta: 154.7m
step 03765/05568 (67.62%) | loss: 2.475659 | lrm: 0.52 | dt: 5142.57ms | tok/sec: 203,901 | bf16_mfu: 49.23 | epoch: 1 pq: 87 rg: 72 | total time: 322.02m | eta: 154.6m
step 03766/05568 (67.64%) | loss: 2.477770 | lrm: 0.52 | dt: 5147.31ms | tok/sec: 203,713 | bf16_mfu: 49.18 | epoch: 1 pq: 87 rg: 74 | total time: 322.10m | eta: 154.5m
step 03767/05568 (67.65%) | loss: 2.480729 | lrm: 0.52 | dt: 5160.88ms | tok/sec: 203,177 | bf16_mfu: 49.05 | epoch: 1 pq: 87 rg: 76 | total time: 322.19m | eta: 154.4m
step 03768/05568 (67.67%) | loss: 2.468544 | lrm: 0.52 | dt: 5189.59ms | tok/sec: 202,053 | bf16_mfu: 48.78 | epoch: 1 pq: 87 rg: 78 | total time: 322.27m | eta: 154.4m
step 03769/05568 (67.69%) | loss: 2.473767 | lrm: 0.52 | dt: 5141.12ms | tok/sec: 203,958 | bf16_mfu: 49.24 | epoch: 1 pq: 87 rg: 80 | total time: 322.36m | eta: 154.3m
step 03770/05568 (67.71%) | loss: 2.461001 | lrm: 0.52 | dt: 5122.07ms | tok/sec: 204,717 | bf16_mfu: 49.42 | epoch: 1 pq: 88 rg: 0 | total time: 322.45m | eta: 154.2m
step 03771/05568 (67.73%) | loss: 2.459127 | lrm: 0.52 | dt: 5182.60ms | tok/sec: 202,326 | bf16_mfu: 48.84 | epoch: 1 pq: 88 rg: 2 | total time: 322.53m | eta: 154.1m
step 03772/05568 (67.74%) | loss: 2.466639 | lrm: 0.52 | dt: 5180.95ms | tok/sec: 202,390 | bf16_mfu: 48.86 | epoch: 1 pq: 88 rg: 4 | total time: 322.62m | eta: 154.0m
step 03773/05568 (67.76%) | loss: 2.447197 | lrm: 0.52 | dt: 5134.90ms | tok/sec: 204,205 | bf16_mfu: 49.30 | epoch: 1 pq: 88 rg: 6 | total time: 322.70m | eta: 153.9m
step 03774/05568 (67.78%) | loss: 2.449883 | lrm: 0.52 | dt: 5162.24ms | tok/sec: 203,124 | bf16_mfu: 49.04 | epoch: 1 pq: 88 rg: 8 | total time: 322.79m | eta: 153.8m
step 03775/05568 (67.80%) | loss: 2.446600 | lrm: 0.52 | dt: 5140.86ms | tok/sec: 203,969 | bf16_mfu: 49.24 | epoch: 1 pq: 88 rg: 10 | total time: 322.88m | eta: 153.8m
step 03776/05568 (67.82%) | loss: 2.452327 | lrm: 0.52 | dt: 5115.14ms | tok/sec: 204,994 | bf16_mfu: 49.49 | epoch: 1 pq: 88 rg: 12 | total time: 322.96m | eta: 153.7m
step 03777/05568 (67.83%) | loss: 2.439332 | lrm: 0.52 | dt: 5181.77ms | tok/sec: 202,358 | bf16_mfu: 48.85 | epoch: 1 pq: 88 rg: 14 | total time: 323.05m | eta: 153.6m
step 03778/05568 (67.85%) | loss: 2.451769 | lrm: 0.52 | dt: 5146.80ms | tok/sec: 203,733 | bf16_mfu: 49.18 | epoch: 1 pq: 88 rg: 16 | total time: 323.13m | eta: 153.5m
step 03779/05568 (67.87%) | loss: 2.453211 | lrm: 0.52 | dt: 5126.97ms | tok/sec: 204,521 | bf16_mfu: 49.37 | epoch: 1 pq: 88 rg: 18 | total time: 323.22m | eta: 153.4m
step 03780/05568 (67.89%) | loss: 2.450982 | lrm: 0.52 | dt: 5186.88ms | tok/sec: 202,159 | bf16_mfu: 48.80 | epoch: 1 pq: 88 rg: 20 | total time: 323.30m | eta: 153.3m
step 03781/05568 (67.91%) | loss: 2.440908 | lrm: 0.52 | dt: 5150.80ms | tok/sec: 203,575 | bf16_mfu: 49.15 | epoch: 1 pq: 88 rg: 22 | total time: 323.39m | eta: 153.2m
step 03782/05568 (67.92%) | loss: 2.458073 | lrm: 0.52 | dt: 5108.79ms | tok/sec: 205,249 | bf16_mfu: 49.55 | epoch: 1 pq: 88 rg: 24 | total time: 323.48m | eta: 153.2m
step 03783/05568 (67.94%) | loss: 2.468889 | lrm: 0.52 | dt: 5136.69ms | tok/sec: 204,134 | bf16_mfu: 49.28 | epoch: 1 pq: 88 rg: 26 | total time: 323.56m | eta: 153.1m
step 03784/05568 (67.96%) | loss: 2.469052 | lrm: 0.52 | dt: 5164.71ms | tok/sec: 203,026 | bf16_mfu: 49.01 | epoch: 1 pq: 88 rg: 28 | total time: 323.65m | eta: 153.0m
step 03785/05568 (67.98%) | loss: 2.471568 | lrm: 0.52 | dt: 5090.93ms | tok/sec: 205,969 | bf16_mfu: 49.72 | epoch: 1 pq: 88 rg: 30 | total time: 323.73m | eta: 152.9m
step 03786/05568 (68.00%) | loss: 2.473262 | lrm: 0.52 | dt: 5185.88ms | tok/sec: 202,198 | bf16_mfu: 48.81 | epoch: 1 pq: 88 rg: 32 | total time: 323.82m | eta: 152.8m
step 03787/05568 (68.01%) | loss: 2.469296 | lrm: 0.52 | dt: 5187.05ms | tok/sec: 202,152 | bf16_mfu: 48.80 | epoch: 1 pq: 88 rg: 34 | total time: 323.90m | eta: 152.7m
step 03788/05568 (68.03%) | loss: 2.466767 | lrm: 0.52 | dt: 6745.39ms | tok/sec: 155,450 | bf16_mfu: 37.53 | epoch: 1 pq: 88 rg: 36 | total time: 324.02m | eta: 152.7m
step 03789/05568 (68.05%) | loss: 2.451929 | lrm: 0.52 | dt: 5070.82ms | tok/sec: 206,786 | bf16_mfu: 49.92 | epoch: 1 pq: 88 rg: 38 | total time: 324.10m | eta: 152.6m
step 03790/05568 (68.07%) | loss: 2.458361 | lrm: 0.52 | dt: 5404.75ms | tok/sec: 194,010 | bf16_mfu: 46.84 | epoch: 1 pq: 88 rg: 40 | total time: 324.19m | eta: 152.5m
step 03791/05568 (68.09%) | loss: 2.460427 | lrm: 0.52 | dt: 5176.47ms | tok/sec: 202,566 | bf16_mfu: 48.90 | epoch: 1 pq: 88 rg: 42 | total time: 324.28m | eta: 152.4m
step 03792/05568 (68.10%) | loss: 2.476023 | lrm: 0.52 | dt: 5383.79ms | tok/sec: 194,765 | bf16_mfu: 47.02 | epoch: 1 pq: 88 rg: 44 | total time: 324.37m | eta: 152.3m
step 03793/05568 (68.12%) | loss: 2.475864 | lrm: 0.52 | dt: 5124.25ms | tok/sec: 204,630 | bf16_mfu: 49.40 | epoch: 1 pq: 88 rg: 46 | total time: 324.45m | eta: 152.2m
step 03794/05568 (68.14%) | loss: 2.486097 | lrm: 0.52 | dt: 5144.91ms | tok/sec: 203,808 | bf16_mfu: 49.20 | epoch: 1 pq: 88 rg: 48 | total time: 324.54m | eta: 152.1m
step 03795/05568 (68.16%) | loss: 2.483435 | lrm: 0.52 | dt: 5117.22ms | tok/sec: 204,911 | bf16_mfu: 49.47 | epoch: 1 pq: 88 rg: 50 | total time: 324.62m | eta: 152.1m
step 03796/05568 (68.18%) | loss: 2.474519 | lrm: 0.52 | dt: 5114.48ms | tok/sec: 205,021 | bf16_mfu: 49.50 | epoch: 1 pq: 88 rg: 52 | total time: 324.71m | eta: 152.0m
step 03797/05568 (68.19%) | loss: 2.481391 | lrm: 0.51 | dt: 5205.70ms | tok/sec: 201,428 | bf16_mfu: 48.63 | epoch: 1 pq: 88 rg: 54 | total time: 324.80m | eta: 151.9m
step 03798/05568 (68.21%) | loss: 2.479596 | lrm: 0.51 | dt: 5133.98ms | tok/sec: 204,242 | bf16_mfu: 49.31 | epoch: 1 pq: 88 rg: 56 | total time: 324.88m | eta: 151.8m
step 03799/05568 (68.23%) | loss: 2.460212 | lrm: 0.51 | dt: 5176.65ms | tok/sec: 202,558 | bf16_mfu: 48.90 | epoch: 1 pq: 88 rg: 58 | total time: 324.97m | eta: 151.7m
step 03800/05568 (68.25%) | loss: 2.463431 | lrm: 0.51 | dt: 4845.78ms | tok/sec: 216,389 | bf16_mfu: 52.24 | epoch: 1 pq: 88 rg: 60 | total time: 325.05m | eta: 151.6m
step 03801/05568 (68.27%) | loss: 2.458708 | lrm: 0.51 | dt: 5047.96ms | tok/sec: 207,722 | bf16_mfu: 50.15 | epoch: 1 pq: 88 rg: 62 | total time: 325.13m | eta: 151.5m
step 03802/05568 (68.28%) | loss: 2.452606 | lrm: 0.51 | dt: 5089.11ms | tok/sec: 206,043 | bf16_mfu: 49.74 | epoch: 1 pq: 88 rg: 64 | total time: 325.22m | eta: 151.5m
step 03803/05568 (68.30%) | loss: 2.458488 | lrm: 0.51 | dt: 5116.18ms | tok/sec: 204,952 | bf16_mfu: 49.48 | epoch: 1 pq: 88 rg: 66 | total time: 325.30m | eta: 151.4m
step 03804/05568 (68.32%) | loss: 2.441279 | lrm: 0.51 | dt: 5188.80ms | tok/sec: 202,084 | bf16_mfu: 48.79 | epoch: 1 pq: 88 rg: 68 | total time: 325.39m | eta: 151.3m
step 03805/05568 (68.34%) | loss: 2.460964 | lrm: 0.51 | dt: 5143.65ms | tok/sec: 203,858 | bf16_mfu: 49.21 | epoch: 1 pq: 88 rg: 68 | total time: 325.48m | eta: 151.2m
step 03806/05568 (68.35%) | loss: 2.460030 | lrm: 0.51 | dt: 5171.60ms | tok/sec: 202,756 | bf16_mfu: 48.95 | epoch: 1 pq: 88 rg: 70 | total time: 325.56m | eta: 151.1m
step 03807/05568 (68.37%) | loss: 2.454877 | lrm: 0.51 | dt: 5137.70ms | tok/sec: 204,094 | bf16_mfu: 49.27 | epoch: 1 pq: 88 rg: 72 | total time: 325.65m | eta: 151.0m
step 03808/05568 (68.39%) | loss: 2.466887 | lrm: 0.51 | dt: 5170.13ms | tok/sec: 202,814 | bf16_mfu: 48.96 | epoch: 1 pq: 88 rg: 74 | total time: 325.73m | eta: 150.9m
step 03809/05568 (68.41%) | loss: 2.467810 | lrm: 0.51 | dt: 5130.28ms | tok/sec: 204,389 | bf16_mfu: 49.34 | epoch: 1 pq: 88 rg: 76 | total time: 325.82m | eta: 150.9m
step 03810/05568 (68.43%) | loss: 2.468199 | lrm: 0.51 | dt: 5142.97ms | tok/sec: 203,885 | bf16_mfu: 49.22 | epoch: 1 pq: 88 rg: 78 | total time: 325.90m | eta: 150.8m
step 03811/05568 (68.44%) | loss: 2.474900 | lrm: 0.51 | dt: 5126.64ms | tok/sec: 204,534 | bf16_mfu: 49.38 | epoch: 1 pq: 88 rg: 80 | total time: 325.99m | eta: 150.7m
step 03812/05568 (68.46%) | loss: 2.441512 | lrm: 0.51 | dt: 5176.58ms | tok/sec: 202,561 | bf16_mfu: 48.90 | epoch: 1 pq: 88 rg: 82 | total time: 326.08m | eta: 150.6m
step 03813/05568 (68.48%) | loss: 2.460534 | lrm: 0.51 | dt: 5127.63ms | tok/sec: 204,495 | bf16_mfu: 49.37 | epoch: 1 pq: 89 rg: 0 | total time: 326.16m | eta: 150.5m
step 03814/05568 (68.50%) | loss: 2.450837 | lrm: 0.51 | dt: 5117.38ms | tok/sec: 204,905 | bf16_mfu: 49.47 | epoch: 1 pq: 89 rg: 2 | total time: 326.25m | eta: 150.4m
step 03815/05568 (68.52%) | loss: 2.455086 | lrm: 0.51 | dt: 5174.75ms | tok/sec: 202,633 | bf16_mfu: 48.92 | epoch: 1 pq: 89 rg: 4 | total time: 326.33m | eta: 150.3m
step 03816/05568 (68.53%) | loss: 2.444492 | lrm: 0.51 | dt: 5140.77ms | tok/sec: 203,972 | bf16_mfu: 49.24 | epoch: 1 pq: 89 rg: 6 | total time: 326.42m | eta: 150.3m
step 03817/05568 (68.55%) | loss: 2.432850 | lrm: 0.51 | dt: 5568.66ms | tok/sec: 188,299 | bf16_mfu: 45.46 | epoch: 1 pq: 89 rg: 8 | total time: 326.51m | eta: 150.2m
step 03818/05568 (68.57%) | loss: 2.434905 | lrm: 0.51 | dt: 5142.10ms | tok/sec: 203,919 | bf16_mfu: 49.23 | epoch: 1 pq: 89 rg: 10 | total time: 326.60m | eta: 150.1m
step 03819/05568 (68.59%) | loss: 2.429018 | lrm: 0.51 | dt: 5177.83ms | tok/sec: 202,512 | bf16_mfu: 48.89 | epoch: 1 pq: 89 rg: 12 | total time: 326.68m | eta: 150.0m
step 03820/05568 (68.61%) | loss: 2.468547 | lrm: 0.51 | dt: 5166.22ms | tok/sec: 202,967 | bf16_mfu: 49.00 | epoch: 1 pq: 89 rg: 14 | total time: 326.77m | eta: 149.9m
step 03821/05568 (68.62%) | loss: 2.482634 | lrm: 0.51 | dt: 5143.98ms | tok/sec: 203,845 | bf16_mfu: 49.21 | epoch: 1 pq: 89 rg: 16 | total time: 326.86m | eta: 149.8m
step 03822/05568 (68.64%) | loss: 2.465113 | lrm: 0.51 | dt: 5173.21ms | tok/sec: 202,693 | bf16_mfu: 48.93 | epoch: 1 pq: 89 rg: 18 | total time: 326.94m | eta: 149.7m
step 03823/05568 (68.66%) | loss: 2.460313 | lrm: 0.51 | dt: 5183.74ms | tok/sec: 202,281 | bf16_mfu: 48.83 | epoch: 1 pq: 89 rg: 20 | total time: 327.03m | eta: 149.7m
step 03824/05568 (68.68%) | loss: 2.458831 | lrm: 0.51 | dt: 5147.86ms | tok/sec: 203,691 | bf16_mfu: 49.17 | epoch: 1 pq: 89 rg: 22 | total time: 327.11m | eta: 149.6m
step 03825/05568 (68.70%) | loss: 2.440013 | lrm: 0.51 | dt: 5119.98ms | tok/sec: 204,800 | bf16_mfu: 49.44 | epoch: 1 pq: 89 rg: 24 | total time: 327.20m | eta: 149.5m
step 03826/05568 (68.71%) | loss: 2.440577 | lrm: 0.51 | dt: 5159.00ms | tok/sec: 203,251 | bf16_mfu: 49.07 | epoch: 1 pq: 89 rg: 26 | total time: 327.29m | eta: 149.4m
step 03827/05568 (68.73%) | loss: 2.430118 | lrm: 0.51 | dt: 5149.82ms | tok/sec: 203,614 | bf16_mfu: 49.16 | epoch: 1 pq: 89 rg: 28 | total time: 327.37m | eta: 149.3m
step 03828/05568 (68.75%) | loss: 2.440902 | lrm: 0.51 | dt: 5194.73ms | tok/sec: 201,853 | bf16_mfu: 48.73 | epoch: 1 pq: 89 rg: 30 | total time: 327.46m | eta: 149.2m
step 03829/05568 (68.77%) | loss: 2.455218 | lrm: 0.51 | dt: 5127.12ms | tok/sec: 204,515 | bf16_mfu: 49.37 | epoch: 1 pq: 89 rg: 32 | total time: 327.54m | eta: 149.1m
step 03830/05568 (68.79%) | loss: 2.446724 | lrm: 0.51 | dt: 6054.12ms | tok/sec: 173,200 | bf16_mfu: 41.81 | epoch: 1 pq: 89 rg: 34 | total time: 327.64m | eta: 149.1m
step 03831/05568 (68.80%) | loss: 2.453774 | lrm: 0.51 | dt: 5055.13ms | tok/sec: 207,428 | bf16_mfu: 50.08 | epoch: 1 pq: 89 rg: 34 | total time: 327.73m | eta: 149.0m
step 03832/05568 (68.82%) | loss: 2.449935 | lrm: 0.51 | dt: 5201.04ms | tok/sec: 201,608 | bf16_mfu: 48.67 | epoch: 1 pq: 89 rg: 36 | total time: 327.81m | eta: 148.9m
step 03833/05568 (68.84%) | loss: 2.432724 | lrm: 0.51 | dt: 5128.74ms | tok/sec: 204,451 | bf16_mfu: 49.36 | epoch: 1 pq: 89 rg: 38 | total time: 327.90m | eta: 148.8m
step 03834/05568 (68.86%) | loss: 2.445371 | lrm: 0.51 | dt: 5157.87ms | tok/sec: 203,296 | bf16_mfu: 49.08 | epoch: 1 pq: 89 rg: 40 | total time: 327.99m | eta: 148.7m
step 03835/05568 (68.88%) | loss: 2.435739 | lrm: 0.50 | dt: 5143.04ms | tok/sec: 203,882 | bf16_mfu: 49.22 | epoch: 1 pq: 89 rg: 42 | total time: 328.07m | eta: 148.6m
step 03836/05568 (68.89%) | loss: 2.423877 | lrm: 0.50 | dt: 5171.08ms | tok/sec: 202,776 | bf16_mfu: 48.95 | epoch: 1 pq: 89 rg: 44 | total time: 328.16m | eta: 148.6m
step 03837/05568 (68.91%) | loss: 2.427840 | lrm: 0.50 | dt: 5152.99ms | tok/sec: 203,488 | bf16_mfu: 49.13 | epoch: 1 pq: 89 rg: 46 | total time: 328.24m | eta: 148.5m
step 03838/05568 (68.93%) | loss: 2.450579 | lrm: 0.50 | dt: 5150.57ms | tok/sec: 203,584 | bf16_mfu: 49.15 | epoch: 1 pq: 89 rg: 48 | total time: 328.33m | eta: 148.4m
step 03839/05568 (68.95%) | loss: 2.469121 | lrm: 0.50 | dt: 5178.07ms | tok/sec: 202,503 | bf16_mfu: 48.89 | epoch: 1 pq: 89 rg: 50 | total time: 328.42m | eta: 148.3m
step 03840/05568 (68.97%) | loss: 2.498623 | lrm: 0.50 | dt: 5168.67ms | tok/sec: 202,871 | bf16_mfu: 48.98 | epoch: 1 pq: 89 rg: 52 | total time: 328.50m | eta: 148.2m
step 03841/05568 (68.98%) | loss: 2.503449 | lrm: 0.50 | dt: 5134.40ms | tok/sec: 204,225 | bf16_mfu: 49.30 | epoch: 1 pq: 89 rg: 54 | total time: 328.59m | eta: 148.1m
step 03842/05568 (69.00%) | loss: 2.511405 | lrm: 0.50 | dt: 5125.61ms | tok/sec: 204,575 | bf16_mfu: 49.39 | epoch: 1 pq: 89 rg: 56 | total time: 328.67m | eta: 148.0m
step 03843/05568 (69.02%) | loss: 2.495616 | lrm: 0.50 | dt: 5166.65ms | tok/sec: 202,950 | bf16_mfu: 49.00 | epoch: 1 pq: 89 rg: 58 | total time: 328.76m | eta: 148.0m
step 03844/05568 (69.04%) | loss: 2.506124 | lrm: 0.50 | dt: 5141.48ms | tok/sec: 203,944 | bf16_mfu: 49.24 | epoch: 1 pq: 89 rg: 60 | total time: 328.85m | eta: 147.9m
step 03845/05568 (69.06%) | loss: 2.522970 | lrm: 0.50 | dt: 5144.51ms | tok/sec: 203,824 | bf16_mfu: 49.21 | epoch: 1 pq: 89 rg: 62 | total time: 328.93m | eta: 147.8m
step 03846/05568 (69.07%) | loss: 2.500880 | lrm: 0.50 | dt: 5169.21ms | tok/sec: 202,850 | bf16_mfu: 48.97 | epoch: 1 pq: 89 rg: 64 | total time: 329.02m | eta: 147.7m
step 03847/05568 (69.09%) | loss: 2.489545 | lrm: 0.50 | dt: 5165.37ms | tok/sec: 203,001 | bf16_mfu: 49.01 | epoch: 1 pq: 89 rg: 66 | total time: 329.10m | eta: 147.6m
step 03848/05568 (69.11%) | loss: 2.493295 | lrm: 0.50 | dt: 5260.77ms | tok/sec: 199,319 | bf16_mfu: 48.12 | epoch: 1 pq: 89 rg: 68 | total time: 329.19m | eta: 147.5m
step 03849/05568 (69.13%) | loss: 2.481155 | lrm: 0.50 | dt: 5171.16ms | tok/sec: 202,773 | bf16_mfu: 48.95 | epoch: 1 pq: 89 rg: 70 | total time: 329.28m | eta: 147.4m
step 03850/05568 (69.15%) | loss: 2.471994 | lrm: 0.50 | dt: 5180.50ms | tok/sec: 202,408 | bf16_mfu: 48.86 | epoch: 1 pq: 89 rg: 72 | total time: 329.36m | eta: 147.4m
step 03851/05568 (69.16%) | loss: 2.471122 | lrm: 0.50 | dt: 5204.59ms | tok/sec: 201,471 | bf16_mfu: 48.64 | epoch: 1 pq: 89 rg: 74 | total time: 329.45m | eta: 147.3m
step 03852/05568 (69.18%) | loss: 2.454254 | lrm: 0.50 | dt: 5179.08ms | tok/sec: 202,463 | bf16_mfu: 48.88 | epoch: 1 pq: 89 rg: 76 | total time: 329.54m | eta: 147.2m
step 03853/05568 (69.20%) | loss: 2.452806 | lrm: 0.50 | dt: 5239.74ms | tok/sec: 200,119 | bf16_mfu: 48.31 | epoch: 1 pq: 89 rg: 78 | total time: 329.62m | eta: 147.1m
step 03854/05568 (69.22%) | loss: 2.450529 | lrm: 0.50 | dt: 5135.70ms | tok/sec: 204,174 | bf16_mfu: 49.29 | epoch: 1 pq: 89 rg: 80 | total time: 329.71m | eta: 147.0m
step 03855/05568 (69.23%) | loss: 2.438553 | lrm: 0.50 | dt: 5126.63ms | tok/sec: 204,535 | bf16_mfu: 49.38 | epoch: 1 pq: 89 rg: 82 | total time: 329.79m | eta: 146.9m
step 03856/05568 (69.25%) | loss: 2.436860 | lrm: 0.50 | dt: 5115.69ms | tok/sec: 204,972 | bf16_mfu: 49.48 | epoch: 1 pq: 90 rg: 0 | total time: 329.88m | eta: 146.8m
step 03857/05568 (69.27%) | loss: 2.427127 | lrm: 0.50 | dt: 5191.18ms | tok/sec: 201,991 | bf16_mfu: 48.76 | epoch: 1 pq: 90 rg: 2 | total time: 329.97m | eta: 146.8m
step 03858/05568 (69.29%) | loss: 2.435806 | lrm: 0.50 | dt: 5161.00ms | tok/sec: 203,173 | bf16_mfu: 49.05 | epoch: 1 pq: 90 rg: 4 | total time: 330.05m | eta: 146.7m
step 03859/05568 (69.31%) | loss: 2.459948 | lrm: 0.50 | dt: 5234.88ms | tok/sec: 200,305 | bf16_mfu: 48.36 | epoch: 1 pq: 90 rg: 6 | total time: 330.14m | eta: 146.6m
step 03860/05568 (69.32%) | loss: 2.456871 | lrm: 0.50 | dt: 5164.69ms | tok/sec: 203,027 | bf16_mfu: 49.01 | epoch: 1 pq: 90 rg: 8 | total time: 330.23m | eta: 146.5m
step 03861/05568 (69.34%) | loss: 2.460173 | lrm: 0.50 | dt: 5133.52ms | tok/sec: 204,260 | bf16_mfu: 49.31 | epoch: 1 pq: 90 rg: 10 | total time: 330.31m | eta: 146.4m
step 03862/05568 (69.36%) | loss: 2.474587 | lrm: 0.50 | dt: 5181.60ms | tok/sec: 202,365 | bf16_mfu: 48.85 | epoch: 1 pq: 90 rg: 12 | total time: 330.40m | eta: 146.3m
step 03863/05568 (69.38%) | loss: 2.486481 | lrm: 0.50 | dt: 5150.77ms | tok/sec: 203,576 | bf16_mfu: 49.15 | epoch: 1 pq: 90 rg: 14 | total time: 330.48m | eta: 146.2m
step 03864/05568 (69.40%) | loss: 2.487058 | lrm: 0.50 | dt: 5165.49ms | tok/sec: 202,996 | bf16_mfu: 49.01 | epoch: 1 pq: 90 rg: 16 | total time: 330.57m | eta: 146.2m
step 03865/05568 (69.41%) | loss: 2.483841 | lrm: 0.50 | dt: 5135.34ms | tok/sec: 204,188 | bf16_mfu: 49.29 | epoch: 1 pq: 90 rg: 18 | total time: 330.66m | eta: 146.1m
step 03866/05568 (69.43%) | loss: 2.466862 | lrm: 0.50 | dt: 5142.90ms | tok/sec: 203,888 | bf16_mfu: 49.22 | epoch: 1 pq: 90 rg: 18 | total time: 330.74m | eta: 146.0m
step 03867/05568 (69.45%) | loss: 2.470023 | lrm: 0.50 | dt: 5124.22ms | tok/sec: 204,631 | bf16_mfu: 49.40 | epoch: 1 pq: 90 rg: 20 | total time: 330.83m | eta: 145.9m
step 03868/05568 (69.47%) | loss: 2.467873 | lrm: 0.50 | dt: 5144.35ms | tok/sec: 203,830 | bf16_mfu: 49.21 | epoch: 1 pq: 90 rg: 22 | total time: 330.91m | eta: 145.8m
step 03869/05568 (69.49%) | loss: 2.484343 | lrm: 0.50 | dt: 5165.93ms | tok/sec: 202,979 | bf16_mfu: 49.00 | epoch: 1 pq: 90 rg: 24 | total time: 331.00m | eta: 145.7m
step 03870/05568 (69.50%) | loss: 2.477206 | lrm: 0.50 | dt: 5204.42ms | tok/sec: 201,478 | bf16_mfu: 48.64 | epoch: 1 pq: 90 rg: 26 | total time: 331.09m | eta: 145.6m
step 03871/05568 (69.52%) | loss: 2.476183 | lrm: 0.50 | dt: 5159.72ms | tok/sec: 203,223 | bf16_mfu: 49.06 | epoch: 1 pq: 90 rg: 28 | total time: 331.17m | eta: 145.6m
step 03872/05568 (69.54%) | loss: 2.483026 | lrm: 0.50 | dt: 5113.17ms | tok/sec: 205,073 | bf16_mfu: 49.51 | epoch: 1 pq: 90 rg: 30 | total time: 331.26m | eta: 145.5m
step 03873/05568 (69.56%) | loss: 2.485810 | lrm: 0.49 | dt: 5148.65ms | tok/sec: 203,660 | bf16_mfu: 49.17 | epoch: 1 pq: 90 rg: 32 | total time: 331.34m | eta: 145.4m
step 03874/05568 (69.58%) | loss: 2.471159 | lrm: 0.49 | dt: 5151.20ms | tok/sec: 203,559 | bf16_mfu: 49.14 | epoch: 1 pq: 90 rg: 34 | total time: 331.43m | eta: 145.3m
step 03875/05568 (69.59%) | loss: 2.465221 | lrm: 0.49 | dt: 5133.10ms | tok/sec: 204,277 | bf16_mfu: 49.32 | epoch: 1 pq: 90 rg: 36 | total time: 331.51m | eta: 145.2m
step 03876/05568 (69.61%) | loss: 2.462474 | lrm: 0.49 | dt: 5177.33ms | tok/sec: 202,532 | bf16_mfu: 48.89 | epoch: 1 pq: 90 rg: 38 | total time: 331.60m | eta: 145.1m
step 03877/05568 (69.63%) | loss: 2.423147 | lrm: 0.49 | dt: 5159.06ms | tok/sec: 203,249 | bf16_mfu: 49.07 | epoch: 1 pq: 90 rg: 40 | total time: 331.69m | eta: 145.0m
step 03878/05568 (69.65%) | loss: 2.422481 | lrm: 0.49 | dt: 5176.18ms | tok/sec: 202,577 | bf16_mfu: 48.91 | epoch: 1 pq: 90 rg: 42 | total time: 331.77m | eta: 145.0m
step 03879/05568 (69.67%) | loss: 2.443694 | lrm: 0.49 | dt: 5158.89ms | tok/sec: 203,256 | bf16_mfu: 49.07 | epoch: 1 pq: 90 rg: 44 | total time: 331.86m | eta: 144.9m
step 03880/05568 (69.68%) | loss: 2.454859 | lrm: 0.49 | dt: 5198.72ms | tok/sec: 201,698 | bf16_mfu: 48.69 | epoch: 1 pq: 90 rg: 46 | total time: 331.94m | eta: 144.8m
step 03881/05568 (69.70%) | loss: 2.439293 | lrm: 0.49 | dt: 5141.36ms | tok/sec: 203,949 | bf16_mfu: 49.24 | epoch: 1 pq: 90 rg: 48 | total time: 332.03m | eta: 144.7m
step 03882/05568 (69.72%) | loss: 2.437602 | lrm: 0.49 | dt: 5139.41ms | tok/sec: 204,026 | bf16_mfu: 49.26 | epoch: 1 pq: 90 rg: 50 | total time: 332.12m | eta: 144.6m
step 03883/05568 (69.74%) | loss: 2.436120 | lrm: 0.49 | dt: 5163.17ms | tok/sec: 203,087 | bf16_mfu: 49.03 | epoch: 1 pq: 90 rg: 52 | total time: 332.20m | eta: 144.5m
step 03884/05568 (69.76%) | loss: 2.448744 | lrm: 0.49 | dt: 5136.55ms | tok/sec: 204,140 | bf16_mfu: 49.28 | epoch: 1 pq: 90 rg: 54 | total time: 332.29m | eta: 144.4m
step 03885/05568 (69.77%) | loss: 2.455603 | lrm: 0.49 | dt: 5120.15ms | tok/sec: 204,794 | bf16_mfu: 49.44 | epoch: 1 pq: 90 rg: 56 | total time: 332.37m | eta: 144.4m
step 03886/05568 (69.79%) | loss: 2.442150 | lrm: 0.49 | dt: 5159.14ms | tok/sec: 203,246 | bf16_mfu: 49.07 | epoch: 1 pq: 90 rg: 58 | total time: 332.46m | eta: 144.3m
step 03887/05568 (69.81%) | loss: 2.445664 | lrm: 0.49 | dt: 5132.86ms | tok/sec: 204,287 | bf16_mfu: 49.32 | epoch: 1 pq: 90 rg: 60 | total time: 332.54m | eta: 144.2m
step 03888/05568 (69.83%) | loss: 2.445573 | lrm: 0.49 | dt: 5185.90ms | tok/sec: 202,197 | bf16_mfu: 48.81 | epoch: 1 pq: 90 rg: 62 | total time: 332.63m | eta: 144.1m
step 03889/05568 (69.85%) | loss: 2.448741 | lrm: 0.49 | dt: 5123.32ms | tok/sec: 204,667 | bf16_mfu: 49.41 | epoch: 1 pq: 90 rg: 64 | total time: 332.72m | eta: 144.0m
step 03890/05568 (69.86%) | loss: 2.440837 | lrm: 0.49 | dt: 5135.68ms | tok/sec: 204,174 | bf16_mfu: 49.29 | epoch: 1 pq: 90 rg: 66 | total time: 332.80m | eta: 143.9m
step 03891/05568 (69.88%) | loss: 2.446094 | lrm: 0.49 | dt: 5129.67ms | tok/sec: 204,413 | bf16_mfu: 49.35 | epoch: 1 pq: 90 rg: 68 | total time: 332.89m | eta: 143.8m
step 03892/05568 (69.90%) | loss: 2.450424 | lrm: 0.49 | dt: 5128.12ms | tok/sec: 204,475 | bf16_mfu: 49.36 | epoch: 1 pq: 90 rg: 70 | total time: 332.97m | eta: 143.8m
step 03893/05568 (69.92%) | loss: 2.462201 | lrm: 0.49 | dt: 5114.65ms | tok/sec: 205,014 | bf16_mfu: 49.49 | epoch: 1 pq: 90 rg: 72 | total time: 333.06m | eta: 143.7m
step 03894/05568 (69.94%) | loss: 2.454680 | lrm: 0.49 | dt: 5129.63ms | tok/sec: 204,415 | bf16_mfu: 49.35 | epoch: 1 pq: 90 rg: 74 | total time: 333.14m | eta: 143.6m
step 03895/05568 (69.95%) | loss: 2.455182 | lrm: 0.49 | dt: 5113.59ms | tok/sec: 205,056 | bf16_mfu: 49.50 | epoch: 1 pq: 90 rg: 74 | total time: 333.23m | eta: 143.5m
step 03896/05568 (69.97%) | loss: 2.451805 | lrm: 0.49 | dt: 5113.00ms | tok/sec: 205,080 | bf16_mfu: 49.51 | epoch: 1 pq: 90 rg: 76 | total time: 333.31m | eta: 143.4m
step 03897/05568 (69.99%) | loss: 2.454246 | lrm: 0.49 | dt: 5171.38ms | tok/sec: 202,765 | bf16_mfu: 48.95 | epoch: 1 pq: 90 rg: 78 | total time: 333.40m | eta: 143.3m
step 03898/05568 (70.01%) | loss: 2.461004 | lrm: 0.49 | dt: 5208.50ms | tok/sec: 201,320 | bf16_mfu: 48.60 | epoch: 1 pq: 90 rg: 80 | total time: 333.49m | eta: 143.2m
step 03899/05568 (70.03%) | loss: 2.467638 | lrm: 0.49 | dt: 5163.59ms | tok/sec: 203,071 | bf16_mfu: 49.02 | epoch: 1 pq: 90 rg: 82 | total time: 333.57m | eta: 143.2m
step 03900/05568 (70.04%) | loss: 2.466215 | lrm: 0.49 | dt: 5134.35ms | tok/sec: 204,227 | bf16_mfu: 49.30 | epoch: 1 pq: 91 rg: 0 | total time: 333.66m | eta: 143.1m
step 03901/05568 (70.06%) | loss: 2.458354 | lrm: 0.49 | dt: 5158.30ms | tok/sec: 203,279 | bf16_mfu: 49.08 | epoch: 1 pq: 91 rg: 2 | total time: 333.74m | eta: 143.0m
step 03902/05568 (70.08%) | loss: 2.460451 | lrm: 0.49 | dt: 7279.82ms | tok/sec: 144,038 | bf16_mfu: 34.77 | epoch: 1 pq: 91 rg: 4 | total time: 333.87m | eta: 142.9m
step 03903/05568 (70.10%) | loss: 2.474342 | lrm: 0.49 | dt: 5018.64ms | tok/sec: 208,936 | bf16_mfu: 50.44 | epoch: 1 pq: 91 rg: 6 | total time: 333.95m | eta: 142.8m
step 03904/05568 (70.11%) | loss: 2.479755 | lrm: 0.49 | dt: 5158.27ms | tok/sec: 203,280 | bf16_mfu: 49.08 | epoch: 1 pq: 91 rg: 8 | total time: 334.04m | eta: 142.7m
step 03905/05568 (70.13%) | loss: 2.466298 | lrm: 0.49 | dt: 5354.92ms | tok/sec: 195,815 | bf16_mfu: 47.27 | epoch: 1 pq: 91 rg: 10 | total time: 334.12m | eta: 142.7m
step 03906/05568 (70.15%) | loss: 2.472804 | lrm: 0.49 | dt: 5359.97ms | tok/sec: 195,631 | bf16_mfu: 47.23 | epoch: 1 pq: 91 rg: 12 | total time: 334.21m | eta: 142.6m
step 03907/05568 (70.17%) | loss: 2.473623 | lrm: 0.49 | dt: 5120.31ms | tok/sec: 204,787 | bf16_mfu: 49.44 | epoch: 1 pq: 91 rg: 14 | total time: 334.30m | eta: 142.5m
step 03908/05568 (70.19%) | loss: 2.478647 | lrm: 0.49 | dt: 5164.56ms | tok/sec: 203,033 | bf16_mfu: 49.02 | epoch: 1 pq: 91 rg: 16 | total time: 334.39m | eta: 142.4m
step 03909/05568 (70.20%) | loss: 2.502475 | lrm: 0.49 | dt: 5119.19ms | tok/sec: 204,832 | bf16_mfu: 49.45 | epoch: 1 pq: 91 rg: 18 | total time: 334.47m | eta: 142.3m
step 03910/05568 (70.22%) | loss: 2.505631 | lrm: 0.49 | dt: 5164.39ms | tok/sec: 203,039 | bf16_mfu: 49.02 | epoch: 1 pq: 91 rg: 20 | total time: 334.56m | eta: 142.2m
step 03911/05568 (70.24%) | loss: 2.521235 | lrm: 0.48 | dt: 5189.63ms | tok/sec: 202,052 | bf16_mfu: 48.78 | epoch: 1 pq: 91 rg: 22 | total time: 334.64m | eta: 142.1m
step 03912/05568 (70.26%) | loss: 2.521157 | lrm: 0.48 | dt: 5164.93ms | tok/sec: 203,018 | bf16_mfu: 49.01 | epoch: 1 pq: 91 rg: 24 | total time: 334.73m | eta: 142.1m
step 03913/05568 (70.28%) | loss: 2.505458 | lrm: 0.48 | dt: 5200.50ms | tok/sec: 201,629 | bf16_mfu: 48.68 | epoch: 1 pq: 91 rg: 26 | total time: 334.82m | eta: 142.0m
step 03914/05568 (70.29%) | loss: 2.484409 | lrm: 0.48 | dt: 5124.22ms | tok/sec: 204,631 | bf16_mfu: 49.40 | epoch: 1 pq: 91 rg: 28 | total time: 334.90m | eta: 141.9m
step 03915/05568 (70.31%) | loss: 2.495281 | lrm: 0.48 | dt: 5116.03ms | tok/sec: 204,958 | bf16_mfu: 49.48 | epoch: 1 pq: 91 rg: 30 | total time: 334.99m | eta: 141.8m
step 03916/05568 (70.33%) | loss: 2.472121 | lrm: 0.48 | dt: 5190.72ms | tok/sec: 202,009 | bf16_mfu: 48.77 | epoch: 1 pq: 91 rg: 32 | total time: 335.07m | eta: 141.7m
step 03917/05568 (70.35%) | loss: 2.463260 | lrm: 0.48 | dt: 5161.40ms | tok/sec: 203,157 | bf16_mfu: 49.05 | epoch: 1 pq: 91 rg: 34 | total time: 335.16m | eta: 141.6m
step 03918/05568 (70.37%) | loss: 2.461890 | lrm: 0.48 | dt: 5213.61ms | tok/sec: 201,122 | bf16_mfu: 48.55 | epoch: 1 pq: 91 rg: 36 | total time: 335.25m | eta: 141.5m
step 03919/05568 (70.38%) | loss: 2.454222 | lrm: 0.48 | dt: 5200.88ms | tok/sec: 201,615 | bf16_mfu: 48.67 | epoch: 1 pq: 91 rg: 38 | total time: 335.33m | eta: 141.5m
step 03920/05568 (70.40%) | loss: 2.448956 | lrm: 0.48 | dt: 5167.47ms | tok/sec: 202,918 | bf16_mfu: 48.99 | epoch: 1 pq: 91 rg: 40 | total time: 335.42m | eta: 141.4m
step 03921/05568 (70.42%) | loss: 2.431974 | lrm: 0.48 | dt: 5261.75ms | tok/sec: 199,282 | bf16_mfu: 48.11 | epoch: 1 pq: 91 rg: 42 | total time: 335.51m | eta: 141.3m
step 03922/05568 (70.44%) | loss: 2.423415 | lrm: 0.48 | dt: 5148.41ms | tok/sec: 203,669 | bf16_mfu: 49.17 | epoch: 1 pq: 91 rg: 44 | total time: 335.59m | eta: 141.2m
step 03923/05568 (70.46%) | loss: 2.439305 | lrm: 0.48 | dt: 5158.13ms | tok/sec: 203,285 | bf16_mfu: 49.08 | epoch: 1 pq: 91 rg: 46 | total time: 335.68m | eta: 141.1m
step 03924/05568 (70.47%) | loss: 2.432515 | lrm: 0.48 | dt: 5140.09ms | tok/sec: 203,999 | bf16_mfu: 49.25 | epoch: 1 pq: 91 rg: 48 | total time: 335.76m | eta: 141.0m
step 03925/05568 (70.49%) | loss: 2.439625 | lrm: 0.48 | dt: 5166.39ms | tok/sec: 202,961 | bf16_mfu: 49.00 | epoch: 1 pq: 91 rg: 48 | total time: 335.85m | eta: 140.9m
step 03926/05568 (70.51%) | loss: 2.444495 | lrm: 0.48 | dt: 5188.22ms | tok/sec: 202,107 | bf16_mfu: 48.79 | epoch: 1 pq: 91 rg: 50 | total time: 335.94m | eta: 140.9m
step 03927/05568 (70.53%) | loss: 2.446124 | lrm: 0.48 | dt: 5144.88ms | tok/sec: 203,809 | bf16_mfu: 49.20 | epoch: 1 pq: 91 rg: 52 | total time: 336.02m | eta: 140.8m
step 03928/05568 (70.55%) | loss: 2.446334 | lrm: 0.48 | dt: 5136.12ms | tok/sec: 204,157 | bf16_mfu: 49.29 | epoch: 1 pq: 91 rg: 54 | total time: 336.11m | eta: 140.7m
step 03929/05568 (70.56%) | loss: 2.461278 | lrm: 0.48 | dt: 5145.84ms | tok/sec: 203,771 | bf16_mfu: 49.19 | epoch: 1 pq: 91 rg: 56 | total time: 336.19m | eta: 140.6m
step 03930/05568 (70.58%) | loss: 2.472041 | lrm: 0.48 | dt: 5173.29ms | tok/sec: 202,690 | bf16_mfu: 48.93 | epoch: 1 pq: 91 rg: 58 | total time: 336.28m | eta: 140.5m
step 03931/05568 (70.60%) | loss: 2.469577 | lrm: 0.48 | dt: 5155.38ms | tok/sec: 203,394 | bf16_mfu: 49.10 | epoch: 1 pq: 91 rg: 60 | total time: 336.37m | eta: 140.4m
step 03932/05568 (70.62%) | loss: 2.489680 | lrm: 0.48 | dt: 5454.34ms | tok/sec: 192,246 | bf16_mfu: 46.41 | epoch: 1 pq: 91 rg: 62 | total time: 336.46m | eta: 140.3m
step 03933/05568 (70.64%) | loss: 2.482013 | lrm: 0.48 | dt: 5074.77ms | tok/sec: 206,625 | bf16_mfu: 49.88 | epoch: 1 pq: 91 rg: 64 | total time: 336.54m | eta: 140.3m
step 03934/05568 (70.65%) | loss: 2.485096 | lrm: 0.48 | dt: 5184.36ms | tok/sec: 202,257 | bf16_mfu: 48.83 | epoch: 1 pq: 91 rg: 66 | total time: 336.63m | eta: 140.2m
step 03935/05568 (70.67%) | loss: 2.480070 | lrm: 0.48 | dt: 5137.48ms | tok/sec: 204,103 | bf16_mfu: 49.27 | epoch: 1 pq: 91 rg: 68 | total time: 336.71m | eta: 140.1m
step 03936/05568 (70.69%) | loss: 2.459357 | lrm: 0.48 | dt: 5152.92ms | tok/sec: 203,491 | bf16_mfu: 49.13 | epoch: 1 pq: 91 rg: 70 | total time: 336.80m | eta: 140.0m
step 03937/05568 (70.71%) | loss: 2.456285 | lrm: 0.48 | dt: 5153.52ms | tok/sec: 203,467 | bf16_mfu: 49.12 | epoch: 1 pq: 91 rg: 72 | total time: 336.89m | eta: 139.9m
step 03938/05568 (70.73%) | loss: 2.455983 | lrm: 0.48 | dt: 5224.67ms | tok/sec: 200,697 | bf16_mfu: 48.45 | epoch: 1 pq: 91 rg: 74 | total time: 336.97m | eta: 139.8m
step 03939/05568 (70.74%) | loss: 2.460814 | lrm: 0.48 | dt: 5194.06ms | tok/sec: 201,879 | bf16_mfu: 48.74 | epoch: 1 pq: 91 rg: 76 | total time: 337.06m | eta: 139.7m
step 03940/05568 (70.76%) | loss: 2.453622 | lrm: 0.48 | dt: 5166.07ms | tok/sec: 202,973 | bf16_mfu: 49.00 | epoch: 1 pq: 91 rg: 78 | total time: 337.15m | eta: 139.7m
step 03941/05568 (70.78%) | loss: 2.429245 | lrm: 0.48 | dt: 5113.29ms | tok/sec: 205,068 | bf16_mfu: 49.51 | epoch: 1 pq: 91 rg: 80 | total time: 337.23m | eta: 139.6m
step 03942/05568 (70.80%) | loss: 2.421941 | lrm: 0.48 | dt: 5154.24ms | tok/sec: 203,439 | bf16_mfu: 49.11 | epoch: 1 pq: 92 rg: 0 | total time: 337.32m | eta: 139.5m
step 03943/05568 (70.82%) | loss: 2.433132 | lrm: 0.48 | dt: 5159.29ms | tok/sec: 203,240 | bf16_mfu: 49.07 | epoch: 1 pq: 92 rg: 2 | total time: 337.40m | eta: 139.4m
step 03944/05568 (70.83%) | loss: 2.437539 | lrm: 0.48 | dt: 5144.20ms | tok/sec: 203,836 | bf16_mfu: 49.21 | epoch: 1 pq: 92 rg: 4 | total time: 337.49m | eta: 139.3m
step 03945/05568 (70.85%) | loss: 2.440444 | lrm: 0.48 | dt: 5149.78ms | tok/sec: 203,615 | bf16_mfu: 49.16 | epoch: 1 pq: 92 rg: 6 | total time: 337.57m | eta: 139.2m
step 03946/05568 (70.87%) | loss: 2.444350 | lrm: 0.48 | dt: 5545.29ms | tok/sec: 189,093 | bf16_mfu: 45.65 | epoch: 1 pq: 92 rg: 8 | total time: 337.67m | eta: 139.2m
step 03947/05568 (70.89%) | loss: 2.437119 | lrm: 0.48 | dt: 5167.93ms | tok/sec: 202,900 | bf16_mfu: 48.98 | epoch: 1 pq: 92 rg: 10 | total time: 337.75m | eta: 139.1m
step 03948/05568 (70.91%) | loss: 2.436841 | lrm: 0.48 | dt: 5148.68ms | tok/sec: 203,659 | bf16_mfu: 49.17 | epoch: 1 pq: 92 rg: 12 | total time: 337.84m | eta: 139.0m
step 03949/05568 (70.92%) | loss: 2.441359 | lrm: 0.47 | dt: 5161.46ms | tok/sec: 203,154 | bf16_mfu: 49.05 | epoch: 1 pq: 92 rg: 14 | total time: 337.92m | eta: 138.9m
step 03950/05568 (70.94%) | loss: 2.453898 | lrm: 0.47 | dt: 5145.15ms | tok/sec: 203,799 | bf16_mfu: 49.20 | epoch: 1 pq: 92 rg: 16 | total time: 338.01m | eta: 138.8m
step 03951/05568 (70.96%) | loss: 2.442961 | lrm: 0.47 | dt: 5200.20ms | tok/sec: 201,641 | bf16_mfu: 48.68 | epoch: 1 pq: 92 rg: 18 | total time: 338.10m | eta: 138.7m
step 03952/05568 (70.98%) | loss: 2.432123 | lrm: 0.47 | dt: 5152.88ms | tok/sec: 203,493 | bf16_mfu: 49.13 | epoch: 1 pq: 92 rg: 20 | total time: 338.18m | eta: 138.6m
step 03953/05568 (70.99%) | loss: 2.424357 | lrm: 0.47 | dt: 5116.84ms | tok/sec: 204,926 | bf16_mfu: 49.47 | epoch: 1 pq: 92 rg: 22 | total time: 338.27m | eta: 138.6m
step 03954/05568 (71.01%) | loss: 2.424798 | lrm: 0.47 | dt: 5107.90ms | tok/sec: 205,284 | bf16_mfu: 49.56 | epoch: 1 pq: 92 rg: 24 | total time: 338.35m | eta: 138.5m
step 03955/05568 (71.03%) | loss: 2.443747 | lrm: 0.47 | dt: 5208.05ms | tok/sec: 201,337 | bf16_mfu: 48.61 | epoch: 1 pq: 92 rg: 26 | total time: 338.44m | eta: 138.4m
step 03956/05568 (71.05%) | loss: 2.442991 | lrm: 0.47 | dt: 5189.09ms | tok/sec: 202,073 | bf16_mfu: 48.78 | epoch: 1 pq: 92 rg: 28 | total time: 338.53m | eta: 138.3m
step 03957/05568 (71.07%) | loss: 2.465141 | lrm: 0.47 | dt: 5155.41ms | tok/sec: 203,393 | bf16_mfu: 49.10 | epoch: 1 pq: 92 rg: 28 | total time: 338.61m | eta: 138.2m
step 03958/05568 (71.08%) | loss: 2.462125 | lrm: 0.47 | dt: 5208.71ms | tok/sec: 201,312 | bf16_mfu: 48.60 | epoch: 1 pq: 92 rg: 30 | total time: 338.70m | eta: 138.1m
step 03959/05568 (71.10%) | loss: 2.468319 | lrm: 0.47 | dt: 5181.22ms | tok/sec: 202,380 | bf16_mfu: 48.86 | epoch: 1 pq: 92 rg: 32 | total time: 338.79m | eta: 138.0m
step 03960/05568 (71.12%) | loss: 2.461226 | lrm: 0.47 | dt: 5173.61ms | tok/sec: 202,677 | bf16_mfu: 48.93 | epoch: 1 pq: 92 rg: 34 | total time: 338.87m | eta: 138.0m
step 03961/05568 (71.14%) | loss: 2.438538 | lrm: 0.47 | dt: 5158.45ms | tok/sec: 203,273 | bf16_mfu: 49.07 | epoch: 1 pq: 92 rg: 36 | total time: 338.96m | eta: 137.9m
step 03962/05568 (71.16%) | loss: 2.438328 | lrm: 0.47 | dt: 5117.40ms | tok/sec: 204,903 | bf16_mfu: 49.47 | epoch: 1 pq: 92 rg: 38 | total time: 339.04m | eta: 137.8m
step 03963/05568 (71.17%) | loss: 2.442329 | lrm: 0.47 | dt: 5187.71ms | tok/sec: 202,126 | bf16_mfu: 48.80 | epoch: 1 pq: 92 rg: 40 | total time: 339.13m | eta: 137.7m
step 03964/05568 (71.19%) | loss: 2.444005 | lrm: 0.47 | dt: 5150.52ms | tok/sec: 203,586 | bf16_mfu: 49.15 | epoch: 1 pq: 92 rg: 42 | total time: 339.22m | eta: 137.6m
step 03965/05568 (71.21%) | loss: 2.434336 | lrm: 0.47 | dt: 5174.46ms | tok/sec: 202,644 | bf16_mfu: 48.92 | epoch: 1 pq: 92 rg: 44 | total time: 339.30m | eta: 137.5m
step 03966/05568 (71.23%) | loss: 2.422722 | lrm: 0.47 | dt: 5177.19ms | tok/sec: 202,537 | bf16_mfu: 48.90 | epoch: 1 pq: 92 rg: 46 | total time: 339.39m | eta: 137.4m
step 03967/05568 (71.25%) | loss: 2.424475 | lrm: 0.47 | dt: 5146.70ms | tok/sec: 203,737 | bf16_mfu: 49.19 | epoch: 1 pq: 92 rg: 48 | total time: 339.47m | eta: 137.4m
step 03968/05568 (71.26%) | loss: 2.435410 | lrm: 0.47 | dt: 5171.31ms | tok/sec: 202,767 | bf16_mfu: 48.95 | epoch: 1 pq: 92 rg: 50 | total time: 339.56m | eta: 137.3m
step 03969/05568 (71.28%) | loss: 2.450101 | lrm: 0.47 | dt: 5144.24ms | tok/sec: 203,834 | bf16_mfu: 49.21 | epoch: 1 pq: 92 rg: 52 | total time: 339.65m | eta: 137.2m
step 03970/05568 (71.30%) | loss: 2.448594 | lrm: 0.47 | dt: 5129.45ms | tok/sec: 204,422 | bf16_mfu: 49.35 | epoch: 1 pq: 92 rg: 54 | total time: 339.73m | eta: 137.1m
step 03971/05568 (71.32%) | loss: 2.449990 | lrm: 0.47 | dt: 5133.34ms | tok/sec: 204,267 | bf16_mfu: 49.31 | epoch: 1 pq: 92 rg: 56 | total time: 339.82m | eta: 137.0m
step 03972/05568 (71.34%) | loss: 2.452910 | lrm: 0.47 | dt: 5183.77ms | tok/sec: 202,280 | bf16_mfu: 48.83 | epoch: 1 pq: 92 rg: 58 | total time: 339.90m | eta: 136.9m
step 03973/05568 (71.35%) | loss: 2.467130 | lrm: 0.47 | dt: 5139.02ms | tok/sec: 204,041 | bf16_mfu: 49.26 | epoch: 1 pq: 92 rg: 60 | total time: 339.99m | eta: 136.8m
step 03974/05568 (71.37%) | loss: 2.470760 | lrm: 0.47 | dt: 5168.91ms | tok/sec: 202,862 | bf16_mfu: 48.97 | epoch: 1 pq: 92 rg: 62 | total time: 340.07m | eta: 136.8m
step 03975/05568 (71.39%) | loss: 2.476076 | lrm: 0.47 | dt: 5179.79ms | tok/sec: 202,436 | bf16_mfu: 48.87 | epoch: 1 pq: 92 rg: 64 | total time: 340.16m | eta: 136.7m
step 03976/05568 (71.41%) | loss: 2.483141 | lrm: 0.47 | dt: 5162.61ms | tok/sec: 203,109 | bf16_mfu: 49.03 | epoch: 1 pq: 92 rg: 66 | total time: 340.25m | eta: 136.6m
step 03977/05568 (71.43%) | loss: 2.483749 | lrm: 0.47 | dt: 5174.94ms | tok/sec: 202,625 | bf16_mfu: 48.92 | epoch: 1 pq: 92 rg: 68 | total time: 340.33m | eta: 136.5m
step 03978/05568 (71.44%) | loss: 2.468549 | lrm: 0.47 | dt: 5169.93ms | tok/sec: 202,822 | bf16_mfu: 48.96 | epoch: 1 pq: 92 rg: 70 | total time: 340.42m | eta: 136.4m
step 03979/05568 (71.46%) | loss: 2.466702 | lrm: 0.47 | dt: 5165.65ms | tok/sec: 202,989 | bf16_mfu: 49.01 | epoch: 1 pq: 92 rg: 72 | total time: 340.51m | eta: 136.3m
step 03980/05568 (71.48%) | loss: 2.465251 | lrm: 0.47 | dt: 5181.44ms | tok/sec: 202,371 | bf16_mfu: 48.86 | epoch: 1 pq: 92 rg: 74 | total time: 340.59m | eta: 136.2m
step 03981/05568 (71.50%) | loss: 2.452151 | lrm: 0.47 | dt: 5126.21ms | tok/sec: 204,551 | bf16_mfu: 49.38 | epoch: 1 pq: 92 rg: 76 | total time: 340.68m | eta: 136.2m
step 03982/05568 (71.52%) | loss: 2.460313 | lrm: 0.47 | dt: 5188.64ms | tok/sec: 202,090 | bf16_mfu: 48.79 | epoch: 1 pq: 92 rg: 78 | total time: 340.76m | eta: 136.1m
step 03983/05568 (71.53%) | loss: 2.465128 | lrm: 0.47 | dt: 5159.44ms | tok/sec: 203,234 | bf16_mfu: 49.06 | epoch: 1 pq: 92 rg: 80 | total time: 340.85m | eta: 136.0m
step 03984/05568 (71.55%) | loss: 2.462565 | lrm: 0.47 | dt: 5204.60ms | tok/sec: 201,471 | bf16_mfu: 48.64 | epoch: 1 pq: 93 rg: 0 | total time: 340.94m | eta: 135.9m
step 03985/05568 (71.57%) | loss: 2.455208 | lrm: 0.47 | dt: 5191.35ms | tok/sec: 201,985 | bf16_mfu: 48.76 | epoch: 1 pq: 93 rg: 2 | total time: 341.02m | eta: 135.8m
step 03986/05568 (71.59%) | loss: 2.425841 | lrm: 0.47 | dt: 5149.26ms | tok/sec: 203,636 | bf16_mfu: 49.16 | epoch: 1 pq: 93 rg: 2 | total time: 341.11m | eta: 135.7m
step 03987/05568 (71.61%) | loss: 2.429966 | lrm: 0.47 | dt: 5146.13ms | tok/sec: 203,760 | bf16_mfu: 49.19 | epoch: 1 pq: 93 rg: 4 | total time: 341.19m | eta: 135.6m
step 03988/05568 (71.62%) | loss: 2.423167 | lrm: 0.46 | dt: 5159.61ms | tok/sec: 203,227 | bf16_mfu: 49.06 | epoch: 1 pq: 93 rg: 6 | total time: 341.28m | eta: 135.6m
step 03989/05568 (71.64%) | loss: 2.435424 | lrm: 0.46 | dt: 5156.93ms | tok/sec: 203,333 | bf16_mfu: 49.09 | epoch: 1 pq: 93 rg: 8 | total time: 341.37m | eta: 135.5m
step 03990/05568 (71.66%) | loss: 2.430994 | lrm: 0.46 | dt: 5164.37ms | tok/sec: 203,040 | bf16_mfu: 49.02 | epoch: 1 pq: 93 rg: 10 | total time: 341.45m | eta: 135.4m
step 03991/05568 (71.68%) | loss: 2.442012 | lrm: 0.46 | dt: 5161.77ms | tok/sec: 203,142 | bf16_mfu: 49.04 | epoch: 1 pq: 93 rg: 12 | total time: 341.54m | eta: 135.3m
step 03992/05568 (71.70%) | loss: 2.431138 | lrm: 0.46 | dt: 5187.57ms | tok/sec: 202,132 | bf16_mfu: 48.80 | epoch: 1 pq: 93 rg: 14 | total time: 341.63m | eta: 135.2m
step 03993/05568 (71.71%) | loss: 2.412626 | lrm: 0.46 | dt: 5143.08ms | tok/sec: 203,881 | bf16_mfu: 49.22 | epoch: 1 pq: 93 rg: 16 | total time: 341.71m | eta: 135.1m
step 03994/05568 (71.73%) | loss: 2.403966 | lrm: 0.46 | dt: 5133.79ms | tok/sec: 204,249 | bf16_mfu: 49.31 | epoch: 1 pq: 93 rg: 18 | total time: 341.80m | eta: 135.0m
step 03995/05568 (71.75%) | loss: 2.400266 | lrm: 0.46 | dt: 5210.96ms | tok/sec: 201,224 | bf16_mfu: 48.58 | epoch: 1 pq: 93 rg: 20 | total time: 341.88m | eta: 135.0m
step 03996/05568 (71.77%) | loss: 2.414336 | lrm: 0.46 | dt: 5152.68ms | tok/sec: 203,500 | bf16_mfu: 49.13 | epoch: 1 pq: 93 rg: 22 | total time: 341.97m | eta: 134.9m
step 03997/05568 (71.79%) | loss: 2.410270 | lrm: 0.46 | dt: 5172.79ms | tok/sec: 202,710 | bf16_mfu: 48.94 | epoch: 1 pq: 93 rg: 24 | total time: 342.06m | eta: 134.8m
step 03998/05568 (71.80%) | loss: 2.402376 | lrm: 0.46 | dt: 5144.08ms | tok/sec: 203,841 | bf16_mfu: 49.21 | epoch: 1 pq: 93 rg: 26 | total time: 342.14m | eta: 134.7m
step 03999/05568 (71.82%) | loss: 2.405324 | lrm: 0.46 | dt: 5173.42ms | tok/sec: 202,685 | bf16_mfu: 48.93 | epoch: 1 pq: 93 rg: 28 | total time: 342.23m | eta: 134.6m
Step 04000 | Validation bpb: 0.746642
Evaluating: hellaswag_zeroshot (0-shot, type: multiple_choice)... accuracy: 0.5400 | centered: 0.3867 | time: 9.69s
Evaluating: jeopardy (10-shot, type: language_modeling)... accuracy: 0.0760 | centered: 0.0760 | time: 5.27s
Evaluating: bigbench_qa_wikidata (10-shot, type: language_modeling)... accuracy: 0.4560 | centered: 0.4560 | time: 7.99s
Evaluating: arc_easy (10-shot, type: multiple_choice)... accuracy: 0.6780 | centered: 0.5707 | time: 5.34s
Evaluating: arc_challenge (10-shot, type: multiple_choice)... accuracy: 0.4140 | centered: 0.2187 | time: 5.09s
Evaluating: copa (0-shot, type: multiple_choice)... accuracy: 0.6400 | centered: 0.2800 | time: 0.97s
Evaluating: commonsense_qa (10-shot, type: multiple_choice)... accuracy: 0.2360 | centered: 0.0450 | time: 5.50s
Evaluating: piqa (10-shot, type: multiple_choice)... accuracy: 0.7540 | centered: 0.5080 | time: 5.42s
Evaluating: openbook_qa (0-shot, type: multiple_choice)... accuracy: 0.3800 | centered: 0.1733 | time: 4.63s
Evaluating: lambada_openai (0-shot, type: language_modeling)... accuracy: 0.4320 | centered: 0.4320 | time: 4.75s
Evaluating: hellaswag (10-shot, type: multiple_choice)... accuracy: 0.5300 | centered: 0.3733 | time: 6.44s
Evaluating: winograd (0-shot, type: schema)... accuracy: 0.6557 | centered: 0.3114 | time: 2.42s
Evaluating: winogrande (0-shot, type: schema)... accuracy: 0.5520 | centered: 0.1040 | time: 4.43s
Evaluating: bigbench_dyck_languages (10-shot, type: language_modeling)... accuracy: 0.1260 | centered: 0.1260 | time: 5.12s
Evaluating: agi_eval_lsat_ar (3-shot, type: multiple_choice)... accuracy: 0.2391 | centered: 0.0489 | time: 2.85s
Evaluating: bigbench_cs_algorithms (10-shot, type: language_modeling)... accuracy: 0.4420 | centered: 0.4420 | time: 4.72s
Evaluating: bigbench_operators (10-shot, type: language_modeling)... accuracy: 0.1619 | centered: 0.1619 | time: 1.97s
Evaluating: bigbench_repeat_copy_logic (10-shot, type: language_modeling)... accuracy: 0.0312 | centered: 0.0312 | time: 0.31s
Evaluating: squad (10-shot, type: language_modeling)... accuracy: 0.3900 | centered: 0.3900 | time: 5.87s
Evaluating: coqa (0-shot, type: language_modeling)... accuracy: 0.2880 | centered: 0.2880 | time: 4.87s
Evaluating: boolq (10-shot, type: multiple_choice)... accuracy: 0.5220 | centered: -0.2579 | time: 6.20s
Evaluating: bigbench_language_identification (10-shot, type: multiple_choice)... accuracy: 0.2820 | centered: 0.2101 | time: 10.16s
Step 04000 | CORE metric: 0.2443
<|bos|>The capital of France is Paris, and the capital of France is Paris. The capital of France is Paris
<|bos|>The chemical symbol of gold is Au. The atomic number of gold is 79. Gold is a soft,
<|bos|>If yesterday was Friday, then tomorrow will be Monday. If yesterday was Monday, then tomorrow will be Tuesday. If yesterday was
<|bos|>The opposite of hot is cold. The opposite of cold is hot. The opposite of hot is cold.
<|bos|>The planets of the solar system are: Mercury, Venus, Earth, Mars, Jupiter, Saturn, Uranus, Ne
<|bos|>My favorite color is blue. I love it. I love it. I love it. I love
<|bos|>If 5*x + 3 = 13, then x is a multiple of 13. If 5*x + 3 = 
step 04000/05568 (71.84%) | loss: 2.424685 | lrm: 0.46 | dt: 4813.75ms | tok/sec: 217,829 | bf16_mfu: 52.59 | epoch: 1 pq: 93 rg: 30 | total time: 342.31m | eta: 134.5m
step 04001/05568 (71.86%) | loss: 2.418896 | lrm: 0.46 | dt: 4947.58ms | tok/sec: 211,937 | bf16_mfu: 51.17 | epoch: 1 pq: 93 rg: 32 | total time: 342.39m | eta: 134.4m
step 04002/05568 (71.88%) | loss: 2.406937 | lrm: 0.46 | dt: 5036.45ms | tok/sec: 208,197 | bf16_mfu: 50.26 | epoch: 1 pq: 93 rg: 34 | total time: 342.47m | eta: 134.3m
step 04003/05568 (71.89%) | loss: 2.403208 | lrm: 0.46 | dt: 5056.87ms | tok/sec: 207,356 | bf16_mfu: 50.06 | epoch: 1 pq: 93 rg: 36 | total time: 342.56m | eta: 134.3m
step 04004/05568 (71.91%) | loss: 2.387838 | lrm: 0.46 | dt: 5083.67ms | tok/sec: 206,263 | bf16_mfu: 49.80 | epoch: 1 pq: 93 rg: 38 | total time: 342.64m | eta: 134.2m
step 04005/05568 (71.93%) | loss: 2.399026 | lrm: 0.46 | dt: 5102.80ms | tok/sec: 205,490 | bf16_mfu: 49.61 | epoch: 1 pq: 93 rg: 40 | total time: 342.73m | eta: 134.1m
step 04006/05568 (71.95%) | loss: 2.400876 | lrm: 0.46 | dt: 5114.06ms | tok/sec: 205,038 | bf16_mfu: 49.50 | epoch: 1 pq: 93 rg: 42 | total time: 342.81m | eta: 134.0m
step 04007/05568 (71.96%) | loss: 2.406256 | lrm: 0.46 | dt: 5099.95ms | tok/sec: 205,605 | bf16_mfu: 49.64 | epoch: 1 pq: 93 rg: 44 | total time: 342.90m | eta: 133.9m
step 04008/05568 (71.98%) | loss: 2.396900 | lrm: 0.46 | dt: 5156.50ms | tok/sec: 203,350 | bf16_mfu: 49.09 | epoch: 1 pq: 93 rg: 46 | total time: 342.98m | eta: 133.8m
step 04009/05568 (72.00%) | loss: 2.396022 | lrm: 0.46 | dt: 5125.45ms | tok/sec: 204,582 | bf16_mfu: 49.39 | epoch: 1 pq: 93 rg: 48 | total time: 343.07m | eta: 133.7m
step 04010/05568 (72.02%) | loss: 2.395708 | lrm: 0.46 | dt: 5102.93ms | tok/sec: 205,485 | bf16_mfu: 49.61 | epoch: 1 pq: 93 rg: 50 | total time: 343.15m | eta: 133.7m
step 04011/05568 (72.04%) | loss: 2.401218 | lrm: 0.46 | dt: 5095.85ms | tok/sec: 205,770 | bf16_mfu: 49.68 | epoch: 1 pq: 93 rg: 52 | total time: 343.24m | eta: 133.6m
step 04012/05568 (72.05%) | loss: 2.408132 | lrm: 0.46 | dt: 5100.41ms | tok/sec: 205,586 | bf16_mfu: 49.63 | epoch: 1 pq: 93 rg: 54 | total time: 343.32m | eta: 133.5m
step 04013/05568 (72.07%) | loss: 2.416167 | lrm: 0.46 | dt: 5127.65ms | tok/sec: 204,494 | bf16_mfu: 49.37 | epoch: 1 pq: 93 rg: 56 | total time: 343.41m | eta: 133.4m
step 04014/05568 (72.09%) | loss: 2.434656 | lrm: 0.46 | dt: 5159.72ms | tok/sec: 203,223 | bf16_mfu: 49.06 | epoch: 1 pq: 93 rg: 58 | total time: 343.50m | eta: 133.3m
step 04015/05568 (72.11%) | loss: 2.419980 | lrm: 0.46 | dt: 5110.21ms | tok/sec: 205,192 | bf16_mfu: 49.54 | epoch: 1 pq: 93 rg: 60 | total time: 343.58m | eta: 133.2m
step 04016/05568 (72.13%) | loss: 2.412384 | lrm: 0.46 | dt: 5106.36ms | tok/sec: 205,347 | bf16_mfu: 49.57 | epoch: 1 pq: 93 rg: 60 | total time: 343.67m | eta: 133.1m
step 04017/05568 (72.14%) | loss: 2.401578 | lrm: 0.46 | dt: 5093.05ms | tok/sec: 205,883 | bf16_mfu: 49.70 | epoch: 1 pq: 93 rg: 62 | total time: 343.75m | eta: 133.1m
step 04018/05568 (72.16%) | loss: 2.393112 | lrm: 0.46 | dt: 5129.05ms | tok/sec: 204,438 | bf16_mfu: 49.35 | epoch: 1 pq: 93 rg: 64 | total time: 343.84m | eta: 133.0m
step 04019/05568 (72.18%) | loss: 2.402693 | lrm: 0.46 | dt: 5147.09ms | tok/sec: 203,721 | bf16_mfu: 49.18 | epoch: 1 pq: 93 rg: 66 | total time: 343.92m | eta: 132.9m
step 04020/05568 (72.20%) | loss: 2.410101 | lrm: 0.46 | dt: 5116.03ms | tok/sec: 204,958 | bf16_mfu: 49.48 | epoch: 1 pq: 93 rg: 68 | total time: 344.01m | eta: 132.8m
step 04021/05568 (72.22%) | loss: 2.409778 | lrm: 0.46 | dt: 5113.16ms | tok/sec: 205,074 | bf16_mfu: 49.51 | epoch: 1 pq: 93 rg: 70 | total time: 344.09m | eta: 132.7m
step 04022/05568 (72.23%) | loss: 2.429596 | lrm: 0.46 | dt: 5145.92ms | tok/sec: 203,768 | bf16_mfu: 49.19 | epoch: 1 pq: 93 rg: 72 | total time: 344.18m | eta: 132.6m
step 04023/05568 (72.25%) | loss: 2.436105 | lrm: 0.46 | dt: 5139.44ms | tok/sec: 204,025 | bf16_mfu: 49.26 | epoch: 1 pq: 93 rg: 74 | total time: 344.26m | eta: 132.5m
step 04024/05568 (72.27%) | loss: 2.436473 | lrm: 0.46 | dt: 5117.76ms | tok/sec: 204,889 | bf16_mfu: 49.46 | epoch: 1 pq: 93 rg: 76 | total time: 344.35m | eta: 132.5m
step 04025/05568 (72.29%) | loss: 2.402096 | lrm: 0.46 | dt: 5263.94ms | tok/sec: 199,199 | bf16_mfu: 48.09 | epoch: 1 pq: 93 rg: 78 | total time: 344.44m | eta: 132.4m
step 04026/05568 (72.31%) | loss: 2.408616 | lrm: 0.45 | dt: 5129.88ms | tok/sec: 204,405 | bf16_mfu: 49.35 | epoch: 1 pq: 93 rg: 80 | total time: 344.52m | eta: 132.3m
step 04027/05568 (72.32%) | loss: 2.401127 | lrm: 0.45 | dt: 5156.15ms | tok/sec: 203,364 | bf16_mfu: 49.10 | epoch: 1 pq: 93 rg: 82 | total time: 344.61m | eta: 132.2m
step 04028/05568 (72.34%) | loss: 2.408298 | lrm: 0.45 | dt: 5126.84ms | tok/sec: 204,526 | bf16_mfu: 49.38 | epoch: 1 pq: 94 rg: 0 | total time: 344.69m | eta: 132.1m
step 04029/05568 (72.36%) | loss: 2.412153 | lrm: 0.45 | dt: 5107.80ms | tok/sec: 205,289 | bf16_mfu: 49.56 | epoch: 1 pq: 94 rg: 2 | total time: 344.78m | eta: 132.0m
step 04030/05568 (72.38%) | loss: 2.410737 | lrm: 0.45 | dt: 5147.91ms | tok/sec: 203,689 | bf16_mfu: 49.17 | epoch: 1 pq: 94 rg: 4 | total time: 344.87m | eta: 131.9m
step 04031/05568 (72.40%) | loss: 2.423488 | lrm: 0.45 | dt: 5164.47ms | tok/sec: 203,036 | bf16_mfu: 49.02 | epoch: 1 pq: 94 rg: 6 | total time: 344.95m | eta: 131.9m
step 04032/05568 (72.41%) | loss: 2.419933 | lrm: 0.45 | dt: 5199.18ms | tok/sec: 201,681 | bf16_mfu: 48.69 | epoch: 1 pq: 94 rg: 8 | total time: 345.04m | eta: 131.8m
step 04033/05568 (72.43%) | loss: 2.410808 | lrm: 0.45 | dt: 5114.23ms | tok/sec: 205,030 | bf16_mfu: 49.50 | epoch: 1 pq: 94 rg: 10 | total time: 345.12m | eta: 131.7m
step 04034/05568 (72.45%) | loss: 2.407518 | lrm: 0.45 | dt: 5190.30ms | tok/sec: 202,026 | bf16_mfu: 48.77 | epoch: 1 pq: 94 rg: 12 | total time: 345.21m | eta: 131.6m
step 04035/05568 (72.47%) | loss: 2.398722 | lrm: 0.45 | dt: 5208.77ms | tok/sec: 201,309 | bf16_mfu: 48.60 | epoch: 1 pq: 94 rg: 14 | total time: 345.30m | eta: 131.5m
step 04036/05568 (72.49%) | loss: 2.392224 | lrm: 0.45 | dt: 5163.82ms | tok/sec: 203,062 | bf16_mfu: 49.02 | epoch: 1 pq: 94 rg: 16 | total time: 345.38m | eta: 131.4m
step 04037/05568 (72.50%) | loss: 2.399809 | lrm: 0.45 | dt: 5144.59ms | tok/sec: 203,821 | bf16_mfu: 49.21 | epoch: 1 pq: 94 rg: 18 | total time: 345.47m | eta: 131.3m
step 04038/05568 (72.52%) | loss: 2.398285 | lrm: 0.45 | dt: 5164.63ms | tok/sec: 203,030 | bf16_mfu: 49.01 | epoch: 1 pq: 94 rg: 20 | total time: 345.55m | eta: 131.3m
step 04039/05568 (72.54%) | loss: 2.401191 | lrm: 0.45 | dt: 5128.73ms | tok/sec: 204,451 | bf16_mfu: 49.36 | epoch: 1 pq: 94 rg: 22 | total time: 345.64m | eta: 131.2m
step 04040/05568 (72.56%) | loss: 2.402382 | lrm: 0.45 | dt: 5161.21ms | tok/sec: 203,164 | bf16_mfu: 49.05 | epoch: 1 pq: 94 rg: 24 | total time: 345.73m | eta: 131.1m
step 04041/05568 (72.58%) | loss: 2.400449 | lrm: 0.45 | dt: 5130.24ms | tok/sec: 204,391 | bf16_mfu: 49.34 | epoch: 1 pq: 94 rg: 26 | total time: 345.81m | eta: 131.0m
step 04042/05568 (72.59%) | loss: 2.403949 | lrm: 0.45 | dt: 5192.34ms | tok/sec: 201,946 | bf16_mfu: 48.75 | epoch: 1 pq: 94 rg: 28 | total time: 345.90m | eta: 130.9m
step 04043/05568 (72.61%) | loss: 2.411443 | lrm: 0.45 | dt: 5110.35ms | tok/sec: 205,186 | bf16_mfu: 49.54 | epoch: 1 pq: 94 rg: 28 | total time: 345.98m | eta: 130.8m
step 04044/05568 (72.63%) | loss: 2.416267 | lrm: 0.45 | dt: 5160.71ms | tok/sec: 203,184 | bf16_mfu: 49.05 | epoch: 1 pq: 94 rg: 30 | total time: 346.07m | eta: 130.7m
step 04045/05568 (72.65%) | loss: 2.400180 | lrm: 0.45 | dt: 5155.56ms | tok/sec: 203,387 | bf16_mfu: 49.10 | epoch: 1 pq: 94 rg: 32 | total time: 346.16m | eta: 130.7m
step 04046/05568 (72.67%) | loss: 2.402792 | lrm: 0.45 | dt: 5149.51ms | tok/sec: 203,626 | bf16_mfu: 49.16 | epoch: 1 pq: 94 rg: 34 | total time: 346.24m | eta: 130.6m
step 04047/05568 (72.68%) | loss: 2.401369 | lrm: 0.45 | dt: 5155.14ms | tok/sec: 203,403 | bf16_mfu: 49.11 | epoch: 1 pq: 94 rg: 36 | total time: 346.33m | eta: 130.5m
step 04048/05568 (72.70%) | loss: 2.421569 | lrm: 0.45 | dt: 5153.63ms | tok/sec: 203,463 | bf16_mfu: 49.12 | epoch: 1 pq: 94 rg: 38 | total time: 346.41m | eta: 130.4m
step 04049/05568 (72.72%) | loss: 2.417783 | lrm: 0.45 | dt: 5131.38ms | tok/sec: 204,345 | bf16_mfu: 49.33 | epoch: 1 pq: 94 rg: 40 | total time: 346.50m | eta: 130.3m
step 04050/05568 (72.74%) | loss: 2.404510 | lrm: 0.45 | dt: 5114.53ms | tok/sec: 205,019 | bf16_mfu: 49.50 | epoch: 1 pq: 94 rg: 42 | total time: 346.58m | eta: 130.2m
step 04051/05568 (72.76%) | loss: 2.423714 | lrm: 0.45 | dt: 5187.22ms | tok/sec: 202,146 | bf16_mfu: 48.80 | epoch: 1 pq: 94 rg: 44 | total time: 346.67m | eta: 130.1m
step 04052/05568 (72.77%) | loss: 2.439796 | lrm: 0.45 | dt: 5156.81ms | tok/sec: 203,338 | bf16_mfu: 49.09 | epoch: 1 pq: 94 rg: 46 | total time: 346.76m | eta: 130.1m
step 04053/05568 (72.79%) | loss: 2.452391 | lrm: 0.45 | dt: 5124.66ms | tok/sec: 204,613 | bf16_mfu: 49.40 | epoch: 1 pq: 94 rg: 48 | total time: 346.84m | eta: 130.0m
step 04054/05568 (72.81%) | loss: 2.450505 | lrm: 0.45 | dt: 5110.67ms | tok/sec: 205,173 | bf16_mfu: 49.53 | epoch: 1 pq: 94 rg: 50 | total time: 346.93m | eta: 129.9m
step 04055/05568 (72.83%) | loss: 2.447478 | lrm: 0.45 | dt: 5142.77ms | tok/sec: 203,893 | bf16_mfu: 49.22 | epoch: 1 pq: 94 rg: 52 | total time: 347.01m | eta: 129.8m
step 04056/05568 (72.84%) | loss: 2.449560 | lrm: 0.45 | dt: 5140.26ms | tok/sec: 203,992 | bf16_mfu: 49.25 | epoch: 1 pq: 94 rg: 54 | total time: 347.10m | eta: 129.7m
step 04057/05568 (72.86%) | loss: 2.451877 | lrm: 0.45 | dt: 5136.29ms | tok/sec: 204,150 | bf16_mfu: 49.29 | epoch: 1 pq: 94 rg: 56 | total time: 347.18m | eta: 129.6m
step 04058/05568 (72.88%) | loss: 2.444710 | lrm: 0.45 | dt: 5154.20ms | tok/sec: 203,441 | bf16_mfu: 49.11 | epoch: 1 pq: 94 rg: 58 | total time: 347.27m | eta: 129.5m
step 04059/05568 (72.90%) | loss: 2.448613 | lrm: 0.45 | dt: 5108.99ms | tok/sec: 205,241 | bf16_mfu: 49.55 | epoch: 1 pq: 94 rg: 60 | total time: 347.35m | eta: 129.5m
step 04060/05568 (72.92%) | loss: 2.448125 | lrm: 0.45 | dt: 5175.06ms | tok/sec: 202,620 | bf16_mfu: 48.92 | epoch: 1 pq: 94 rg: 62 | total time: 347.44m | eta: 129.4m
step 04061/05568 (72.93%) | loss: 2.444666 | lrm: 0.45 | dt: 5132.50ms | tok/sec: 204,301 | bf16_mfu: 49.32 | epoch: 1 pq: 94 rg: 64 | total time: 347.53m | eta: 129.3m
step 04062/05568 (72.95%) | loss: 2.447602 | lrm: 0.45 | dt: 5180.62ms | tok/sec: 202,403 | bf16_mfu: 48.86 | epoch: 1 pq: 94 rg: 66 | total time: 347.61m | eta: 129.2m
step 04063/05568 (72.97%) | loss: 2.436493 | lrm: 0.45 | dt: 5112.68ms | tok/sec: 205,093 | bf16_mfu: 49.51 | epoch: 1 pq: 94 rg: 68 | total time: 347.70m | eta: 129.1m
step 04064/05568 (72.99%) | loss: 2.433692 | lrm: 0.44 | dt: 5172.87ms | tok/sec: 202,706 | bf16_mfu: 48.94 | epoch: 1 pq: 94 rg: 70 | total time: 347.78m | eta: 129.0m
step 04065/05568 (73.01%) | loss: 2.431700 | lrm: 0.44 | dt: 5137.08ms | tok/sec: 204,119 | bf16_mfu: 49.28 | epoch: 1 pq: 94 rg: 72 | total time: 347.87m | eta: 128.9m
step 04066/05568 (73.02%) | loss: 2.448660 | lrm: 0.44 | dt: 5195.08ms | tok/sec: 201,840 | bf16_mfu: 48.73 | epoch: 1 pq: 94 rg: 74 | total time: 347.96m | eta: 128.9m
step 04067/05568 (73.04%) | loss: 2.469823 | lrm: 0.44 | dt: 5135.61ms | tok/sec: 204,177 | bf16_mfu: 49.29 | epoch: 1 pq: 94 rg: 76 | total time: 348.04m | eta: 128.8m
step 04068/05568 (73.06%) | loss: 2.473931 | lrm: 0.44 | dt: 5205.81ms | tok/sec: 201,424 | bf16_mfu: 48.63 | epoch: 1 pq: 94 rg: 78 | total time: 348.13m | eta: 128.7m
step 04069/05568 (73.08%) | loss: 2.476589 | lrm: 0.44 | dt: 5168.92ms | tok/sec: 202,861 | bf16_mfu: 48.97 | epoch: 1 pq: 94 rg: 80 | total time: 348.21m | eta: 128.6m
step 04070/05568 (73.10%) | loss: 2.481754 | lrm: 0.44 | dt: 5157.07ms | tok/sec: 203,327 | bf16_mfu: 49.09 | epoch: 1 pq: 95 rg: 0 | total time: 348.30m | eta: 128.5m
step 04071/05568 (73.11%) | loss: 2.481189 | lrm: 0.44 | dt: 5155.86ms | tok/sec: 203,375 | bf16_mfu: 49.10 | epoch: 1 pq: 95 rg: 2 | total time: 348.39m | eta: 128.4m
step 04072/05568 (73.13%) | loss: 2.472709 | lrm: 0.44 | dt: 5139.15ms | tok/sec: 204,037 | bf16_mfu: 49.26 | epoch: 1 pq: 95 rg: 4 | total time: 348.47m | eta: 128.3m
step 04073/05568 (73.15%) | loss: 2.477152 | lrm: 0.44 | dt: 5121.69ms | tok/sec: 204,732 | bf16_mfu: 49.43 | epoch: 1 pq: 95 rg: 6 | total time: 348.56m | eta: 128.3m
step 04074/05568 (73.17%) | loss: 2.459546 | lrm: 0.44 | dt: 5167.52ms | tok/sec: 202,916 | bf16_mfu: 48.99 | epoch: 1 pq: 95 rg: 8 | total time: 348.64m | eta: 128.2m
step 04075/05568 (73.19%) | loss: 2.458718 | lrm: 0.44 | dt: 5144.70ms | tok/sec: 203,816 | bf16_mfu: 49.20 | epoch: 1 pq: 95 rg: 10 | total time: 348.73m | eta: 128.1m
step 04076/05568 (73.20%) | loss: 2.441624 | lrm: 0.44 | dt: 5112.72ms | tok/sec: 205,091 | bf16_mfu: 49.51 | epoch: 1 pq: 95 rg: 12 | total time: 348.81m | eta: 128.0m
step 04077/05568 (73.22%) | loss: 2.424215 | lrm: 0.44 | dt: 5240.72ms | tok/sec: 200,082 | bf16_mfu: 48.30 | epoch: 1 pq: 95 rg: 14 | total time: 348.90m | eta: 127.9m
step 04078/05568 (73.24%) | loss: 2.429548 | lrm: 0.44 | dt: 5118.04ms | tok/sec: 204,878 | bf16_mfu: 49.46 | epoch: 1 pq: 95 rg: 16 | total time: 348.99m | eta: 127.8m
step 04079/05568 (73.26%) | loss: 2.415496 | lrm: 0.44 | dt: 5239.70ms | tok/sec: 200,121 | bf16_mfu: 48.31 | epoch: 1 pq: 95 rg: 18 | total time: 349.07m | eta: 127.7m
step 04080/05568 (73.28%) | loss: 2.420513 | lrm: 0.44 | dt: 5130.23ms | tok/sec: 204,391 | bf16_mfu: 49.34 | epoch: 1 pq: 95 rg: 20 | total time: 349.16m | eta: 127.7m
step 04081/05568 (73.29%) | loss: 2.415856 | lrm: 0.44 | dt: 5115.30ms | tok/sec: 204,987 | bf16_mfu: 49.49 | epoch: 1 pq: 95 rg: 22 | total time: 349.25m | eta: 127.6m
step 04082/05568 (73.31%) | loss: 2.426407 | lrm: 0.44 | dt: 5184.03ms | tok/sec: 202,270 | bf16_mfu: 48.83 | epoch: 1 pq: 95 rg: 24 | total time: 349.33m | eta: 127.5m
step 04083/05568 (73.33%) | loss: 2.443943 | lrm: 0.44 | dt: 5143.38ms | tok/sec: 203,869 | bf16_mfu: 49.22 | epoch: 1 pq: 95 rg: 24 | total time: 349.42m | eta: 127.4m
step 04084/05568 (73.35%) | loss: 2.454797 | lrm: 0.44 | dt: 5142.71ms | tok/sec: 203,895 | bf16_mfu: 49.22 | epoch: 1 pq: 95 rg: 26 | total time: 349.50m | eta: 127.3m
step 04085/05568 (73.37%) | loss: 2.455804 | lrm: 0.44 | dt: 5139.09ms | tok/sec: 204,039 | bf16_mfu: 49.26 | epoch: 1 pq: 95 rg: 28 | total time: 349.59m | eta: 127.2m
step 04086/05568 (73.38%) | loss: 2.449945 | lrm: 0.44 | dt: 5213.98ms | tok/sec: 201,108 | bf16_mfu: 48.55 | epoch: 1 pq: 95 rg: 30 | total time: 349.68m | eta: 127.1m
step 04087/05568 (73.40%) | loss: 2.454939 | lrm: 0.44 | dt: 5165.54ms | tok/sec: 202,994 | bf16_mfu: 49.01 | epoch: 1 pq: 95 rg: 32 | total time: 349.76m | eta: 127.1m
step 04088/05568 (73.42%) | loss: 2.450308 | lrm: 0.44 | dt: 5205.17ms | tok/sec: 201,448 | bf16_mfu: 48.63 | epoch: 1 pq: 95 rg: 34 | total time: 349.85m | eta: 127.0m
step 04089/05568 (73.44%) | loss: 2.453648 | lrm: 0.44 | dt: 5118.06ms | tok/sec: 204,877 | bf16_mfu: 49.46 | epoch: 1 pq: 95 rg: 36 | total time: 349.93m | eta: 126.9m
step 04090/05568 (73.46%) | loss: 2.463698 | lrm: 0.44 | dt: 5090.05ms | tok/sec: 206,005 | bf16_mfu: 49.73 | epoch: 1 pq: 95 rg: 38 | total time: 350.02m | eta: 126.8m
step 04091/05568 (73.47%) | loss: 2.459386 | lrm: 0.44 | dt: 5162.23ms | tok/sec: 203,124 | bf16_mfu: 49.04 | epoch: 1 pq: 95 rg: 40 | total time: 350.10m | eta: 126.7m
step 04092/05568 (73.49%) | loss: 2.474057 | lrm: 0.44 | dt: 5165.05ms | tok/sec: 203,013 | bf16_mfu: 49.01 | epoch: 1 pq: 95 rg: 42 | total time: 350.19m | eta: 126.6m
step 04093/05568 (73.51%) | loss: 2.486125 | lrm: 0.44 | dt: 5176.08ms | tok/sec: 202,580 | bf16_mfu: 48.91 | epoch: 1 pq: 95 rg: 44 | total time: 350.28m | eta: 126.5m
step 04094/05568 (73.53%) | loss: 2.481803 | lrm: 0.44 | dt: 5120.23ms | tok/sec: 204,790 | bf16_mfu: 49.44 | epoch: 1 pq: 95 rg: 46 | total time: 350.36m | eta: 126.5m
step 04095/05568 (73.55%) | loss: 2.479548 | lrm: 0.44 | dt: 5174.96ms | tok/sec: 202,624 | bf16_mfu: 48.92 | epoch: 1 pq: 95 rg: 48 | total time: 350.45m | eta: 126.4m
step 04096/05568 (73.56%) | loss: 2.476066 | lrm: 0.44 | dt: 5147.54ms | tok/sec: 203,704 | bf16_mfu: 49.18 | epoch: 1 pq: 95 rg: 50 | total time: 350.53m | eta: 126.3m
step 04097/05568 (73.58%) | loss: 2.469325 | lrm: 0.44 | dt: 5875.55ms | tok/sec: 178,464 | bf16_mfu: 43.08 | epoch: 1 pq: 95 rg: 52 | total time: 350.63m | eta: 126.2m
step 04098/05568 (73.60%) | loss: 2.460463 | lrm: 0.44 | dt: 5164.19ms | tok/sec: 203,047 | bf16_mfu: 49.02 | epoch: 1 pq: 95 rg: 54 | total time: 350.72m | eta: 126.1m
step 04099/05568 (73.62%) | loss: 2.455964 | lrm: 0.44 | dt: 5167.17ms | tok/sec: 202,930 | bf16_mfu: 48.99 | epoch: 1 pq: 95 rg: 56 | total time: 350.80m | eta: 126.0m
step 04100/05568 (73.64%) | loss: 2.444215 | lrm: 0.44 | dt: 5137.25ms | tok/sec: 204,112 | bf16_mfu: 49.28 | epoch: 1 pq: 95 rg: 58 | total time: 350.89m | eta: 125.9m
step 04101/05568 (73.65%) | loss: 2.438769 | lrm: 0.44 | dt: 5486.27ms | tok/sec: 191,127 | bf16_mfu: 46.14 | epoch: 1 pq: 95 rg: 60 | total time: 350.98m | eta: 125.9m
step 04102/05568 (73.67%) | loss: 2.455567 | lrm: 0.43 | dt: 5118.23ms | tok/sec: 204,870 | bf16_mfu: 49.46 | epoch: 1 pq: 95 rg: 62 | total time: 351.07m | eta: 125.8m
step 04103/05568 (73.69%) | loss: 2.449495 | lrm: 0.43 | dt: 5136.77ms | tok/sec: 204,131 | bf16_mfu: 49.28 | epoch: 1 pq: 95 rg: 64 | total time: 351.15m | eta: 125.7m
step 04104/05568 (73.71%) | loss: 2.453687 | lrm: 0.43 | dt: 5121.51ms | tok/sec: 204,739 | bf16_mfu: 49.43 | epoch: 1 pq: 95 rg: 66 | total time: 351.24m | eta: 125.6m
step 04105/05568 (73.72%) | loss: 2.440830 | lrm: 0.43 | dt: 5175.43ms | tok/sec: 202,606 | bf16_mfu: 48.91 | epoch: 1 pq: 95 rg: 68 | total time: 351.32m | eta: 125.5m
step 04106/05568 (73.74%) | loss: 2.439142 | lrm: 0.43 | dt: 5175.03ms | tok/sec: 202,622 | bf16_mfu: 48.92 | epoch: 1 pq: 95 rg: 70 | total time: 351.41m | eta: 125.4m
step 04107/05568 (73.76%) | loss: 2.432827 | lrm: 0.43 | dt: 5231.67ms | tok/sec: 200,428 | bf16_mfu: 48.39 | epoch: 1 pq: 95 rg: 72 | total time: 351.50m | eta: 125.3m
step 04108/05568 (73.78%) | loss: 2.426255 | lrm: 0.43 | dt: 5434.38ms | tok/sec: 192,952 | bf16_mfu: 46.58 | epoch: 1 pq: 95 rg: 72 | total time: 351.59m | eta: 125.3m
step 04109/05568 (73.80%) | loss: 2.431991 | lrm: 0.43 | dt: 5146.57ms | tok/sec: 203,742 | bf16_mfu: 49.19 | epoch: 1 pq: 95 rg: 74 | total time: 351.67m | eta: 125.2m
step 04110/05568 (73.81%) | loss: 2.434397 | lrm: 0.43 | dt: 5204.10ms | tok/sec: 201,490 | bf16_mfu: 48.64 | epoch: 1 pq: 95 rg: 76 | total time: 351.76m | eta: 125.1m
step 04111/05568 (73.83%) | loss: 2.440416 | lrm: 0.43 | dt: 5195.50ms | tok/sec: 201,824 | bf16_mfu: 48.72 | epoch: 1 pq: 95 rg: 78 | total time: 351.85m | eta: 125.0m
step 04112/05568 (73.85%) | loss: 2.456101 | lrm: 0.43 | dt: 5276.83ms | tok/sec: 198,713 | bf16_mfu: 47.97 | epoch: 1 pq: 95 rg: 80 | total time: 351.94m | eta: 124.9m
step 04113/05568 (73.87%) | loss: 2.461496 | lrm: 0.43 | dt: 5434.82ms | tok/sec: 192,936 | bf16_mfu: 46.58 | epoch: 1 pq: 96 rg: 0 | total time: 352.03m | eta: 124.8m
step 04114/05568 (73.89%) | loss: 2.468125 | lrm: 0.43 | dt: 5241.06ms | tok/sec: 200,069 | bf16_mfu: 48.30 | epoch: 1 pq: 96 rg: 2 | total time: 352.11m | eta: 124.7m
step 04115/05568 (73.90%) | loss: 2.466661 | lrm: 0.43 | dt: 5124.28ms | tok/sec: 204,629 | bf16_mfu: 49.40 | epoch: 1 pq: 96 rg: 4 | total time: 352.20m | eta: 124.7m
step 04116/05568 (73.92%) | loss: 2.459473 | lrm: 0.43 | dt: 5211.79ms | tok/sec: 201,192 | bf16_mfu: 48.57 | epoch: 1 pq: 96 rg: 6 | total time: 352.29m | eta: 124.6m
step 04117/05568 (73.94%) | loss: 2.450141 | lrm: 0.43 | dt: 5175.71ms | tok/sec: 202,595 | bf16_mfu: 48.91 | epoch: 1 pq: 96 rg: 8 | total time: 352.37m | eta: 124.5m
step 04118/05568 (73.96%) | loss: 2.438880 | lrm: 0.43 | dt: 5164.57ms | tok/sec: 203,032 | bf16_mfu: 49.02 | epoch: 1 pq: 96 rg: 10 | total time: 352.46m | eta: 124.4m
step 04119/05568 (73.98%) | loss: 2.437418 | lrm: 0.43 | dt: 5203.19ms | tok/sec: 201,525 | bf16_mfu: 48.65 | epoch: 1 pq: 96 rg: 12 | total time: 352.54m | eta: 124.3m
step 04120/05568 (73.99%) | loss: 2.455590 | lrm: 0.43 | dt: 5130.09ms | tok/sec: 204,397 | bf16_mfu: 49.34 | epoch: 1 pq: 96 rg: 14 | total time: 352.63m | eta: 124.2m
step 04121/05568 (74.01%) | loss: 2.442376 | lrm: 0.43 | dt: 5114.59ms | tok/sec: 205,016 | bf16_mfu: 49.49 | epoch: 1 pq: 96 rg: 16 | total time: 352.72m | eta: 124.1m
step 04122/05568 (74.03%) | loss: 2.432255 | lrm: 0.43 | dt: 5201.51ms | tok/sec: 201,590 | bf16_mfu: 48.67 | epoch: 1 pq: 96 rg: 18 | total time: 352.80m | eta: 124.1m
step 04123/05568 (74.05%) | loss: 2.434199 | lrm: 0.43 | dt: 5172.18ms | tok/sec: 202,733 | bf16_mfu: 48.94 | epoch: 1 pq: 96 rg: 20 | total time: 352.89m | eta: 124.0m
step 04124/05568 (74.07%) | loss: 2.435139 | lrm: 0.43 | dt: 5157.28ms | tok/sec: 203,319 | bf16_mfu: 49.08 | epoch: 1 pq: 96 rg: 22 | total time: 352.97m | eta: 123.9m
step 04125/05568 (74.08%) | loss: 2.449187 | lrm: 0.43 | dt: 5163.36ms | tok/sec: 203,080 | bf16_mfu: 49.03 | epoch: 1 pq: 96 rg: 24 | total time: 353.06m | eta: 123.8m
step 04126/05568 (74.10%) | loss: 2.450434 | lrm: 0.43 | dt: 5137.42ms | tok/sec: 204,105 | bf16_mfu: 49.27 | epoch: 1 pq: 96 rg: 26 | total time: 353.15m | eta: 123.7m
step 04127/05568 (74.12%) | loss: 2.454171 | lrm: 0.43 | dt: 5139.05ms | tok/sec: 204,040 | bf16_mfu: 49.26 | epoch: 1 pq: 96 rg: 28 | total time: 353.23m | eta: 123.6m
step 04128/05568 (74.14%) | loss: 2.454290 | lrm: 0.43 | dt: 5187.69ms | tok/sec: 202,127 | bf16_mfu: 48.80 | epoch: 1 pq: 96 rg: 30 | total time: 353.32m | eta: 123.5m
step 04129/05568 (74.16%) | loss: 2.458365 | lrm: 0.43 | dt: 5181.50ms | tok/sec: 202,369 | bf16_mfu: 48.86 | epoch: 1 pq: 96 rg: 32 | total time: 353.40m | eta: 123.5m
step 04130/05568 (74.17%) | loss: 2.463222 | lrm: 0.43 | dt: 5139.33ms | tok/sec: 204,029 | bf16_mfu: 49.26 | epoch: 1 pq: 96 rg: 34 | total time: 353.49m | eta: 123.4m
step 04131/05568 (74.19%) | loss: 2.447981 | lrm: 0.43 | dt: 5129.16ms | tok/sec: 204,434 | bf16_mfu: 49.35 | epoch: 1 pq: 96 rg: 36 | total time: 353.58m | eta: 123.3m
step 04132/05568 (74.21%) | loss: 2.444955 | lrm: 0.43 | dt: 5217.93ms | tok/sec: 200,956 | bf16_mfu: 48.51 | epoch: 1 pq: 96 rg: 38 | total time: 353.66m | eta: 123.2m
step 04133/05568 (74.23%) | loss: 2.446018 | lrm: 0.43 | dt: 5120.37ms | tok/sec: 204,785 | bf16_mfu: 49.44 | epoch: 1 pq: 96 rg: 40 | total time: 353.75m | eta: 123.1m
step 04134/05568 (74.25%) | loss: 2.454169 | lrm: 0.43 | dt: 5133.90ms | tok/sec: 204,245 | bf16_mfu: 49.31 | epoch: 1 pq: 96 rg: 42 | total time: 353.83m | eta: 123.0m
step 04135/05568 (74.26%) | loss: 2.459921 | lrm: 0.43 | dt: 5156.62ms | tok/sec: 203,345 | bf16_mfu: 49.09 | epoch: 1 pq: 96 rg: 44 | total time: 353.92m | eta: 122.9m
step 04136/05568 (74.28%) | loss: 2.456797 | lrm: 0.43 | dt: 5139.20ms | tok/sec: 204,034 | bf16_mfu: 49.26 | epoch: 1 pq: 96 rg: 46 | total time: 354.01m | eta: 122.9m
step 04137/05568 (74.30%) | loss: 2.464857 | lrm: 0.43 | dt: 5159.51ms | tok/sec: 203,231 | bf16_mfu: 49.06 | epoch: 1 pq: 96 rg: 46 | total time: 354.09m | eta: 122.8m
step 04138/05568 (74.32%) | loss: 2.468696 | lrm: 0.43 | dt: 5156.09ms | tok/sec: 203,366 | bf16_mfu: 49.10 | epoch: 1 pq: 96 rg: 48 | total time: 354.18m | eta: 122.7m
step 04139/05568 (74.34%) | loss: 2.456259 | lrm: 0.43 | dt: 5206.32ms | tok/sec: 201,404 | bf16_mfu: 48.62 | epoch: 1 pq: 96 rg: 50 | total time: 354.26m | eta: 122.6m
step 04140/05568 (74.35%) | loss: 2.458405 | lrm: 0.42 | dt: 5167.17ms | tok/sec: 202,930 | bf16_mfu: 48.99 | epoch: 1 pq: 96 rg: 52 | total time: 354.35m | eta: 122.5m
step 04141/05568 (74.37%) | loss: 2.445188 | lrm: 0.42 | dt: 5375.65ms | tok/sec: 195,060 | bf16_mfu: 47.09 | epoch: 1 pq: 96 rg: 54 | total time: 354.44m | eta: 122.4m
step 04142/05568 (74.39%) | loss: 2.443415 | lrm: 0.42 | dt: 5178.52ms | tok/sec: 202,485 | bf16_mfu: 48.88 | epoch: 1 pq: 96 rg: 56 | total time: 354.53m | eta: 122.4m
step 04143/05568 (74.41%) | loss: 2.458616 | lrm: 0.42 | dt: 5172.18ms | tok/sec: 202,733 | bf16_mfu: 48.94 | epoch: 1 pq: 96 rg: 58 | total time: 354.61m | eta: 122.3m
step 04144/05568 (74.43%) | loss: 2.489104 | lrm: 0.42 | dt: 5188.98ms | tok/sec: 202,077 | bf16_mfu: 48.78 | epoch: 1 pq: 96 rg: 60 | total time: 354.70m | eta: 122.2m
step 04145/05568 (74.44%) | loss: 2.494297 | lrm: 0.42 | dt: 5193.51ms | tok/sec: 201,901 | bf16_mfu: 48.74 | epoch: 1 pq: 96 rg: 62 | total time: 354.79m | eta: 122.1m
step 04146/05568 (74.46%) | loss: 2.496409 | lrm: 0.42 | dt: 5142.04ms | tok/sec: 203,922 | bf16_mfu: 49.23 | epoch: 1 pq: 96 rg: 64 | total time: 354.87m | eta: 122.0m
step 04147/05568 (74.48%) | loss: 2.500466 | lrm: 0.42 | dt: 5153.05ms | tok/sec: 203,486 | bf16_mfu: 49.13 | epoch: 1 pq: 96 rg: 66 | total time: 354.96m | eta: 121.9m
step 04148/05568 (74.50%) | loss: 2.499696 | lrm: 0.42 | dt: 5173.14ms | tok/sec: 202,696 | bf16_mfu: 48.93 | epoch: 1 pq: 96 rg: 68 | total time: 355.04m | eta: 121.8m
step 04149/05568 (74.52%) | loss: 2.495919 | lrm: 0.42 | dt: 5128.48ms | tok/sec: 204,461 | bf16_mfu: 49.36 | epoch: 1 pq: 96 rg: 70 | total time: 355.13m | eta: 121.8m
step 04150/05568 (74.53%) | loss: 2.492634 | lrm: 0.42 | dt: 5101.46ms | tok/sec: 205,544 | bf16_mfu: 49.62 | epoch: 1 pq: 96 rg: 72 | total time: 355.21m | eta: 121.7m
step 04151/05568 (74.55%) | loss: 2.493109 | lrm: 0.42 | dt: 5139.75ms | tok/sec: 204,013 | bf16_mfu: 49.25 | epoch: 1 pq: 96 rg: 74 | total time: 355.30m | eta: 121.6m
step 04152/05568 (74.57%) | loss: 2.486581 | lrm: 0.42 | dt: 5318.37ms | tok/sec: 197,161 | bf16_mfu: 47.60 | epoch: 1 pq: 96 rg: 76 | total time: 355.39m | eta: 121.5m
step 04153/05568 (74.59%) | loss: 2.496670 | lrm: 0.42 | dt: 5159.23ms | tok/sec: 203,242 | bf16_mfu: 49.07 | epoch: 1 pq: 96 rg: 78 | total time: 355.47m | eta: 121.4m
step 04154/05568 (74.60%) | loss: 2.481588 | lrm: 0.42 | dt: 5143.19ms | tok/sec: 203,876 | bf16_mfu: 49.22 | epoch: 1 pq: 96 rg: 80 | total time: 355.56m | eta: 121.3m
step 04155/05568 (74.62%) | loss: 2.480357 | lrm: 0.42 | dt: 5193.88ms | tok/sec: 201,886 | bf16_mfu: 48.74 | epoch: 1 pq: 96 rg: 82 | total time: 355.65m | eta: 121.2m
step 04156/05568 (74.64%) | loss: 2.469887 | lrm: 0.42 | dt: 5136.94ms | tok/sec: 204,124 | bf16_mfu: 49.28 | epoch: 1 pq: 97 rg: 0 | total time: 355.73m | eta: 121.2m
step 04157/05568 (74.66%) | loss: 2.475944 | lrm: 0.42 | dt: 5178.04ms | tok/sec: 202,504 | bf16_mfu: 48.89 | epoch: 1 pq: 97 rg: 2 | total time: 355.82m | eta: 121.1m
step 04158/05568 (74.68%) | loss: 2.473372 | lrm: 0.42 | dt: 5115.86ms | tok/sec: 204,965 | bf16_mfu: 49.48 | epoch: 1 pq: 97 rg: 4 | total time: 355.90m | eta: 121.0m
step 04159/05568 (74.69%) | loss: 2.479647 | lrm: 0.42 | dt: 5175.40ms | tok/sec: 202,607 | bf16_mfu: 48.91 | epoch: 1 pq: 97 rg: 6 | total time: 355.99m | eta: 120.9m
step 04160/05568 (74.71%) | loss: 2.474395 | lrm: 0.42 | dt: 5215.87ms | tok/sec: 201,035 | bf16_mfu: 48.53 | epoch: 1 pq: 97 rg: 8 | total time: 356.08m | eta: 120.8m
step 04161/05568 (74.73%) | loss: 2.483822 | lrm: 0.42 | dt: 5156.32ms | tok/sec: 203,357 | bf16_mfu: 49.09 | epoch: 1 pq: 97 rg: 10 | total time: 356.16m | eta: 120.7m
step 04162/05568 (74.75%) | loss: 2.463780 | lrm: 0.42 | dt: 5163.44ms | tok/sec: 203,077 | bf16_mfu: 49.03 | epoch: 1 pq: 97 rg: 12 | total time: 356.25m | eta: 120.6m
step 04163/05568 (74.77%) | loss: 2.461761 | lrm: 0.42 | dt: 5152.16ms | tok/sec: 203,521 | bf16_mfu: 49.13 | epoch: 1 pq: 97 rg: 14 | total time: 356.33m | eta: 120.6m
step 04164/05568 (74.78%) | loss: 2.456310 | lrm: 0.42 | dt: 5163.04ms | tok/sec: 203,092 | bf16_mfu: 49.03 | epoch: 1 pq: 97 rg: 16 | total time: 356.42m | eta: 120.5m
step 04165/05568 (74.80%) | loss: 2.462541 | lrm: 0.42 | dt: 5148.70ms | tok/sec: 203,658 | bf16_mfu: 49.17 | epoch: 1 pq: 97 rg: 18 | total time: 356.51m | eta: 120.4m
step 04166/05568 (74.82%) | loss: 2.467894 | lrm: 0.42 | dt: 5194.34ms | tok/sec: 201,868 | bf16_mfu: 48.73 | epoch: 1 pq: 97 rg: 20 | total time: 356.59m | eta: 120.3m
step 04167/05568 (74.84%) | loss: 2.454161 | lrm: 0.42 | dt: 5147.21ms | tok/sec: 203,717 | bf16_mfu: 49.18 | epoch: 1 pq: 97 rg: 22 | total time: 356.68m | eta: 120.2m
step 04168/05568 (74.86%) | loss: 2.442839 | lrm: 0.42 | dt: 5180.77ms | tok/sec: 202,397 | bf16_mfu: 48.86 | epoch: 1 pq: 97 rg: 24 | total time: 356.76m | eta: 120.1m
step 04169/05568 (74.87%) | loss: 2.449768 | lrm: 0.42 | dt: 5187.79ms | tok/sec: 202,123 | bf16_mfu: 48.80 | epoch: 1 pq: 97 rg: 24 | total time: 356.85m | eta: 120.0m
step 04170/05568 (74.89%) | loss: 2.458023 | lrm: 0.42 | dt: 5154.40ms | tok/sec: 203,433 | bf16_mfu: 49.11 | epoch: 1 pq: 97 rg: 26 | total time: 356.94m | eta: 120.0m
step 04171/05568 (74.91%) | loss: 2.461797 | lrm: 0.42 | dt: 5150.97ms | tok/sec: 203,568 | bf16_mfu: 49.14 | epoch: 1 pq: 97 rg: 28 | total time: 357.02m | eta: 119.9m
step 04172/05568 (74.93%) | loss: 2.461181 | lrm: 0.42 | dt: 5263.04ms | tok/sec: 199,233 | bf16_mfu: 48.10 | epoch: 1 pq: 97 rg: 30 | total time: 357.11m | eta: 119.8m
step 04173/05568 (74.95%) | loss: 2.466221 | lrm: 0.42 | dt: 5138.28ms | tok/sec: 204,071 | bf16_mfu: 49.27 | epoch: 1 pq: 97 rg: 32 | total time: 357.20m | eta: 119.7m
step 04174/05568 (74.96%) | loss: 2.470370 | lrm: 0.42 | dt: 5151.15ms | tok/sec: 203,561 | bf16_mfu: 49.14 | epoch: 1 pq: 97 rg: 34 | total time: 357.28m | eta: 119.6m
step 04175/05568 (74.98%) | loss: 2.454329 | lrm: 0.42 | dt: 5124.73ms | tok/sec: 204,610 | bf16_mfu: 49.40 | epoch: 1 pq: 97 rg: 36 | total time: 357.37m | eta: 119.5m
step 04176/05568 (75.00%) | loss: 2.447378 | lrm: 0.42 | dt: 5156.10ms | tok/sec: 203,366 | bf16_mfu: 49.10 | epoch: 1 pq: 97 rg: 38 | total time: 357.45m | eta: 119.4m
step 04177/05568 (75.02%) | loss: 2.448597 | lrm: 0.42 | dt: 5131.92ms | tok/sec: 204,324 | bf16_mfu: 49.33 | epoch: 1 pq: 97 rg: 40 | total time: 357.54m | eta: 119.4m
step 04178/05568 (75.04%) | loss: 2.435253 | lrm: 0.41 | dt: 5229.89ms | tok/sec: 200,496 | bf16_mfu: 48.40 | epoch: 1 pq: 97 rg: 42 | total time: 357.63m | eta: 119.3m
step 04179/05568 (75.05%) | loss: 2.443058 | lrm: 0.41 | dt: 5160.10ms | tok/sec: 203,208 | bf16_mfu: 49.06 | epoch: 1 pq: 97 rg: 44 | total time: 357.71m | eta: 119.2m
step 04180/05568 (75.07%) | loss: 2.438215 | lrm: 0.41 | dt: 5158.15ms | tok/sec: 203,285 | bf16_mfu: 49.08 | epoch: 1 pq: 97 rg: 46 | total time: 357.80m | eta: 119.1m
step 04181/05568 (75.09%) | loss: 2.449330 | lrm: 0.41 | dt: 5133.07ms | tok/sec: 204,278 | bf16_mfu: 49.32 | epoch: 1 pq: 97 rg: 48 | total time: 357.88m | eta: 119.0m
step 04182/05568 (75.11%) | loss: 2.452085 | lrm: 0.41 | dt: 5206.45ms | tok/sec: 201,399 | bf16_mfu: 48.62 | epoch: 1 pq: 97 rg: 50 | total time: 357.97m | eta: 118.9m
step 04183/05568 (75.13%) | loss: 2.450978 | lrm: 0.41 | dt: 5230.26ms | tok/sec: 200,482 | bf16_mfu: 48.40 | epoch: 1 pq: 97 rg: 52 | total time: 358.06m | eta: 118.8m
step 04184/05568 (75.14%) | loss: 2.431934 | lrm: 0.41 | dt: 5280.06ms | tok/sec: 198,591 | bf16_mfu: 47.94 | epoch: 1 pq: 97 rg: 54 | total time: 358.15m | eta: 118.8m
step 04185/05568 (75.16%) | loss: 2.425368 | lrm: 0.41 | dt: 5073.82ms | tok/sec: 206,664 | bf16_mfu: 49.89 | epoch: 1 pq: 97 rg: 56 | total time: 358.23m | eta: 118.7m
step 04186/05568 (75.18%) | loss: 2.433910 | lrm: 0.41 | dt: 5150.33ms | tok/sec: 203,594 | bf16_mfu: 49.15 | epoch: 1 pq: 97 rg: 58 | total time: 358.32m | eta: 118.6m
step 04187/05568 (75.20%) | loss: 2.419679 | lrm: 0.41 | dt: 5203.49ms | tok/sec: 201,514 | bf16_mfu: 48.65 | epoch: 1 pq: 97 rg: 60 | total time: 358.40m | eta: 118.5m
step 04188/05568 (75.22%) | loss: 2.418252 | lrm: 0.41 | dt: 5160.69ms | tok/sec: 203,185 | bf16_mfu: 49.05 | epoch: 1 pq: 97 rg: 62 | total time: 358.49m | eta: 118.4m
step 04189/05568 (75.23%) | loss: 2.438245 | lrm: 0.41 | dt: 5145.21ms | tok/sec: 203,796 | bf16_mfu: 49.20 | epoch: 1 pq: 97 rg: 64 | total time: 358.57m | eta: 118.3m
step 04190/05568 (75.25%) | loss: 2.441538 | lrm: 0.41 | dt: 5187.46ms | tok/sec: 202,136 | bf16_mfu: 48.80 | epoch: 1 pq: 97 rg: 66 | total time: 358.66m | eta: 118.2m
step 04191/05568 (75.27%) | loss: 2.441344 | lrm: 0.41 | dt: 5128.23ms | tok/sec: 204,471 | bf16_mfu: 49.36 | epoch: 1 pq: 97 rg: 68 | total time: 358.75m | eta: 118.2m
step 04192/05568 (75.29%) | loss: 2.431175 | lrm: 0.41 | dt: 5160.13ms | tok/sec: 203,207 | bf16_mfu: 49.06 | epoch: 1 pq: 97 rg: 70 | total time: 358.83m | eta: 118.1m
step 04193/05568 (75.31%) | loss: 2.431770 | lrm: 0.41 | dt: 5145.50ms | tok/sec: 203,784 | bf16_mfu: 49.20 | epoch: 1 pq: 97 rg: 72 | total time: 358.92m | eta: 118.0m
step 04194/05568 (75.32%) | loss: 2.422611 | lrm: 0.41 | dt: 5131.50ms | tok/sec: 204,340 | bf16_mfu: 49.33 | epoch: 1 pq: 97 rg: 74 | total time: 359.00m | eta: 117.9m
step 04195/05568 (75.34%) | loss: 2.400211 | lrm: 0.41 | dt: 5187.09ms | tok/sec: 202,151 | bf16_mfu: 48.80 | epoch: 1 pq: 97 rg: 76 | total time: 359.09m | eta: 117.8m
step 04196/05568 (75.36%) | loss: 2.412511 | lrm: 0.41 | dt: 5179.01ms | tok/sec: 202,466 | bf16_mfu: 48.88 | epoch: 1 pq: 97 rg: 78 | total time: 359.18m | eta: 117.7m
step 04197/05568 (75.38%) | loss: 2.413719 | lrm: 0.41 | dt: 5191.02ms | tok/sec: 201,998 | bf16_mfu: 48.77 | epoch: 1 pq: 97 rg: 80 | total time: 359.26m | eta: 117.6m
step 04198/05568 (75.40%) | loss: 2.416844 | lrm: 0.41 | dt: 5190.85ms | tok/sec: 202,004 | bf16_mfu: 48.77 | epoch: 1 pq: 97 rg: 82 | total time: 359.35m | eta: 117.6m
step 04199/05568 (75.41%) | loss: 2.432261 | lrm: 0.41 | dt: 5155.54ms | tok/sec: 203,388 | bf16_mfu: 49.10 | epoch: 1 pq: 98 rg: 0 | total time: 359.44m | eta: 117.5m
step 04200/05568 (75.43%) | loss: 2.450674 | lrm: 0.41 | dt: 4892.79ms | tok/sec: 214,310 | bf16_mfu: 51.74 | epoch: 1 pq: 98 rg: 2 | total time: 359.52m | eta: 117.4m
step 04201/05568 (75.45%) | loss: 2.428640 | lrm: 0.41 | dt: 5037.72ms | tok/sec: 208,145 | bf16_mfu: 50.25 | epoch: 1 pq: 98 rg: 4 | total time: 359.60m | eta: 117.3m
step 04202/05568 (75.47%) | loss: 2.431786 | lrm: 0.41 | dt: 5074.86ms | tok/sec: 206,621 | bf16_mfu: 49.88 | epoch: 1 pq: 98 rg: 6 | total time: 359.69m | eta: 117.2m
step 04203/05568 (75.48%) | loss: 2.423852 | lrm: 0.41 | dt: 5141.84ms | tok/sec: 203,930 | bf16_mfu: 49.23 | epoch: 1 pq: 98 rg: 8 | total time: 359.77m | eta: 117.1m
step 04204/05568 (75.50%) | loss: 2.425436 | lrm: 0.41 | dt: 5159.49ms | tok/sec: 203,232 | bf16_mfu: 49.06 | epoch: 1 pq: 98 rg: 8 | total time: 359.86m | eta: 117.0m
step 04205/05568 (75.52%) | loss: 2.429978 | lrm: 0.41 | dt: 5110.56ms | tok/sec: 205,178 | bf16_mfu: 49.53 | epoch: 1 pq: 98 rg: 12 | total time: 359.94m | eta: 116.9m
step 04206/05568 (75.54%) | loss: 2.432880 | lrm: 0.41 | dt: 5164.26ms | tok/sec: 203,044 | bf16_mfu: 49.02 | epoch: 1 pq: 98 rg: 14 | total time: 360.03m | eta: 116.9m
step 04207/05568 (75.56%) | loss: 2.432889 | lrm: 0.41 | dt: 5177.21ms | tok/sec: 202,536 | bf16_mfu: 48.90 | epoch: 1 pq: 98 rg: 16 | total time: 360.11m | eta: 116.8m
step 04208/05568 (75.57%) | loss: 2.442100 | lrm: 0.41 | dt: 5155.39ms | tok/sec: 203,393 | bf16_mfu: 49.10 | epoch: 1 pq: 98 rg: 16 | total time: 360.20m | eta: 116.7m
step 04209/05568 (75.59%) | loss: 2.436851 | lrm: 0.41 | dt: 5165.62ms | tok/sec: 202,991 | bf16_mfu: 49.01 | epoch: 1 pq: 98 rg: 18 | total time: 360.29m | eta: 116.6m
step 04210/05568 (75.61%) | loss: 2.435529 | lrm: 0.41 | dt: 5271.44ms | tok/sec: 198,916 | bf16_mfu: 48.02 | epoch: 1 pq: 98 rg: 20 | total time: 360.37m | eta: 116.5m
step 04211/05568 (75.63%) | loss: 2.438040 | lrm: 0.41 | dt: 8228.74ms | tok/sec: 127,428 | bf16_mfu: 30.76 | epoch: 1 pq: 98 rg: 22 | total time: 360.51m | eta: 116.5m
step 04212/05568 (75.65%) | loss: 2.428692 | lrm: 0.41 | dt: 5025.64ms | tok/sec: 208,645 | bf16_mfu: 50.37 | epoch: 1 pq: 98 rg: 24 | total time: 360.60m | eta: 116.4m
step 04213/05568 (75.66%) | loss: 2.414096 | lrm: 0.41 | dt: 5240.54ms | tok/sec: 200,089 | bf16_mfu: 48.30 | epoch: 1 pq: 98 rg: 26 | total time: 360.68m | eta: 116.3m
step 04214/05568 (75.68%) | loss: 2.405716 | lrm: 0.41 | dt: 5147.77ms | tok/sec: 203,695 | bf16_mfu: 49.18 | epoch: 1 pq: 98 rg: 28 | total time: 360.77m | eta: 116.2m
step 04215/05568 (75.70%) | loss: 2.412053 | lrm: 0.41 | dt: 5342.36ms | tok/sec: 196,275 | bf16_mfu: 47.38 | epoch: 1 pq: 98 rg: 30 | total time: 360.86m | eta: 116.1m
step 04216/05568 (75.72%) | loss: 2.411880 | lrm: 0.40 | dt: 5179.34ms | tok/sec: 202,453 | bf16_mfu: 48.88 | epoch: 1 pq: 98 rg: 32 | total time: 360.94m | eta: 116.0m
step 04217/05568 (75.74%) | loss: 2.416099 | lrm: 0.40 | dt: 5859.33ms | tok/sec: 178,958 | bf16_mfu: 43.20 | epoch: 1 pq: 98 rg: 34 | total time: 361.04m | eta: 115.9m
step 04218/05568 (75.75%) | loss: 2.417444 | lrm: 0.40 | dt: 5145.99ms | tok/sec: 203,765 | bf16_mfu: 49.19 | epoch: 1 pq: 98 rg: 36 | total time: 361.13m | eta: 115.9m
step 04219/05568 (75.77%) | loss: 2.421707 | lrm: 0.40 | dt: 5133.74ms | tok/sec: 204,251 | bf16_mfu: 49.31 | epoch: 1 pq: 98 rg: 38 | total time: 361.21m | eta: 115.8m
step 04220/05568 (75.79%) | loss: 2.417600 | lrm: 0.40 | dt: 5191.97ms | tok/sec: 201,961 | bf16_mfu: 48.76 | epoch: 1 pq: 98 rg: 40 | total time: 361.30m | eta: 115.7m
step 04221/05568 (75.81%) | loss: 2.433440 | lrm: 0.40 | dt: 5121.27ms | tok/sec: 204,749 | bf16_mfu: 49.43 | epoch: 1 pq: 98 rg: 42 | total time: 361.38m | eta: 115.6m
step 04222/05568 (75.83%) | loss: 2.441250 | lrm: 0.40 | dt: 5200.96ms | tok/sec: 201,612 | bf16_mfu: 48.67 | epoch: 1 pq: 98 rg: 44 | total time: 361.47m | eta: 115.5m
step 04223/05568 (75.84%) | loss: 2.440714 | lrm: 0.40 | dt: 5524.93ms | tok/sec: 189,790 | bf16_mfu: 45.82 | epoch: 1 pq: 98 rg: 46 | total time: 361.56m | eta: 115.4m
step 04224/05568 (75.86%) | loss: 2.432646 | lrm: 0.40 | dt: 5171.14ms | tok/sec: 202,774 | bf16_mfu: 48.95 | epoch: 1 pq: 98 rg: 48 | total time: 361.65m | eta: 115.3m
step 04225/05568 (75.88%) | loss: 2.445850 | lrm: 0.40 | dt: 5122.57ms | tok/sec: 204,697 | bf16_mfu: 49.42 | epoch: 1 pq: 98 rg: 50 | total time: 361.74m | eta: 115.3m
step 04226/05568 (75.90%) | loss: 2.451569 | lrm: 0.40 | dt: 5200.35ms | tok/sec: 201,635 | bf16_mfu: 48.68 | epoch: 1 pq: 98 rg: 52 | total time: 361.82m | eta: 115.2m
step 04227/05568 (75.92%) | loss: 2.448302 | lrm: 0.40 | dt: 5168.11ms | tok/sec: 202,893 | bf16_mfu: 48.98 | epoch: 1 pq: 98 rg: 54 | total time: 361.91m | eta: 115.1m
step 04228/05568 (75.93%) | loss: 2.438504 | lrm: 0.40 | dt: 5195.35ms | tok/sec: 201,829 | bf16_mfu: 48.73 | epoch: 1 pq: 98 rg: 56 | total time: 361.99m | eta: 115.0m
step 04229/05568 (75.95%) | loss: 2.443504 | lrm: 0.40 | dt: 5170.66ms | tok/sec: 202,793 | bf16_mfu: 48.96 | epoch: 1 pq: 98 rg: 58 | total time: 362.08m | eta: 114.9m
step 04230/05568 (75.97%) | loss: 2.443483 | lrm: 0.40 | dt: 5191.66ms | tok/sec: 201,973 | bf16_mfu: 48.76 | epoch: 1 pq: 98 rg: 60 | total time: 362.17m | eta: 114.8m
step 04231/05568 (75.99%) | loss: 2.440919 | lrm: 0.40 | dt: 5172.97ms | tok/sec: 202,703 | bf16_mfu: 48.94 | epoch: 1 pq: 98 rg: 62 | total time: 362.25m | eta: 114.7m
step 04232/05568 (76.01%) | loss: 2.436982 | lrm: 0.40 | dt: 5153.25ms | tok/sec: 203,478 | bf16_mfu: 49.12 | epoch: 1 pq: 98 rg: 64 | total time: 362.34m | eta: 114.7m
step 04233/05568 (76.02%) | loss: 2.419325 | lrm: 0.40 | dt: 5169.60ms | tok/sec: 202,834 | bf16_mfu: 48.97 | epoch: 1 pq: 98 rg: 66 | total time: 362.43m | eta: 114.6m
step 04234/05568 (76.04%) | loss: 2.426004 | lrm: 0.40 | dt: 5165.81ms | tok/sec: 202,983 | bf16_mfu: 49.00 | epoch: 1 pq: 98 rg: 68 | total time: 362.51m | eta: 114.5m
step 04235/05568 (76.06%) | loss: 2.439978 | lrm: 0.40 | dt: 5211.52ms | tok/sec: 201,203 | bf16_mfu: 48.57 | epoch: 1 pq: 98 rg: 70 | total time: 362.60m | eta: 114.4m
step 04236/05568 (76.08%) | loss: 2.451782 | lrm: 0.40 | dt: 5122.24ms | tok/sec: 204,710 | bf16_mfu: 49.42 | epoch: 1 pq: 98 rg: 72 | total time: 362.68m | eta: 114.3m
step 04237/05568 (76.10%) | loss: 2.443097 | lrm: 0.40 | dt: 5181.45ms | tok/sec: 202,371 | bf16_mfu: 48.86 | epoch: 1 pq: 98 rg: 74 | total time: 362.77m | eta: 114.2m
step 04238/05568 (76.11%) | loss: 2.443619 | lrm: 0.40 | dt: 5155.73ms | tok/sec: 203,380 | bf16_mfu: 49.10 | epoch: 1 pq: 98 rg: 76 | total time: 362.86m | eta: 114.1m
step 04239/05568 (76.13%) | loss: 2.428033 | lrm: 0.40 | dt: 5200.87ms | tok/sec: 201,615 | bf16_mfu: 48.67 | epoch: 1 pq: 98 rg: 78 | total time: 362.94m | eta: 114.1m
step 04240/05568 (76.15%) | loss: 2.429031 | lrm: 0.40 | dt: 5176.15ms | tok/sec: 202,578 | bf16_mfu: 48.91 | epoch: 1 pq: 98 rg: 78 | total time: 363.03m | eta: 114.0m
step 04241/05568 (76.17%) | loss: 2.435823 | lrm: 0.40 | dt: 5139.67ms | tok/sec: 204,016 | bf16_mfu: 49.25 | epoch: 1 pq: 98 rg: 80 | total time: 363.11m | eta: 113.9m
step 04242/05568 (76.19%) | loss: 2.422454 | lrm: 0.40 | dt: 5196.85ms | tok/sec: 201,771 | bf16_mfu: 48.71 | epoch: 1 pq: 98 rg: 82 | total time: 363.20m | eta: 113.8m
step 04243/05568 (76.20%) | loss: 2.416397 | lrm: 0.40 | dt: 5223.02ms | tok/sec: 200,760 | bf16_mfu: 48.47 | epoch: 1 pq: 99 rg: 0 | total time: 363.29m | eta: 113.7m
step 04244/05568 (76.22%) | loss: 2.425663 | lrm: 0.40 | dt: 5182.31ms | tok/sec: 202,337 | bf16_mfu: 48.85 | epoch: 1 pq: 99 rg: 2 | total time: 363.37m | eta: 113.6m
step 04245/05568 (76.24%) | loss: 2.419616 | lrm: 0.40 | dt: 5146.72ms | tok/sec: 203,736 | bf16_mfu: 49.19 | epoch: 1 pq: 99 rg: 4 | total time: 363.46m | eta: 113.5m
step 04246/05568 (76.26%) | loss: 2.428332 | lrm: 0.40 | dt: 5113.16ms | tok/sec: 205,074 | bf16_mfu: 49.51 | epoch: 1 pq: 99 rg: 6 | total time: 363.55m | eta: 113.5m
step 04247/05568 (76.28%) | loss: 2.419418 | lrm: 0.40 | dt: 5171.26ms | tok/sec: 202,769 | bf16_mfu: 48.95 | epoch: 1 pq: 99 rg: 8 | total time: 363.63m | eta: 113.4m
step 04248/05568 (76.29%) | loss: 2.425087 | lrm: 0.40 | dt: 5144.50ms | tok/sec: 203,824 | bf16_mfu: 49.21 | epoch: 1 pq: 99 rg: 10 | total time: 363.72m | eta: 113.3m
step 04249/05568 (76.31%) | loss: 2.446589 | lrm: 0.40 | dt: 5173.92ms | tok/sec: 202,665 | bf16_mfu: 48.93 | epoch: 1 pq: 99 rg: 12 | total time: 363.80m | eta: 113.2m
Step 04250 | Validation bpb: 0.740816
step 04250/05568 (76.33%) | loss: 2.460782 | lrm: 0.40 | dt: 5152.88ms | tok/sec: 203,493 | bf16_mfu: 49.13 | epoch: 1 pq: 99 rg: 14 | total time: 363.89m | eta: 113.1m
step 04251/05568 (76.35%) | loss: 2.458184 | lrm: 0.40 | dt: 5226.32ms | tok/sec: 200,633 | bf16_mfu: 48.44 | epoch: 1 pq: 99 rg: 16 | total time: 363.98m | eta: 113.0m
step 04252/05568 (76.36%) | loss: 2.448018 | lrm: 0.40 | dt: 5220.49ms | tok/sec: 200,857 | bf16_mfu: 48.49 | epoch: 1 pq: 99 rg: 18 | total time: 364.06m | eta: 112.9m
step 04253/05568 (76.38%) | loss: 2.443747 | lrm: 0.40 | dt: 5166.31ms | tok/sec: 202,964 | bf16_mfu: 49.00 | epoch: 1 pq: 99 rg: 20 | total time: 364.15m | eta: 112.9m
step 04254/05568 (76.40%) | loss: 2.447720 | lrm: 0.39 | dt: 5152.67ms | tok/sec: 203,501 | bf16_mfu: 49.13 | epoch: 1 pq: 99 rg: 22 | total time: 364.24m | eta: 112.8m
step 04255/05568 (76.42%) | loss: 2.433364 | lrm: 0.39 | dt: 5172.73ms | tok/sec: 202,712 | bf16_mfu: 48.94 | epoch: 1 pq: 99 rg: 24 | total time: 364.32m | eta: 112.7m
step 04256/05568 (76.44%) | loss: 2.425055 | lrm: 0.39 | dt: 5168.15ms | tok/sec: 202,891 | bf16_mfu: 48.98 | epoch: 1 pq: 99 rg: 26 | total time: 364.41m | eta: 112.6m
step 04257/05568 (76.45%) | loss: 2.449419 | lrm: 0.39 | dt: 5149.31ms | tok/sec: 203,634 | bf16_mfu: 49.16 | epoch: 1 pq: 99 rg: 28 | total time: 364.49m | eta: 112.5m
step 04258/05568 (76.47%) | loss: 2.460879 | lrm: 0.39 | dt: 5130.47ms | tok/sec: 204,382 | bf16_mfu: 49.34 | epoch: 1 pq: 99 rg: 30 | total time: 364.58m | eta: 112.4m
step 04259/05568 (76.49%) | loss: 2.449332 | lrm: 0.39 | dt: 5149.00ms | tok/sec: 203,646 | bf16_mfu: 49.16 | epoch: 1 pq: 99 rg: 32 | total time: 364.67m | eta: 112.3m
step 04260/05568 (76.51%) | loss: 2.465637 | lrm: 0.39 | dt: 5153.78ms | tok/sec: 203,457 | bf16_mfu: 49.12 | epoch: 1 pq: 99 rg: 34 | total time: 364.75m | eta: 112.3m
step 04261/05568 (76.53%) | loss: 2.465661 | lrm: 0.39 | dt: 5197.67ms | tok/sec: 201,739 | bf16_mfu: 48.70 | epoch: 1 pq: 99 rg: 36 | total time: 364.84m | eta: 112.2m
step 04262/05568 (76.54%) | loss: 2.466120 | lrm: 0.39 | dt: 5153.99ms | tok/sec: 203,449 | bf16_mfu: 49.12 | epoch: 1 pq: 99 rg: 38 | total time: 364.92m | eta: 112.1m
step 04263/05568 (76.56%) | loss: 2.469076 | lrm: 0.39 | dt: 5135.03ms | tok/sec: 204,200 | bf16_mfu: 49.30 | epoch: 1 pq: 99 rg: 40 | total time: 365.01m | eta: 112.0m
step 04264/05568 (76.58%) | loss: 2.469146 | lrm: 0.39 | dt: 5173.96ms | tok/sec: 202,664 | bf16_mfu: 48.93 | epoch: 1 pq: 99 rg: 42 | total time: 365.10m | eta: 111.9m
step 04265/05568 (76.60%) | loss: 2.476412 | lrm: 0.39 | dt: 5154.39ms | tok/sec: 203,433 | bf16_mfu: 49.11 | epoch: 1 pq: 99 rg: 44 | total time: 365.18m | eta: 111.8m
step 04266/05568 (76.62%) | loss: 2.489364 | lrm: 0.39 | dt: 5143.56ms | tok/sec: 203,861 | bf16_mfu: 49.22 | epoch: 1 pq: 99 rg: 46 | total time: 365.27m | eta: 111.7m
step 04267/05568 (76.63%) | loss: 2.479773 | lrm: 0.39 | dt: 5157.24ms | tok/sec: 203,320 | bf16_mfu: 49.09 | epoch: 1 pq: 99 rg: 48 | total time: 365.35m | eta: 111.7m
step 04268/05568 (76.65%) | loss: 2.459302 | lrm: 0.39 | dt: 5124.47ms | tok/sec: 204,621 | bf16_mfu: 49.40 | epoch: 1 pq: 99 rg: 50 | total time: 365.44m | eta: 111.6m
step 04269/05568 (76.67%) | loss: 2.455725 | lrm: 0.39 | dt: 5148.23ms | tok/sec: 203,676 | bf16_mfu: 49.17 | epoch: 1 pq: 99 rg: 52 | total time: 365.52m | eta: 111.5m
step 04270/05568 (76.69%) | loss: 2.459601 | lrm: 0.39 | dt: 5148.53ms | tok/sec: 203,665 | bf16_mfu: 49.17 | epoch: 1 pq: 99 rg: 54 | total time: 365.61m | eta: 111.4m
step 04271/05568 (76.71%) | loss: 2.447484 | lrm: 0.39 | dt: 5238.12ms | tok/sec: 200,181 | bf16_mfu: 48.33 | epoch: 1 pq: 99 rg: 56 | total time: 365.70m | eta: 111.3m
step 04272/05568 (76.72%) | loss: 2.456838 | lrm: 0.39 | dt: 5143.29ms | tok/sec: 203,872 | bf16_mfu: 49.22 | epoch: 1 pq: 99 rg: 56 | total time: 365.78m | eta: 111.2m
step 04273/05568 (76.74%) | loss: 2.453988 | lrm: 0.39 | dt: 5223.07ms | tok/sec: 200,758 | bf16_mfu: 48.47 | epoch: 1 pq: 99 rg: 58 | total time: 365.87m | eta: 111.1m
step 04274/05568 (76.76%) | loss: 2.462396 | lrm: 0.39 | dt: 5234.48ms | tok/sec: 200,320 | bf16_mfu: 48.36 | epoch: 1 pq: 99 rg: 60 | total time: 365.96m | eta: 111.1m
step 04275/05568 (76.78%) | loss: 2.452937 | lrm: 0.39 | dt: 5120.14ms | tok/sec: 204,794 | bf16_mfu: 49.44 | epoch: 1 pq: 99 rg: 62 | total time: 366.04m | eta: 111.0m
step 04276/05568 (76.80%) | loss: 2.453633 | lrm: 0.39 | dt: 5118.83ms | tok/sec: 204,846 | bf16_mfu: 49.45 | epoch: 1 pq: 99 rg: 64 | total time: 366.13m | eta: 110.9m
step 04277/05568 (76.81%) | loss: 2.456448 | lrm: 0.39 | dt: 5161.40ms | tok/sec: 203,157 | bf16_mfu: 49.05 | epoch: 1 pq: 99 rg: 66 | total time: 366.21m | eta: 110.8m
step 04278/05568 (76.83%) | loss: 2.451398 | lrm: 0.39 | dt: 5143.65ms | tok/sec: 203,858 | bf16_mfu: 49.21 | epoch: 1 pq: 99 rg: 68 | total time: 366.30m | eta: 110.7m
step 04279/05568 (76.85%) | loss: 2.439935 | lrm: 0.39 | dt: 5128.20ms | tok/sec: 204,472 | bf16_mfu: 49.36 | epoch: 1 pq: 99 rg: 70 | total time: 366.39m | eta: 110.6m
step 04280/05568 (76.87%) | loss: 2.436790 | lrm: 0.39 | dt: 5169.92ms | tok/sec: 202,822 | bf16_mfu: 48.96 | epoch: 1 pq: 99 rg: 72 | total time: 366.47m | eta: 110.5m
step 04281/05568 (76.89%) | loss: 2.425282 | lrm: 0.39 | dt: 5162.40ms | tok/sec: 203,118 | bf16_mfu: 49.04 | epoch: 1 pq: 99 rg: 74 | total time: 366.56m | eta: 110.5m
step 04282/05568 (76.90%) | loss: 2.413851 | lrm: 0.39 | dt: 5176.44ms | tok/sec: 202,567 | bf16_mfu: 48.90 | epoch: 1 pq: 99 rg: 76 | total time: 366.64m | eta: 110.4m
step 04283/05568 (76.92%) | loss: 2.425163 | lrm: 0.39 | dt: 5149.94ms | tok/sec: 203,609 | bf16_mfu: 49.15 | epoch: 1 pq: 99 rg: 78 | total time: 366.73m | eta: 110.3m
step 04284/05568 (76.94%) | loss: 2.426678 | lrm: 0.39 | dt: 5180.83ms | tok/sec: 202,395 | bf16_mfu: 48.86 | epoch: 1 pq: 99 rg: 80 | total time: 366.82m | eta: 110.2m
step 04285/05568 (76.96%) | loss: 2.432328 | lrm: 0.39 | dt: 5178.95ms | tok/sec: 202,468 | bf16_mfu: 48.88 | epoch: 1 pq: 100 rg: 0 | total time: 366.90m | eta: 110.1m
step 04286/05568 (76.98%) | loss: 2.438236 | lrm: 0.39 | dt: 5121.11ms | tok/sec: 204,755 | bf16_mfu: 49.43 | epoch: 1 pq: 100 rg: 2 | total time: 366.99m | eta: 110.0m
step 04287/05568 (76.99%) | loss: 2.429855 | lrm: 0.39 | dt: 5169.35ms | tok/sec: 202,844 | bf16_mfu: 48.97 | epoch: 1 pq: 100 rg: 4 | total time: 367.07m | eta: 109.9m
step 04288/05568 (77.01%) | loss: 2.423362 | lrm: 0.39 | dt: 5165.96ms | tok/sec: 202,977 | bf16_mfu: 49.00 | epoch: 1 pq: 100 rg: 6 | total time: 367.16m | eta: 109.9m
step 04289/05568 (77.03%) | loss: 2.413163 | lrm: 0.39 | dt: 5179.72ms | tok/sec: 202,438 | bf16_mfu: 48.87 | epoch: 1 pq: 100 rg: 8 | total time: 367.25m | eta: 109.8m
step 04290/05568 (77.05%) | loss: 2.414214 | lrm: 0.39 | dt: 5152.49ms | tok/sec: 203,508 | bf16_mfu: 49.13 | epoch: 1 pq: 100 rg: 10 | total time: 367.33m | eta: 109.7m
step 04291/05568 (77.07%) | loss: 2.424607 | lrm: 0.39 | dt: 5201.23ms | tok/sec: 201,601 | bf16_mfu: 48.67 | epoch: 1 pq: 100 rg: 12 | total time: 367.42m | eta: 109.6m
step 04292/05568 (77.08%) | loss: 2.420537 | lrm: 0.38 | dt: 5154.64ms | tok/sec: 203,423 | bf16_mfu: 49.11 | epoch: 1 pq: 100 rg: 14 | total time: 367.50m | eta: 109.5m
step 04293/05568 (77.10%) | loss: 2.434821 | lrm: 0.38 | dt: 5165.55ms | tok/sec: 202,994 | bf16_mfu: 49.01 | epoch: 1 pq: 100 rg: 16 | total time: 367.59m | eta: 109.4m
step 04294/05568 (77.12%) | loss: 2.423818 | lrm: 0.38 | dt: 5167.34ms | tok/sec: 202,923 | bf16_mfu: 48.99 | epoch: 1 pq: 100 rg: 18 | total time: 367.68m | eta: 109.3m
step 04295/05568 (77.14%) | loss: 2.411177 | lrm: 0.38 | dt: 5165.66ms | tok/sec: 202,989 | bf16_mfu: 49.01 | epoch: 1 pq: 100 rg: 20 | total time: 367.76m | eta: 109.3m
step 04296/05568 (77.16%) | loss: 2.412221 | lrm: 0.38 | dt: 5183.72ms | tok/sec: 202,282 | bf16_mfu: 48.83 | epoch: 1 pq: 100 rg: 22 | total time: 367.85m | eta: 109.2m
step 04297/05568 (77.17%) | loss: 2.415692 | lrm: 0.38 | dt: 5158.48ms | tok/sec: 203,272 | bf16_mfu: 49.07 | epoch: 1 pq: 100 rg: 24 | total time: 367.94m | eta: 109.1m
step 04298/05568 (77.19%) | loss: 2.408326 | lrm: 0.38 | dt: 5169.64ms | tok/sec: 202,833 | bf16_mfu: 48.97 | epoch: 1 pq: 100 rg: 26 | total time: 368.02m | eta: 109.0m
step 04299/05568 (77.21%) | loss: 2.394571 | lrm: 0.38 | dt: 5217.53ms | tok/sec: 200,971 | bf16_mfu: 48.52 | epoch: 1 pq: 100 rg: 28 | total time: 368.11m | eta: 108.9m
step 04300/05568 (77.23%) | loss: 2.388988 | lrm: 0.38 | dt: 5154.68ms | tok/sec: 203,422 | bf16_mfu: 49.11 | epoch: 1 pq: 100 rg: 30 | total time: 368.19m | eta: 108.8m
step 04301/05568 (77.24%) | loss: 2.398871 | lrm: 0.38 | dt: 5131.90ms | tok/sec: 204,325 | bf16_mfu: 49.33 | epoch: 1 pq: 100 rg: 32 | total time: 368.28m | eta: 108.7m
step 04302/05568 (77.26%) | loss: 2.379780 | lrm: 0.38 | dt: 5117.56ms | tok/sec: 204,897 | bf16_mfu: 49.47 | epoch: 1 pq: 100 rg: 32 | total time: 368.37m | eta: 108.7m
step 04303/05568 (77.28%) | loss: 2.394609 | lrm: 0.38 | dt: 5144.97ms | tok/sec: 203,806 | bf16_mfu: 49.20 | epoch: 1 pq: 100 rg: 34 | total time: 368.45m | eta: 108.6m
step 04304/05568 (77.30%) | loss: 2.392647 | lrm: 0.38 | dt: 5156.57ms | tok/sec: 203,347 | bf16_mfu: 49.09 | epoch: 1 pq: 100 rg: 36 | total time: 368.54m | eta: 108.5m
step 04305/05568 (77.32%) | loss: 2.407295 | lrm: 0.38 | dt: 5383.60ms | tok/sec: 194,772 | bf16_mfu: 47.02 | epoch: 1 pq: 100 rg: 38 | total time: 368.63m | eta: 108.4m
step 04306/05568 (77.33%) | loss: 2.414358 | lrm: 0.38 | dt: 5106.09ms | tok/sec: 205,357 | bf16_mfu: 49.58 | epoch: 1 pq: 100 rg: 40 | total time: 368.71m | eta: 108.3m
step 04307/05568 (77.35%) | loss: 2.422108 | lrm: 0.38 | dt: 5235.65ms | tok/sec: 200,276 | bf16_mfu: 48.35 | epoch: 1 pq: 100 rg: 42 | total time: 368.80m | eta: 108.2m
step 04308/05568 (77.37%) | loss: 2.424894 | lrm: 0.38 | dt: 5172.96ms | tok/sec: 202,703 | bf16_mfu: 48.94 | epoch: 1 pq: 100 rg: 44 | total time: 368.89m | eta: 108.1m
step 04309/05568 (77.39%) | loss: 2.434213 | lrm: 0.38 | dt: 5173.71ms | tok/sec: 202,673 | bf16_mfu: 48.93 | epoch: 1 pq: 100 rg: 46 | total time: 368.97m | eta: 108.1m
step 04310/05568 (77.41%) | loss: 2.426533 | lrm: 0.38 | dt: 5201.17ms | tok/sec: 201,603 | bf16_mfu: 48.67 | epoch: 1 pq: 100 rg: 48 | total time: 369.06m | eta: 108.0m
step 04311/05568 (77.42%) | loss: 2.422838 | lrm: 0.38 | dt: 5154.23ms | tok/sec: 203,439 | bf16_mfu: 49.11 | epoch: 1 pq: 100 rg: 50 | total time: 369.14m | eta: 107.9m
step 04312/05568 (77.44%) | loss: 2.419068 | lrm: 0.38 | dt: 8298.88ms | tok/sec: 126,351 | bf16_mfu: 30.50 | epoch: 1 pq: 100 rg: 52 | total time: 369.28m | eta: 107.8m
step 04313/05568 (77.46%) | loss: 2.418799 | lrm: 0.38 | dt: 5427.29ms | tok/sec: 193,204 | bf16_mfu: 46.64 | epoch: 1 pq: 100 rg: 54 | total time: 369.37m | eta: 107.7m
step 04314/05568 (77.48%) | loss: 2.428023 | lrm: 0.38 | dt: 5146.85ms | tok/sec: 203,731 | bf16_mfu: 49.18 | epoch: 1 pq: 100 rg: 56 | total time: 369.46m | eta: 107.6m
step 04315/05568 (77.50%) | loss: 2.432967 | lrm: 0.38 | dt: 5167.25ms | tok/sec: 202,927 | bf16_mfu: 48.99 | epoch: 1 pq: 100 rg: 58 | total time: 369.54m | eta: 107.6m
step 04316/05568 (77.51%) | loss: 2.454380 | lrm: 0.38 | dt: 5532.42ms | tok/sec: 189,532 | bf16_mfu: 45.76 | epoch: 1 pq: 100 rg: 60 | total time: 369.64m | eta: 107.5m
step 04317/05568 (77.53%) | loss: 2.451529 | lrm: 0.38 | dt: 5185.94ms | tok/sec: 202,196 | bf16_mfu: 48.81 | epoch: 1 pq: 100 rg: 62 | total time: 369.72m | eta: 107.4m
step 04318/05568 (77.55%) | loss: 2.448913 | lrm: 0.38 | dt: 5118.46ms | tok/sec: 204,861 | bf16_mfu: 49.46 | epoch: 1 pq: 100 rg: 64 | total time: 369.81m | eta: 107.3m
step 04319/05568 (77.57%) | loss: 2.461546 | lrm: 0.38 | dt: 5930.40ms | tok/sec: 176,813 | bf16_mfu: 42.69 | epoch: 1 pq: 100 rg: 66 | total time: 369.91m | eta: 107.2m
step 04320/05568 (77.59%) | loss: 2.472847 | lrm: 0.38 | dt: 5135.41ms | tok/sec: 204,185 | bf16_mfu: 49.29 | epoch: 1 pq: 100 rg: 68 | total time: 369.99m | eta: 107.1m
step 04321/05568 (77.60%) | loss: 2.493339 | lrm: 0.38 | dt: 5165.63ms | tok/sec: 202,990 | bf16_mfu: 49.01 | epoch: 1 pq: 100 rg: 70 | total time: 370.08m | eta: 107.0m
step 04322/05568 (77.62%) | loss: 2.506311 | lrm: 0.38 | dt: 5154.60ms | tok/sec: 203,425 | bf16_mfu: 49.11 | epoch: 1 pq: 100 rg: 72 | total time: 370.17m | eta: 107.0m
step 04323/05568 (77.64%) | loss: 2.495099 | lrm: 0.38 | dt: 5115.03ms | tok/sec: 204,999 | bf16_mfu: 49.49 | epoch: 1 pq: 100 rg: 74 | total time: 370.25m | eta: 106.9m
step 04324/05568 (77.66%) | loss: 2.492374 | lrm: 0.38 | dt: 5149.07ms | tok/sec: 203,643 | bf16_mfu: 49.16 | epoch: 1 pq: 100 rg: 76 | total time: 370.34m | eta: 106.8m
step 04325/05568 (77.68%) | loss: 2.496016 | lrm: 0.38 | dt: 5154.60ms | tok/sec: 203,425 | bf16_mfu: 49.11 | epoch: 1 pq: 100 rg: 78 | total time: 370.42m | eta: 106.7m
step 04326/05568 (77.69%) | loss: 2.491483 | lrm: 0.38 | dt: 5147.70ms | tok/sec: 203,697 | bf16_mfu: 49.18 | epoch: 1 pq: 100 rg: 80 | total time: 370.51m | eta: 106.6m
step 04327/05568 (77.71%) | loss: 2.466460 | lrm: 0.38 | dt: 5476.04ms | tok/sec: 191,484 | bf16_mfu: 46.23 | epoch: 1 pq: 100 rg: 82 | total time: 370.60m | eta: 106.5m
step 04328/05568 (77.73%) | loss: 2.459910 | lrm: 0.38 | dt: 5715.96ms | tok/sec: 183,447 | bf16_mfu: 44.29 | epoch: 1 pq: 101 rg: 0 | total time: 370.69m | eta: 106.5m
step 04329/05568 (77.75%) | loss: 2.453485 | lrm: 0.38 | dt: 5150.33ms | tok/sec: 203,594 | bf16_mfu: 49.15 | epoch: 1 pq: 101 rg: 2 | total time: 370.78m | eta: 106.4m
step 04330/05568 (77.77%) | loss: 2.456255 | lrm: 0.37 | dt: 5128.28ms | tok/sec: 204,469 | bf16_mfu: 49.36 | epoch: 1 pq: 101 rg: 4 | total time: 370.87m | eta: 106.3m
step 04331/05568 (77.78%) | loss: 2.455719 | lrm: 0.37 | dt: 5223.76ms | tok/sec: 200,732 | bf16_mfu: 48.46 | epoch: 1 pq: 101 rg: 6 | total time: 370.95m | eta: 106.2m
step 04332/05568 (77.80%) | loss: 2.448949 | lrm: 0.37 | dt: 5159.68ms | tok/sec: 203,224 | bf16_mfu: 49.06 | epoch: 1 pq: 101 rg: 8 | total time: 371.04m | eta: 106.1m
step 04333/05568 (77.82%) | loss: 2.444102 | lrm: 0.37 | dt: 5190.94ms | tok/sec: 202,001 | bf16_mfu: 48.77 | epoch: 1 pq: 101 rg: 10 | total time: 371.13m | eta: 106.0m
step 04334/05568 (77.84%) | loss: 2.423014 | lrm: 0.37 | dt: 5119.01ms | tok/sec: 204,839 | bf16_mfu: 49.45 | epoch: 1 pq: 101 rg: 10 | total time: 371.21m | eta: 105.9m
step 04335/05568 (77.86%) | loss: 2.415822 | lrm: 0.37 | dt: 5201.32ms | tok/sec: 201,597 | bf16_mfu: 48.67 | epoch: 1 pq: 101 rg: 12 | total time: 371.30m | eta: 105.9m
step 04336/05568 (77.87%) | loss: 2.420842 | lrm: 0.37 | dt: 5163.46ms | tok/sec: 203,076 | bf16_mfu: 49.03 | epoch: 1 pq: 101 rg: 14 | total time: 371.38m | eta: 105.8m
step 04337/05568 (77.89%) | loss: 2.422399 | lrm: 0.37 | dt: 5244.08ms | tok/sec: 199,954 | bf16_mfu: 48.27 | epoch: 1 pq: 101 rg: 16 | total time: 371.47m | eta: 105.7m
step 04338/05568 (77.91%) | loss: 2.429239 | lrm: 0.37 | dt: 5150.99ms | tok/sec: 203,567 | bf16_mfu: 49.14 | epoch: 1 pq: 101 rg: 18 | total time: 371.56m | eta: 105.6m
step 04339/05568 (77.93%) | loss: 2.431572 | lrm: 0.37 | dt: 5207.42ms | tok/sec: 201,361 | bf16_mfu: 48.61 | epoch: 1 pq: 101 rg: 20 | total time: 371.64m | eta: 105.5m
step 04340/05568 (77.95%) | loss: 2.435485 | lrm: 0.37 | dt: 5161.03ms | tok/sec: 203,171 | bf16_mfu: 49.05 | epoch: 1 pq: 101 rg: 22 | total time: 371.73m | eta: 105.4m
step 04341/05568 (77.96%) | loss: 2.439813 | lrm: 0.37 | dt: 5194.80ms | tok/sec: 201,851 | bf16_mfu: 48.73 | epoch: 1 pq: 101 rg: 24 | total time: 371.82m | eta: 105.3m
step 04342/05568 (77.98%) | loss: 2.449047 | lrm: 0.37 | dt: 5167.34ms | tok/sec: 202,923 | bf16_mfu: 48.99 | epoch: 1 pq: 101 rg: 26 | total time: 371.90m | eta: 105.3m
step 04343/05568 (78.00%) | loss: 2.432810 | lrm: 0.37 | dt: 5195.09ms | tok/sec: 201,839 | bf16_mfu: 48.73 | epoch: 1 pq: 101 rg: 28 | total time: 371.99m | eta: 105.2m
step 04344/05568 (78.02%) | loss: 2.434795 | lrm: 0.37 | dt: 5180.59ms | tok/sec: 202,404 | bf16_mfu: 48.86 | epoch: 1 pq: 101 rg: 30 | total time: 372.08m | eta: 105.1m
step 04345/05568 (78.04%) | loss: 2.452133 | lrm: 0.37 | dt: 5148.27ms | tok/sec: 203,675 | bf16_mfu: 49.17 | epoch: 1 pq: 101 rg: 32 | total time: 372.16m | eta: 105.0m
step 04346/05568 (78.05%) | loss: 2.468300 | lrm: 0.37 | dt: 5190.05ms | tok/sec: 202,035 | bf16_mfu: 48.77 | epoch: 1 pq: 101 rg: 34 | total time: 372.25m | eta: 104.9m
step 04347/05568 (78.07%) | loss: 2.448771 | lrm: 0.37 | dt: 5157.39ms | tok/sec: 203,315 | bf16_mfu: 49.08 | epoch: 1 pq: 101 rg: 36 | total time: 372.33m | eta: 104.8m
step 04348/05568 (78.09%) | loss: 2.457718 | lrm: 0.37 | dt: 5224.55ms | tok/sec: 200,701 | bf16_mfu: 48.45 | epoch: 1 pq: 101 rg: 38 | total time: 372.42m | eta: 104.7m
step 04349/05568 (78.11%) | loss: 2.463676 | lrm: 0.37 | dt: 5193.55ms | tok/sec: 201,899 | bf16_mfu: 48.74 | epoch: 1 pq: 101 rg: 40 | total time: 372.51m | eta: 104.7m
step 04350/05568 (78.12%) | loss: 2.469573 | lrm: 0.37 | dt: 5183.25ms | tok/sec: 202,300 | bf16_mfu: 48.84 | epoch: 1 pq: 101 rg: 42 | total time: 372.59m | eta: 104.6m
step 04351/05568 (78.14%) | loss: 2.470189 | lrm: 0.37 | dt: 5149.35ms | tok/sec: 203,632 | bf16_mfu: 49.16 | epoch: 1 pq: 101 rg: 44 | total time: 372.68m | eta: 104.5m
step 04352/05568 (78.16%) | loss: 2.475057 | lrm: 0.37 | dt: 5175.27ms | tok/sec: 202,612 | bf16_mfu: 48.91 | epoch: 1 pq: 101 rg: 46 | total time: 372.77m | eta: 104.4m
step 04353/05568 (78.18%) | loss: 2.470846 | lrm: 0.37 | dt: 5180.98ms | tok/sec: 202,389 | bf16_mfu: 48.86 | epoch: 1 pq: 101 rg: 48 | total time: 372.85m | eta: 104.3m
step 04354/05568 (78.20%) | loss: 2.474607 | lrm: 0.37 | dt: 5176.92ms | tok/sec: 202,548 | bf16_mfu: 48.90 | epoch: 1 pq: 101 rg: 50 | total time: 372.94m | eta: 104.2m
step 04355/05568 (78.21%) | loss: 2.462456 | lrm: 0.37 | dt: 5164.58ms | tok/sec: 203,032 | bf16_mfu: 49.02 | epoch: 1 pq: 101 rg: 52 | total time: 373.02m | eta: 104.1m
step 04356/05568 (78.23%) | loss: 2.469163 | lrm: 0.37 | dt: 5416.48ms | tok/sec: 193,589 | bf16_mfu: 46.74 | epoch: 1 pq: 101 rg: 54 | total time: 373.11m | eta: 104.1m
step 04357/05568 (78.25%) | loss: 2.465812 | lrm: 0.37 | dt: 5157.12ms | tok/sec: 203,325 | bf16_mfu: 49.09 | epoch: 1 pq: 101 rg: 56 | total time: 373.20m | eta: 104.0m
step 04358/05568 (78.27%) | loss: 2.453418 | lrm: 0.37 | dt: 5187.76ms | tok/sec: 202,124 | bf16_mfu: 48.80 | epoch: 1 pq: 101 rg: 58 | total time: 373.29m | eta: 103.9m
step 04359/05568 (78.29%) | loss: 2.457335 | lrm: 0.37 | dt: 5129.89ms | tok/sec: 204,405 | bf16_mfu: 49.35 | epoch: 1 pq: 101 rg: 60 | total time: 373.37m | eta: 103.8m
step 04360/05568 (78.30%) | loss: 2.463605 | lrm: 0.37 | dt: 5177.15ms | tok/sec: 202,539 | bf16_mfu: 48.90 | epoch: 1 pq: 101 rg: 62 | total time: 373.46m | eta: 103.7m
step 04361/05568 (78.32%) | loss: 2.461690 | lrm: 0.37 | dt: 5190.10ms | tok/sec: 202,033 | bf16_mfu: 48.77 | epoch: 1 pq: 101 rg: 64 | total time: 373.55m | eta: 103.6m
step 04362/05568 (78.34%) | loss: 2.466781 | lrm: 0.37 | dt: 5177.84ms | tok/sec: 202,512 | bf16_mfu: 48.89 | epoch: 1 pq: 101 rg: 66 | total time: 373.63m | eta: 103.5m
step 04363/05568 (78.36%) | loss: 2.443615 | lrm: 0.37 | dt: 5138.06ms | tok/sec: 204,079 | bf16_mfu: 49.27 | epoch: 1 pq: 101 rg: 66 | total time: 373.72m | eta: 103.5m
step 04364/05568 (78.38%) | loss: 2.434744 | lrm: 0.37 | dt: 5176.55ms | tok/sec: 202,562 | bf16_mfu: 48.90 | epoch: 1 pq: 101 rg: 68 | total time: 373.80m | eta: 103.4m
step 04365/05568 (78.39%) | loss: 2.435011 | lrm: 0.37 | dt: 5224.33ms | tok/sec: 200,709 | bf16_mfu: 48.45 | epoch: 1 pq: 101 rg: 70 | total time: 373.89m | eta: 103.3m
step 04366/05568 (78.41%) | loss: 2.436540 | lrm: 0.37 | dt: 5155.80ms | tok/sec: 203,377 | bf16_mfu: 49.10 | epoch: 1 pq: 101 rg: 72 | total time: 373.98m | eta: 103.2m
step 04367/05568 (78.43%) | loss: 2.440925 | lrm: 0.37 | dt: 5177.05ms | tok/sec: 202,542 | bf16_mfu: 48.90 | epoch: 1 pq: 101 rg: 74 | total time: 374.06m | eta: 103.1m
step 04368/05568 (78.45%) | loss: 2.434155 | lrm: 0.37 | dt: 5191.79ms | tok/sec: 201,968 | bf16_mfu: 48.76 | epoch: 1 pq: 101 rg: 76 | total time: 374.15m | eta: 103.0m
step 04369/05568 (78.47%) | loss: 2.442662 | lrm: 0.36 | dt: 5137.45ms | tok/sec: 204,104 | bf16_mfu: 49.27 | epoch: 1 pq: 101 rg: 78 | total time: 374.23m | eta: 102.9m
step 04370/05568 (78.48%) | loss: 2.441951 | lrm: 0.36 | dt: 5182.86ms | tok/sec: 202,316 | bf16_mfu: 48.84 | epoch: 1 pq: 101 rg: 80 | total time: 374.32m | eta: 102.9m
step 04371/05568 (78.50%) | loss: 2.444729 | lrm: 0.36 | dt: 5176.80ms | tok/sec: 202,552 | bf16_mfu: 48.90 | epoch: 1 pq: 101 rg: 82 | total time: 374.41m | eta: 102.8m
step 04372/05568 (78.52%) | loss: 2.434761 | lrm: 0.36 | dt: 5194.79ms | tok/sec: 201,851 | bf16_mfu: 48.73 | epoch: 1 pq: 102 rg: 0 | total time: 374.49m | eta: 102.7m
step 04373/05568 (78.54%) | loss: 2.429427 | lrm: 0.36 | dt: 5127.17ms | tok/sec: 204,513 | bf16_mfu: 49.37 | epoch: 1 pq: 102 rg: 2 | total time: 374.58m | eta: 102.6m
step 04374/05568 (78.56%) | loss: 2.436085 | lrm: 0.36 | dt: 5137.29ms | tok/sec: 204,110 | bf16_mfu: 49.28 | epoch: 1 pq: 102 rg: 4 | total time: 374.67m | eta: 102.5m
step 04375/05568 (78.57%) | loss: 2.441222 | lrm: 0.36 | dt: 5198.02ms | tok/sec: 201,726 | bf16_mfu: 48.70 | epoch: 1 pq: 102 rg: 6 | total time: 374.75m | eta: 102.4m
step 04376/05568 (78.59%) | loss: 2.444037 | lrm: 0.36 | dt: 5181.30ms | tok/sec: 202,376 | bf16_mfu: 48.86 | epoch: 1 pq: 102 rg: 8 | total time: 374.84m | eta: 102.3m
step 04377/05568 (78.61%) | loss: 2.429991 | lrm: 0.36 | dt: 5192.52ms | tok/sec: 201,939 | bf16_mfu: 48.75 | epoch: 1 pq: 102 rg: 10 | total time: 374.92m | eta: 102.3m
step 04378/05568 (78.63%) | loss: 2.423432 | lrm: 0.36 | dt: 5142.03ms | tok/sec: 203,922 | bf16_mfu: 49.23 | epoch: 1 pq: 102 rg: 12 | total time: 375.01m | eta: 102.2m
step 04379/05568 (78.65%) | loss: 2.446577 | lrm: 0.36 | dt: 5140.79ms | tok/sec: 203,971 | bf16_mfu: 49.24 | epoch: 1 pq: 102 rg: 14 | total time: 375.10m | eta: 102.1m
step 04380/05568 (78.66%) | loss: 2.437540 | lrm: 0.36 | dt: 5183.31ms | tok/sec: 202,298 | bf16_mfu: 48.84 | epoch: 1 pq: 102 rg: 16 | total time: 375.18m | eta: 102.0m
step 04381/05568 (78.68%) | loss: 2.443339 | lrm: 0.36 | dt: 5134.71ms | tok/sec: 204,213 | bf16_mfu: 49.30 | epoch: 1 pq: 102 rg: 18 | total time: 375.27m | eta: 101.9m
step 04382/05568 (78.70%) | loss: 2.464728 | lrm: 0.36 | dt: 5106.70ms | tok/sec: 205,333 | bf16_mfu: 49.57 | epoch: 1 pq: 102 rg: 20 | total time: 375.35m | eta: 101.8m
step 04383/05568 (78.72%) | loss: 2.455250 | lrm: 0.36 | dt: 5152.27ms | tok/sec: 203,517 | bf16_mfu: 49.13 | epoch: 1 pq: 102 rg: 22 | total time: 375.44m | eta: 101.7m
step 04384/05568 (78.74%) | loss: 2.450907 | lrm: 0.36 | dt: 5191.10ms | tok/sec: 201,994 | bf16_mfu: 48.76 | epoch: 1 pq: 102 rg: 24 | total time: 375.53m | eta: 101.7m
step 04385/05568 (78.75%) | loss: 2.449008 | lrm: 0.36 | dt: 5154.19ms | tok/sec: 203,441 | bf16_mfu: 49.11 | epoch: 1 pq: 102 rg: 26 | total time: 375.61m | eta: 101.6m
step 04386/05568 (78.77%) | loss: 2.457688 | lrm: 0.36 | dt: 5152.39ms | tok/sec: 203,512 | bf16_mfu: 49.13 | epoch: 1 pq: 102 rg: 28 | total time: 375.70m | eta: 101.5m
step 04387/05568 (78.79%) | loss: 2.458017 | lrm: 0.36 | dt: 5181.09ms | tok/sec: 202,385 | bf16_mfu: 48.86 | epoch: 1 pq: 102 rg: 30 | total time: 375.78m | eta: 101.4m
step 04388/05568 (78.81%) | loss: 2.459241 | lrm: 0.36 | dt: 5184.15ms | tok/sec: 202,265 | bf16_mfu: 48.83 | epoch: 1 pq: 102 rg: 32 | total time: 375.87m | eta: 101.3m
step 04389/05568 (78.83%) | loss: 2.452950 | lrm: 0.36 | dt: 5145.41ms | tok/sec: 203,788 | bf16_mfu: 49.20 | epoch: 1 pq: 102 rg: 34 | total time: 375.96m | eta: 101.2m
step 04390/05568 (78.84%) | loss: 2.451319 | lrm: 0.36 | dt: 5196.88ms | tok/sec: 201,770 | bf16_mfu: 48.71 | epoch: 1 pq: 102 rg: 36 | total time: 376.04m | eta: 101.1m
step 04391/05568 (78.86%) | loss: 2.450779 | lrm: 0.36 | dt: 5136.79ms | tok/sec: 204,130 | bf16_mfu: 49.28 | epoch: 1 pq: 102 rg: 36 | total time: 376.13m | eta: 101.1m
step 04392/05568 (78.88%) | loss: 2.441112 | lrm: 0.36 | dt: 5130.66ms | tok/sec: 204,374 | bf16_mfu: 49.34 | epoch: 1 pq: 102 rg: 38 | total time: 376.21m | eta: 101.0m
step 04393/05568 (78.90%) | loss: 2.447624 | lrm: 0.36 | dt: 5135.16ms | tok/sec: 204,195 | bf16_mfu: 49.30 | epoch: 1 pq: 102 rg: 40 | total time: 376.30m | eta: 100.9m
step 04394/05568 (78.92%) | loss: 2.445072 | lrm: 0.36 | dt: 5152.47ms | tok/sec: 203,509 | bf16_mfu: 49.13 | epoch: 1 pq: 102 rg: 42 | total time: 376.39m | eta: 100.8m
step 04395/05568 (78.93%) | loss: 2.460427 | lrm: 0.36 | dt: 5171.10ms | tok/sec: 202,776 | bf16_mfu: 48.95 | epoch: 1 pq: 102 rg: 44 | total time: 376.47m | eta: 100.7m
step 04396/05568 (78.95%) | loss: 2.470173 | lrm: 0.36 | dt: 5184.52ms | tok/sec: 202,251 | bf16_mfu: 48.83 | epoch: 1 pq: 102 rg: 46 | total time: 376.56m | eta: 100.6m
step 04397/05568 (78.97%) | loss: 2.463120 | lrm: 0.36 | dt: 5200.72ms | tok/sec: 201,621 | bf16_mfu: 48.67 | epoch: 1 pq: 102 rg: 48 | total time: 376.64m | eta: 100.5m
step 04398/05568 (78.99%) | loss: 2.449217 | lrm: 0.36 | dt: 5149.72ms | tok/sec: 203,618 | bf16_mfu: 49.16 | epoch: 1 pq: 102 rg: 50 | total time: 376.73m | eta: 100.4m
step 04399/05568 (79.01%) | loss: 2.427049 | lrm: 0.36 | dt: 5148.77ms | tok/sec: 203,655 | bf16_mfu: 49.17 | epoch: 1 pq: 102 rg: 52 | total time: 376.82m | eta: 100.4m
step 04400/05568 (79.02%) | loss: 2.412070 | lrm: 0.36 | dt: 4870.11ms | tok/sec: 215,308 | bf16_mfu: 51.98 | epoch: 1 pq: 102 rg: 54 | total time: 376.90m | eta: 100.3m
step 04401/05568 (79.04%) | loss: 2.418386 | lrm: 0.36 | dt: 5021.86ms | tok/sec: 208,802 | bf16_mfu: 50.41 | epoch: 1 pq: 102 rg: 56 | total time: 376.98m | eta: 100.2m
step 04402/05568 (79.06%) | loss: 2.410254 | lrm: 0.36 | dt: 5065.34ms | tok/sec: 207,009 | bf16_mfu: 49.98 | epoch: 1 pq: 102 rg: 58 | total time: 377.07m | eta: 100.1m
step 04403/05568 (79.08%) | loss: 2.410913 | lrm: 0.36 | dt: 5092.06ms | tok/sec: 205,923 | bf16_mfu: 49.71 | epoch: 1 pq: 102 rg: 60 | total time: 377.15m | eta: 100.0m
step 04404/05568 (79.09%) | loss: 2.409098 | lrm: 0.36 | dt: 5142.40ms | tok/sec: 203,907 | bf16_mfu: 49.23 | epoch: 1 pq: 102 rg: 62 | total time: 377.24m | eta: 99.9m
step 04405/05568 (79.11%) | loss: 2.417154 | lrm: 0.36 | dt: 5113.44ms | tok/sec: 205,062 | bf16_mfu: 49.51 | epoch: 1 pq: 102 rg: 64 | total time: 377.32m | eta: 99.8m
step 04406/05568 (79.13%) | loss: 2.417826 | lrm: 0.36 | dt: 5106.60ms | tok/sec: 205,337 | bf16_mfu: 49.57 | epoch: 1 pq: 102 rg: 66 | total time: 377.41m | eta: 99.8m
step 04407/05568 (79.15%) | loss: 2.405991 | lrm: 0.35 | dt: 5179.16ms | tok/sec: 202,460 | bf16_mfu: 48.88 | epoch: 1 pq: 102 rg: 68 | total time: 377.49m | eta: 99.7m
step 04408/05568 (79.17%) | loss: 2.386467 | lrm: 0.35 | dt: 5151.22ms | tok/sec: 203,558 | bf16_mfu: 49.14 | epoch: 1 pq: 102 rg: 70 | total time: 377.58m | eta: 99.6m
step 04409/05568 (79.18%) | loss: 2.381468 | lrm: 0.35 | dt: 5128.81ms | tok/sec: 204,448 | bf16_mfu: 49.36 | epoch: 1 pq: 102 rg: 72 | total time: 377.66m | eta: 99.5m
step 04410/05568 (79.20%) | loss: 2.380383 | lrm: 0.35 | dt: 5141.51ms | tok/sec: 203,943 | bf16_mfu: 49.24 | epoch: 1 pq: 102 rg: 74 | total time: 377.75m | eta: 99.4m
step 04411/05568 (79.22%) | loss: 2.380066 | lrm: 0.35 | dt: 5195.46ms | tok/sec: 201,825 | bf16_mfu: 48.72 | epoch: 1 pq: 102 rg: 76 | total time: 377.84m | eta: 99.3m
step 04412/05568 (79.24%) | loss: 2.398900 | lrm: 0.35 | dt: 5154.47ms | tok/sec: 203,430 | bf16_mfu: 49.11 | epoch: 1 pq: 102 rg: 78 | total time: 377.92m | eta: 99.2m
step 04413/05568 (79.26%) | loss: 2.411482 | lrm: 0.35 | dt: 5129.59ms | tok/sec: 204,417 | bf16_mfu: 49.35 | epoch: 1 pq: 102 rg: 80 | total time: 378.01m | eta: 99.2m
step 04414/05568 (79.27%) | loss: 2.424865 | lrm: 0.35 | dt: 5135.23ms | tok/sec: 204,192 | bf16_mfu: 49.30 | epoch: 1 pq: 103 rg: 0 | total time: 378.09m | eta: 99.1m
step 04415/05568 (79.29%) | loss: 2.448642 | lrm: 0.35 | dt: 5183.19ms | tok/sec: 202,303 | bf16_mfu: 48.84 | epoch: 1 pq: 103 rg: 2 | total time: 378.18m | eta: 99.0m
step 04416/05568 (79.31%) | loss: 2.438188 | lrm: 0.35 | dt: 5131.09ms | tok/sec: 204,357 | bf16_mfu: 49.34 | epoch: 1 pq: 103 rg: 4 | total time: 378.27m | eta: 98.9m
step 04417/05568 (79.33%) | loss: 2.422428 | lrm: 0.35 | dt: 5123.48ms | tok/sec: 204,660 | bf16_mfu: 49.41 | epoch: 1 pq: 103 rg: 6 | total time: 378.35m | eta: 98.8m
step 04418/05568 (79.35%) | loss: 2.431545 | lrm: 0.35 | dt: 5168.64ms | tok/sec: 202,872 | bf16_mfu: 48.98 | epoch: 1 pq: 103 rg: 8 | total time: 378.44m | eta: 98.7m
step 04419/05568 (79.36%) | loss: 2.431757 | lrm: 0.35 | dt: 5167.47ms | tok/sec: 202,918 | bf16_mfu: 48.99 | epoch: 1 pq: 103 rg: 10 | total time: 378.52m | eta: 98.6m
step 04420/05568 (79.38%) | loss: 2.446753 | lrm: 0.35 | dt: 5133.41ms | tok/sec: 204,264 | bf16_mfu: 49.31 | epoch: 1 pq: 103 rg: 12 | total time: 378.61m | eta: 98.6m
step 04421/05568 (79.40%) | loss: 2.438147 | lrm: 0.35 | dt: 5181.16ms | tok/sec: 202,382 | bf16_mfu: 48.86 | epoch: 1 pq: 103 rg: 12 | total time: 378.69m | eta: 98.5m
step 04422/05568 (79.42%) | loss: 2.437654 | lrm: 0.35 | dt: 5122.62ms | tok/sec: 204,695 | bf16_mfu: 49.42 | epoch: 1 pq: 103 rg: 14 | total time: 378.78m | eta: 98.4m
step 04423/05568 (79.44%) | loss: 2.464158 | lrm: 0.35 | dt: 5222.83ms | tok/sec: 200,767 | bf16_mfu: 48.47 | epoch: 1 pq: 103 rg: 16 | total time: 378.87m | eta: 98.3m
step 04424/05568 (79.45%) | loss: 2.462580 | lrm: 0.35 | dt: 5193.10ms | tok/sec: 201,917 | bf16_mfu: 48.75 | epoch: 1 pq: 103 rg: 18 | total time: 378.95m | eta: 98.2m
step 04425/05568 (79.47%) | loss: 2.451670 | lrm: 0.35 | dt: 5801.78ms | tok/sec: 180,733 | bf16_mfu: 43.63 | epoch: 1 pq: 103 rg: 20 | total time: 379.05m | eta: 98.1m
step 04426/05568 (79.49%) | loss: 2.447488 | lrm: 0.35 | dt: 5267.24ms | tok/sec: 199,075 | bf16_mfu: 48.06 | epoch: 1 pq: 103 rg: 22 | total time: 379.14m | eta: 98.0m
step 04427/05568 (79.51%) | loss: 2.436530 | lrm: 0.35 | dt: 5250.71ms | tok/sec: 199,701 | bf16_mfu: 48.21 | epoch: 1 pq: 103 rg: 24 | total time: 379.23m | eta: 98.0m
step 04428/05568 (79.53%) | loss: 2.452809 | lrm: 0.35 | dt: 5339.12ms | tok/sec: 196,394 | bf16_mfu: 47.41 | epoch: 1 pq: 103 rg: 26 | total time: 379.31m | eta: 97.9m
step 04429/05568 (79.54%) | loss: 2.463028 | lrm: 0.35 | dt: 5168.52ms | tok/sec: 202,877 | bf16_mfu: 48.98 | epoch: 1 pq: 103 rg: 28 | total time: 379.40m | eta: 97.8m
step 04430/05568 (79.56%) | loss: 2.468839 | lrm: 0.35 | dt: 5213.63ms | tok/sec: 201,122 | bf16_mfu: 48.55 | epoch: 1 pq: 103 rg: 30 | total time: 379.49m | eta: 97.7m
step 04431/05568 (79.58%) | loss: 2.444973 | lrm: 0.35 | dt: 5168.22ms | tok/sec: 202,889 | bf16_mfu: 48.98 | epoch: 1 pq: 103 rg: 32 | total time: 379.57m | eta: 97.6m
step 04432/05568 (79.60%) | loss: 2.439259 | lrm: 0.35 | dt: 5184.51ms | tok/sec: 202,251 | bf16_mfu: 48.83 | epoch: 1 pq: 103 rg: 34 | total time: 379.66m | eta: 97.5m
step 04433/05568 (79.62%) | loss: 2.432735 | lrm: 0.35 | dt: 5161.34ms | tok/sec: 203,159 | bf16_mfu: 49.05 | epoch: 1 pq: 103 rg: 36 | total time: 379.75m | eta: 97.4m
step 04434/05568 (79.63%) | loss: 2.409781 | lrm: 0.35 | dt: 5150.36ms | tok/sec: 203,592 | bf16_mfu: 49.15 | epoch: 1 pq: 103 rg: 38 | total time: 379.83m | eta: 97.4m
step 04435/05568 (79.65%) | loss: 2.426653 | lrm: 0.35 | dt: 5911.81ms | tok/sec: 177,369 | bf16_mfu: 42.82 | epoch: 1 pq: 103 rg: 40 | total time: 379.93m | eta: 97.3m
step 04436/05568 (79.67%) | loss: 2.415837 | lrm: 0.35 | dt: 5115.75ms | tok/sec: 204,970 | bf16_mfu: 49.48 | epoch: 1 pq: 103 rg: 42 | total time: 380.02m | eta: 97.2m
step 04437/05568 (79.69%) | loss: 2.416318 | lrm: 0.35 | dt: 5112.06ms | tok/sec: 205,117 | bf16_mfu: 49.52 | epoch: 1 pq: 103 rg: 44 | total time: 380.10m | eta: 97.1m
step 04438/05568 (79.71%) | loss: 2.417323 | lrm: 0.35 | dt: 5144.99ms | tok/sec: 203,805 | bf16_mfu: 49.20 | epoch: 1 pq: 103 rg: 46 | total time: 380.19m | eta: 97.0m
step 04439/05568 (79.72%) | loss: 2.418469 | lrm: 0.35 | dt: 5123.30ms | tok/sec: 204,668 | bf16_mfu: 49.41 | epoch: 1 pq: 103 rg: 48 | total time: 380.27m | eta: 96.9m
step 04440/05568 (79.74%) | loss: 2.396374 | lrm: 0.35 | dt: 5167.74ms | tok/sec: 202,908 | bf16_mfu: 48.99 | epoch: 1 pq: 103 rg: 50 | total time: 380.36m | eta: 96.8m
step 04441/05568 (79.76%) | loss: 2.394453 | lrm: 0.35 | dt: 5704.65ms | tok/sec: 183,810 | bf16_mfu: 44.37 | epoch: 1 pq: 103 rg: 52 | total time: 380.45m | eta: 96.8m
step 04442/05568 (79.78%) | loss: 2.382361 | lrm: 0.35 | dt: 5108.92ms | tok/sec: 205,244 | bf16_mfu: 49.55 | epoch: 1 pq: 103 rg: 54 | total time: 380.54m | eta: 96.7m
step 04443/05568 (79.80%) | loss: 2.399640 | lrm: 0.35 | dt: 5148.41ms | tok/sec: 203,669 | bf16_mfu: 49.17 | epoch: 1 pq: 103 rg: 56 | total time: 380.62m | eta: 96.6m
step 04444/05568 (79.81%) | loss: 2.405741 | lrm: 0.35 | dt: 5170.24ms | tok/sec: 202,809 | bf16_mfu: 48.96 | epoch: 1 pq: 103 rg: 58 | total time: 380.71m | eta: 96.5m
step 04445/05568 (79.83%) | loss: 2.406002 | lrm: 0.34 | dt: 5162.91ms | tok/sec: 203,097 | bf16_mfu: 49.03 | epoch: 1 pq: 103 rg: 60 | total time: 380.80m | eta: 96.4m
step 04446/05568 (79.85%) | loss: 2.390343 | lrm: 0.34 | dt: 5170.32ms | tok/sec: 202,806 | bf16_mfu: 48.96 | epoch: 1 pq: 103 rg: 62 | total time: 380.88m | eta: 96.3m
step 04447/05568 (79.87%) | loss: 2.400086 | lrm: 0.34 | dt: 5175.45ms | tok/sec: 202,605 | bf16_mfu: 48.91 | epoch: 1 pq: 103 rg: 64 | total time: 380.97m | eta: 96.3m
step 04448/05568 (79.89%) | loss: 2.390484 | lrm: 0.34 | dt: 5186.11ms | tok/sec: 202,189 | bf16_mfu: 48.81 | epoch: 1 pq: 103 rg: 66 | total time: 381.06m | eta: 96.2m
step 04449/05568 (79.90%) | loss: 2.379592 | lrm: 0.34 | dt: 5167.42ms | tok/sec: 202,920 | bf16_mfu: 48.99 | epoch: 1 pq: 103 rg: 68 | total time: 381.14m | eta: 96.1m
step 04450/05568 (79.92%) | loss: 2.393665 | lrm: 0.34 | dt: 5191.75ms | tok/sec: 201,969 | bf16_mfu: 48.76 | epoch: 1 pq: 103 rg: 70 | total time: 381.23m | eta: 96.0m
step 04451/05568 (79.94%) | loss: 2.383223 | lrm: 0.34 | dt: 5131.64ms | tok/sec: 204,335 | bf16_mfu: 49.33 | epoch: 1 pq: 103 rg: 72 | total time: 381.31m | eta: 95.9m
step 04452/05568 (79.96%) | loss: 2.383968 | lrm: 0.34 | dt: 5184.19ms | tok/sec: 202,264 | bf16_mfu: 48.83 | epoch: 1 pq: 103 rg: 74 | total time: 381.40m | eta: 95.8m
step 04453/05568 (79.97%) | loss: 2.397757 | lrm: 0.34 | dt: 5177.63ms | tok/sec: 202,520 | bf16_mfu: 48.89 | epoch: 1 pq: 103 rg: 76 | total time: 381.49m | eta: 95.7m
step 04454/05568 (79.99%) | loss: 2.400392 | lrm: 0.34 | dt: 5167.58ms | tok/sec: 202,914 | bf16_mfu: 48.99 | epoch: 1 pq: 103 rg: 78 | total time: 381.57m | eta: 95.7m
step 04455/05568 (80.01%) | loss: 2.407359 | lrm: 0.34 | dt: 5129.23ms | tok/sec: 204,431 | bf16_mfu: 49.35 | epoch: 1 pq: 103 rg: 78 | total time: 381.66m | eta: 95.6m
step 04456/05568 (80.03%) | loss: 2.422389 | lrm: 0.34 | dt: 5188.86ms | tok/sec: 202,082 | bf16_mfu: 48.79 | epoch: 1 pq: 103 rg: 80 | total time: 381.74m | eta: 95.5m
step 04457/05568 (80.05%) | loss: 2.410073 | lrm: 0.34 | dt: 5176.11ms | tok/sec: 202,579 | bf16_mfu: 48.91 | epoch: 1 pq: 103 rg: 82 | total time: 381.83m | eta: 95.4m
step 04458/05568 (80.06%) | loss: 2.422504 | lrm: 0.34 | dt: 5319.84ms | tok/sec: 197,106 | bf16_mfu: 47.58 | epoch: 1 pq: 104 rg: 0 | total time: 381.92m | eta: 95.3m
step 04459/05568 (80.08%) | loss: 2.406048 | lrm: 0.34 | dt: 5146.39ms | tok/sec: 203,749 | bf16_mfu: 49.19 | epoch: 1 pq: 104 rg: 2 | total time: 382.01m | eta: 95.2m
step 04460/05568 (80.10%) | loss: 2.416096 | lrm: 0.34 | dt: 5186.09ms | tok/sec: 202,190 | bf16_mfu: 48.81 | epoch: 1 pq: 104 rg: 4 | total time: 382.09m | eta: 95.1m
step 04461/05568 (80.12%) | loss: 2.428141 | lrm: 0.34 | dt: 5138.81ms | tok/sec: 204,050 | bf16_mfu: 49.26 | epoch: 1 pq: 104 rg: 6 | total time: 382.18m | eta: 95.1m
step 04462/05568 (80.14%) | loss: 2.427496 | lrm: 0.34 | dt: 5148.38ms | tok/sec: 203,671 | bf16_mfu: 49.17 | epoch: 1 pq: 104 rg: 8 | total time: 382.26m | eta: 95.0m
step 04463/05568 (80.15%) | loss: 2.431957 | lrm: 0.34 | dt: 5164.79ms | tok/sec: 203,024 | bf16_mfu: 49.01 | epoch: 1 pq: 104 rg: 10 | total time: 382.35m | eta: 94.9m
step 04464/05568 (80.17%) | loss: 2.431218 | lrm: 0.34 | dt: 5191.56ms | tok/sec: 201,976 | bf16_mfu: 48.76 | epoch: 1 pq: 104 rg: 12 | total time: 382.44m | eta: 94.8m
step 04465/05568 (80.19%) | loss: 2.445267 | lrm: 0.34 | dt: 5116.96ms | tok/sec: 204,921 | bf16_mfu: 49.47 | epoch: 1 pq: 104 rg: 14 | total time: 382.52m | eta: 94.7m
step 04466/05568 (80.21%) | loss: 2.442058 | lrm: 0.34 | dt: 5151.40ms | tok/sec: 203,551 | bf16_mfu: 49.14 | epoch: 1 pq: 104 rg: 16 | total time: 382.61m | eta: 94.6m
step 04467/05568 (80.23%) | loss: 2.433781 | lrm: 0.34 | dt: 5231.34ms | tok/sec: 200,441 | bf16_mfu: 48.39 | epoch: 1 pq: 104 rg: 18 | total time: 382.69m | eta: 94.5m
step 04468/05568 (80.24%) | loss: 2.433160 | lrm: 0.34 | dt: 5176.88ms | tok/sec: 202,549 | bf16_mfu: 48.90 | epoch: 1 pq: 104 rg: 20 | total time: 382.78m | eta: 94.5m
step 04469/05568 (80.26%) | loss: 2.439182 | lrm: 0.34 | dt: 5196.58ms | tok/sec: 201,781 | bf16_mfu: 48.71 | epoch: 1 pq: 104 rg: 22 | total time: 382.87m | eta: 94.4m
step 04470/05568 (80.28%) | loss: 2.451713 | lrm: 0.34 | dt: 5653.82ms | tok/sec: 185,463 | bf16_mfu: 44.77 | epoch: 1 pq: 104 rg: 24 | total time: 382.96m | eta: 94.3m
step 04471/05568 (80.30%) | loss: 2.447318 | lrm: 0.34 | dt: 5104.63ms | tok/sec: 205,416 | bf16_mfu: 49.59 | epoch: 1 pq: 104 rg: 26 | total time: 383.05m | eta: 94.2m
step 04472/05568 (80.32%) | loss: 2.462065 | lrm: 0.34 | dt: 5209.04ms | tok/sec: 201,299 | bf16_mfu: 48.60 | epoch: 1 pq: 104 rg: 28 | total time: 383.13m | eta: 94.1m
step 04473/05568 (80.33%) | loss: 2.440218 | lrm: 0.34 | dt: 5250.97ms | tok/sec: 199,692 | bf16_mfu: 48.21 | epoch: 1 pq: 104 rg: 30 | total time: 383.22m | eta: 94.0m
step 04474/05568 (80.35%) | loss: 2.454366 | lrm: 0.34 | dt: 5171.14ms | tok/sec: 202,774 | bf16_mfu: 48.95 | epoch: 1 pq: 104 rg: 32 | total time: 383.31m | eta: 93.9m
step 04475/05568 (80.37%) | loss: 2.441433 | lrm: 0.34 | dt: 5128.50ms | tok/sec: 204,460 | bf16_mfu: 49.36 | epoch: 1 pq: 104 rg: 34 | total time: 383.39m | eta: 93.9m
step 04476/05568 (80.39%) | loss: 2.424230 | lrm: 0.34 | dt: 5194.18ms | tok/sec: 201,875 | bf16_mfu: 48.74 | epoch: 1 pq: 104 rg: 36 | total time: 383.48m | eta: 93.8m
step 04477/05568 (80.41%) | loss: 2.436557 | lrm: 0.34 | dt: 5184.66ms | tok/sec: 202,245 | bf16_mfu: 48.83 | epoch: 1 pq: 104 rg: 38 | total time: 383.57m | eta: 93.7m
step 04478/05568 (80.42%) | loss: 2.426727 | lrm: 0.34 | dt: 5163.81ms | tok/sec: 203,062 | bf16_mfu: 49.02 | epoch: 1 pq: 104 rg: 40 | total time: 383.65m | eta: 93.6m
step 04479/05568 (80.44%) | loss: 2.408176 | lrm: 0.34 | dt: 5176.87ms | tok/sec: 202,550 | bf16_mfu: 48.90 | epoch: 1 pq: 104 rg: 42 | total time: 383.74m | eta: 93.5m
step 04480/05568 (80.46%) | loss: 2.401339 | lrm: 0.34 | dt: 5195.36ms | tok/sec: 201,829 | bf16_mfu: 48.72 | epoch: 1 pq: 104 rg: 44 | total time: 383.82m | eta: 93.4m
step 04481/05568 (80.48%) | loss: 2.394040 | lrm: 0.34 | dt: 5194.71ms | tok/sec: 201,854 | bf16_mfu: 48.73 | epoch: 1 pq: 104 rg: 46 | total time: 383.91m | eta: 93.3m
step 04482/05568 (80.50%) | loss: 2.381014 | lrm: 0.34 | dt: 5118.61ms | tok/sec: 204,855 | bf16_mfu: 49.46 | epoch: 1 pq: 104 rg: 48 | total time: 384.00m | eta: 93.3m
step 04483/05568 (80.51%) | loss: 2.400337 | lrm: 0.33 | dt: 5183.08ms | tok/sec: 202,307 | bf16_mfu: 48.84 | epoch: 1 pq: 104 rg: 50 | total time: 384.08m | eta: 93.2m
step 04484/05568 (80.53%) | loss: 2.393451 | lrm: 0.33 | dt: 5163.86ms | tok/sec: 203,060 | bf16_mfu: 49.02 | epoch: 1 pq: 104 rg: 52 | total time: 384.17m | eta: 93.1m
step 04485/05568 (80.55%) | loss: 2.404084 | lrm: 0.33 | dt: 5184.62ms | tok/sec: 202,247 | bf16_mfu: 48.83 | epoch: 1 pq: 104 rg: 54 | total time: 384.25m | eta: 93.0m
step 04486/05568 (80.57%) | loss: 2.420131 | lrm: 0.33 | dt: 5178.11ms | tok/sec: 202,501 | bf16_mfu: 48.89 | epoch: 1 pq: 104 rg: 56 | total time: 384.34m | eta: 92.9m
step 04487/05568 (80.59%) | loss: 2.439094 | lrm: 0.33 | dt: 5127.31ms | tok/sec: 204,508 | bf16_mfu: 49.37 | epoch: 1 pq: 104 rg: 56 | total time: 384.43m | eta: 92.8m
step 04488/05568 (80.60%) | loss: 2.454004 | lrm: 0.33 | dt: 5131.49ms | tok/sec: 204,341 | bf16_mfu: 49.33 | epoch: 1 pq: 104 rg: 58 | total time: 384.51m | eta: 92.7m
step 04489/05568 (80.62%) | loss: 2.435189 | lrm: 0.33 | dt: 5245.90ms | tok/sec: 199,884 | bf16_mfu: 48.26 | epoch: 1 pq: 104 rg: 60 | total time: 384.60m | eta: 92.7m
step 04490/05568 (80.64%) | loss: 2.437122 | lrm: 0.33 | dt: 5188.36ms | tok/sec: 202,101 | bf16_mfu: 48.79 | epoch: 1 pq: 104 rg: 62 | total time: 384.69m | eta: 92.6m
step 04491/05568 (80.66%) | loss: 2.423790 | lrm: 0.33 | dt: 5141.00ms | tok/sec: 203,963 | bf16_mfu: 49.24 | epoch: 1 pq: 104 rg: 64 | total time: 384.77m | eta: 92.5m
step 04492/05568 (80.68%) | loss: 2.417105 | lrm: 0.33 | dt: 5144.55ms | tok/sec: 203,822 | bf16_mfu: 49.21 | epoch: 1 pq: 104 rg: 66 | total time: 384.86m | eta: 92.4m
step 04493/05568 (80.69%) | loss: 2.417746 | lrm: 0.33 | dt: 5129.11ms | tok/sec: 204,436 | bf16_mfu: 49.35 | epoch: 1 pq: 104 rg: 68 | total time: 384.94m | eta: 92.3m
step 04494/05568 (80.71%) | loss: 2.431541 | lrm: 0.33 | dt: 5174.27ms | tok/sec: 202,651 | bf16_mfu: 48.92 | epoch: 1 pq: 104 rg: 70 | total time: 385.03m | eta: 92.2m
step 04495/05568 (80.73%) | loss: 2.430165 | lrm: 0.33 | dt: 5162.17ms | tok/sec: 203,126 | bf16_mfu: 49.04 | epoch: 1 pq: 104 rg: 72 | total time: 385.12m | eta: 92.1m
step 04496/05568 (80.75%) | loss: 2.433816 | lrm: 0.33 | dt: 5182.74ms | tok/sec: 202,320 | bf16_mfu: 48.84 | epoch: 1 pq: 104 rg: 74 | total time: 385.20m | eta: 92.0m
step 04497/05568 (80.77%) | loss: 2.430301 | lrm: 0.33 | dt: 5171.47ms | tok/sec: 202,761 | bf16_mfu: 48.95 | epoch: 1 pq: 104 rg: 76 | total time: 385.29m | eta: 92.0m
step 04498/05568 (80.78%) | loss: 2.446370 | lrm: 0.33 | dt: 5151.70ms | tok/sec: 203,539 | bf16_mfu: 49.14 | epoch: 1 pq: 104 rg: 78 | total time: 385.37m | eta: 91.9m
step 04499/05568 (80.80%) | loss: 2.435916 | lrm: 0.33 | dt: 5142.80ms | tok/sec: 203,891 | bf16_mfu: 49.22 | epoch: 1 pq: 104 rg: 80 | total time: 385.46m | eta: 91.8m
Step 04500 | Validation bpb: 0.735589
step 04500/05568 (80.82%) | loss: 2.440585 | lrm: 0.33 | dt: 5201.82ms | tok/sec: 201,578 | bf16_mfu: 48.66 | epoch: 1 pq: 105 rg: 0 | total time: 385.55m | eta: 91.7m
step 04501/05568 (80.84%) | loss: 2.429582 | lrm: 0.33 | dt: 5221.32ms | tok/sec: 200,825 | bf16_mfu: 48.48 | epoch: 1 pq: 105 rg: 2 | total time: 385.63m | eta: 91.6m
step 04502/05568 (80.85%) | loss: 2.422153 | lrm: 0.33 | dt: 5140.06ms | tok/sec: 204,000 | bf16_mfu: 49.25 | epoch: 1 pq: 105 rg: 4 | total time: 385.72m | eta: 91.5m
step 04503/05568 (80.87%) | loss: 2.414578 | lrm: 0.33 | dt: 5105.15ms | tok/sec: 205,395 | bf16_mfu: 49.59 | epoch: 1 pq: 105 rg: 6 | total time: 385.80m | eta: 91.4m
step 04504/05568 (80.89%) | loss: 2.426276 | lrm: 0.33 | dt: 5132.00ms | tok/sec: 204,321 | bf16_mfu: 49.33 | epoch: 1 pq: 105 rg: 8 | total time: 385.89m | eta: 91.4m
step 04505/05568 (80.91%) | loss: 2.431447 | lrm: 0.33 | dt: 5151.65ms | tok/sec: 203,541 | bf16_mfu: 49.14 | epoch: 1 pq: 105 rg: 10 | total time: 385.98m | eta: 91.3m
step 04506/05568 (80.93%) | loss: 2.439150 | lrm: 0.33 | dt: 5134.75ms | tok/sec: 204,211 | bf16_mfu: 49.30 | epoch: 1 pq: 105 rg: 12 | total time: 386.06m | eta: 91.2m
step 04507/05568 (80.94%) | loss: 2.438287 | lrm: 0.33 | dt: 5180.92ms | tok/sec: 202,391 | bf16_mfu: 48.86 | epoch: 1 pq: 105 rg: 14 | total time: 386.15m | eta: 91.1m
step 04508/05568 (80.96%) | loss: 2.424806 | lrm: 0.33 | dt: 5156.44ms | tok/sec: 203,352 | bf16_mfu: 49.09 | epoch: 1 pq: 105 rg: 16 | total time: 386.23m | eta: 91.0m
step 04509/05568 (80.98%) | loss: 2.416298 | lrm: 0.33 | dt: 5177.91ms | tok/sec: 202,509 | bf16_mfu: 48.89 | epoch: 1 pq: 105 rg: 18 | total time: 386.32m | eta: 90.9m
step 04510/05568 (81.00%) | loss: 2.416016 | lrm: 0.33 | dt: 5154.83ms | tok/sec: 203,416 | bf16_mfu: 49.11 | epoch: 1 pq: 105 rg: 20 | total time: 386.41m | eta: 90.8m
step 04511/05568 (81.02%) | loss: 2.418863 | lrm: 0.33 | dt: 5220.57ms | tok/sec: 200,854 | bf16_mfu: 48.49 | epoch: 1 pq: 105 rg: 22 | total time: 386.49m | eta: 90.8m
step 04512/05568 (81.03%) | loss: 2.413364 | lrm: 0.33 | dt: 5163.98ms | tok/sec: 203,055 | bf16_mfu: 49.02 | epoch: 1 pq: 105 rg: 24 | total time: 386.58m | eta: 90.7m
step 04513/05568 (81.05%) | loss: 2.404808 | lrm: 0.33 | dt: 5198.47ms | tok/sec: 201,708 | bf16_mfu: 48.70 | epoch: 1 pq: 105 rg: 26 | total time: 386.66m | eta: 90.6m
step 04514/05568 (81.07%) | loss: 2.394051 | lrm: 0.33 | dt: 5135.01ms | tok/sec: 204,201 | bf16_mfu: 49.30 | epoch: 1 pq: 105 rg: 28 | total time: 386.75m | eta: 90.5m
step 04515/05568 (81.09%) | loss: 2.383032 | lrm: 0.33 | dt: 5181.08ms | tok/sec: 202,385 | bf16_mfu: 48.86 | epoch: 1 pq: 105 rg: 30 | total time: 386.84m | eta: 90.4m
step 04516/05568 (81.11%) | loss: 2.401727 | lrm: 0.33 | dt: 5136.30ms | tok/sec: 204,149 | bf16_mfu: 49.29 | epoch: 1 pq: 105 rg: 32 | total time: 386.92m | eta: 90.3m
step 04517/05568 (81.12%) | loss: 2.402027 | lrm: 0.33 | dt: 5193.84ms | tok/sec: 201,888 | bf16_mfu: 48.74 | epoch: 1 pq: 105 rg: 32 | total time: 387.01m | eta: 90.2m
step 04518/05568 (81.14%) | loss: 2.392785 | lrm: 0.33 | dt: 5148.98ms | tok/sec: 203,647 | bf16_mfu: 49.16 | epoch: 1 pq: 105 rg: 34 | total time: 387.09m | eta: 90.2m
step 04519/05568 (81.16%) | loss: 2.383627 | lrm: 0.33 | dt: 5213.12ms | tok/sec: 201,141 | bf16_mfu: 48.56 | epoch: 1 pq: 105 rg: 36 | total time: 387.18m | eta: 90.1m
step 04520/05568 (81.18%) | loss: 2.383390 | lrm: 0.33 | dt: 5188.46ms | tok/sec: 202,097 | bf16_mfu: 48.79 | epoch: 1 pq: 105 rg: 38 | total time: 387.27m | eta: 90.0m
step 04521/05568 (81.20%) | loss: 2.382636 | lrm: 0.32 | dt: 5217.18ms | tok/sec: 200,985 | bf16_mfu: 48.52 | epoch: 1 pq: 105 rg: 40 | total time: 387.36m | eta: 89.9m
step 04522/05568 (81.21%) | loss: 2.388668 | lrm: 0.32 | dt: 5140.23ms | tok/sec: 203,993 | bf16_mfu: 49.25 | epoch: 1 pq: 105 rg: 42 | total time: 387.44m | eta: 89.8m
step 04523/05568 (81.23%) | loss: 2.402292 | lrm: 0.32 | dt: 5262.37ms | tok/sec: 199,259 | bf16_mfu: 48.10 | epoch: 1 pq: 105 rg: 44 | total time: 387.53m | eta: 89.7m
step 04524/05568 (81.25%) | loss: 2.397086 | lrm: 0.32 | dt: 5141.22ms | tok/sec: 203,954 | bf16_mfu: 49.24 | epoch: 1 pq: 105 rg: 46 | total time: 387.61m | eta: 89.6m
step 04525/05568 (81.27%) | loss: 2.398773 | lrm: 0.32 | dt: 5136.27ms | tok/sec: 204,151 | bf16_mfu: 49.29 | epoch: 1 pq: 105 rg: 48 | total time: 387.70m | eta: 89.6m
step 04526/05568 (81.29%) | loss: 2.393414 | lrm: 0.32 | dt: 6658.15ms | tok/sec: 157,487 | bf16_mfu: 38.02 | epoch: 1 pq: 105 rg: 50 | total time: 387.81m | eta: 89.5m
step 04527/05568 (81.30%) | loss: 2.397629 | lrm: 0.32 | dt: 5114.61ms | tok/sec: 205,015 | bf16_mfu: 49.49 | epoch: 1 pq: 105 rg: 52 | total time: 387.90m | eta: 89.4m
step 04528/05568 (81.32%) | loss: 2.406627 | lrm: 0.32 | dt: 5459.16ms | tok/sec: 192,076 | bf16_mfu: 46.37 | epoch: 1 pq: 105 rg: 54 | total time: 387.99m | eta: 89.3m
step 04529/05568 (81.34%) | loss: 2.407150 | lrm: 0.32 | dt: 5172.44ms | tok/sec: 202,723 | bf16_mfu: 48.94 | epoch: 1 pq: 105 rg: 56 | total time: 388.07m | eta: 89.2m
step 04530/05568 (81.36%) | loss: 2.427257 | lrm: 0.32 | dt: 5246.81ms | tok/sec: 199,850 | bf16_mfu: 48.25 | epoch: 1 pq: 105 rg: 58 | total time: 388.16m | eta: 89.1m
step 04531/05568 (81.38%) | loss: 2.439263 | lrm: 0.32 | dt: 5153.67ms | tok/sec: 203,462 | bf16_mfu: 49.12 | epoch: 1 pq: 105 rg: 60 | total time: 388.25m | eta: 89.1m
step 04532/05568 (81.39%) | loss: 2.434571 | lrm: 0.32 | dt: 5130.45ms | tok/sec: 204,382 | bf16_mfu: 49.34 | epoch: 1 pq: 105 rg: 62 | total time: 388.33m | eta: 89.0m
step 04533/05568 (81.41%) | loss: 2.429612 | lrm: 0.32 | dt: 5188.44ms | tok/sec: 202,098 | bf16_mfu: 48.79 | epoch: 1 pq: 105 rg: 64 | total time: 388.42m | eta: 88.9m
step 04534/05568 (81.43%) | loss: 2.453814 | lrm: 0.32 | dt: 5420.54ms | tok/sec: 193,444 | bf16_mfu: 46.70 | epoch: 1 pq: 105 rg: 66 | total time: 388.51m | eta: 88.8m
step 04535/05568 (81.45%) | loss: 2.454090 | lrm: 0.32 | dt: 5161.65ms | tok/sec: 203,147 | bf16_mfu: 49.04 | epoch: 1 pq: 105 rg: 68 | total time: 388.59m | eta: 88.7m
step 04536/05568 (81.47%) | loss: 2.454548 | lrm: 0.32 | dt: 5173.14ms | tok/sec: 202,696 | bf16_mfu: 48.93 | epoch: 1 pq: 105 rg: 70 | total time: 388.68m | eta: 88.6m
step 04537/05568 (81.48%) | loss: 2.460947 | lrm: 0.32 | dt: 5802.04ms | tok/sec: 180,725 | bf16_mfu: 43.63 | epoch: 1 pq: 105 rg: 72 | total time: 388.78m | eta: 88.5m
step 04538/05568 (81.50%) | loss: 2.467427 | lrm: 0.32 | dt: 5128.83ms | tok/sec: 204,447 | bf16_mfu: 49.36 | epoch: 1 pq: 105 rg: 74 | total time: 388.86m | eta: 88.5m
step 04539/05568 (81.52%) | loss: 2.469795 | lrm: 0.32 | dt: 5168.85ms | tok/sec: 202,864 | bf16_mfu: 48.97 | epoch: 1 pq: 105 rg: 76 | total time: 388.95m | eta: 88.4m
step 04540/05568 (81.54%) | loss: 2.462006 | lrm: 0.32 | dt: 5172.79ms | tok/sec: 202,709 | bf16_mfu: 48.94 | epoch: 1 pq: 105 rg: 78 | total time: 389.04m | eta: 88.3m
step 04541/05568 (81.56%) | loss: 2.457027 | lrm: 0.32 | dt: 5254.74ms | tok/sec: 199,548 | bf16_mfu: 48.17 | epoch: 1 pq: 105 rg: 80 | total time: 389.12m | eta: 88.2m
step 04542/05568 (81.57%) | loss: 2.472949 | lrm: 0.32 | dt: 5128.03ms | tok/sec: 204,479 | bf16_mfu: 49.36 | epoch: 1 pq: 105 rg: 82 | total time: 389.21m | eta: 88.1m
step 04543/05568 (81.59%) | loss: 2.480416 | lrm: 0.32 | dt: 5668.45ms | tok/sec: 184,984 | bf16_mfu: 44.66 | epoch: 1 pq: 106 rg: 0 | total time: 389.30m | eta: 88.0m
step 04544/05568 (81.61%) | loss: 2.481336 | lrm: 0.32 | dt: 5111.96ms | tok/sec: 205,121 | bf16_mfu: 49.52 | epoch: 1 pq: 106 rg: 2 | total time: 389.39m | eta: 87.9m
step 04545/05568 (81.63%) | loss: 2.484007 | lrm: 0.32 | dt: 5169.36ms | tok/sec: 202,844 | bf16_mfu: 48.97 | epoch: 1 pq: 106 rg: 4 | total time: 389.47m | eta: 87.9m
step 04546/05568 (81.65%) | loss: 2.470987 | lrm: 0.32 | dt: 5170.23ms | tok/sec: 202,810 | bf16_mfu: 48.96 | epoch: 1 pq: 106 rg: 6 | total time: 389.56m | eta: 87.8m
step 04547/05568 (81.66%) | loss: 2.483637 | lrm: 0.32 | dt: 5126.07ms | tok/sec: 204,557 | bf16_mfu: 49.38 | epoch: 1 pq: 106 rg: 6 | total time: 389.65m | eta: 87.7m
step 04548/05568 (81.68%) | loss: 2.474949 | lrm: 0.32 | dt: 5138.28ms | tok/sec: 204,071 | bf16_mfu: 49.27 | epoch: 1 pq: 106 rg: 8 | total time: 389.73m | eta: 87.6m
step 04549/05568 (81.70%) | loss: 2.456815 | lrm: 0.32 | dt: 5156.36ms | tok/sec: 203,355 | bf16_mfu: 49.09 | epoch: 1 pq: 106 rg: 10 | total time: 389.82m | eta: 87.5m
step 04550/05568 (81.72%) | loss: 2.435768 | lrm: 0.32 | dt: 5208.70ms | tok/sec: 201,312 | bf16_mfu: 48.60 | epoch: 1 pq: 106 rg: 12 | total time: 389.90m | eta: 87.4m
step 04551/05568 (81.73%) | loss: 2.426250 | lrm: 0.32 | dt: 5177.39ms | tok/sec: 202,529 | bf16_mfu: 48.89 | epoch: 1 pq: 106 rg: 14 | total time: 389.99m | eta: 87.3m
step 04552/05568 (81.75%) | loss: 2.429103 | lrm: 0.32 | dt: 5162.68ms | tok/sec: 203,106 | bf16_mfu: 49.03 | epoch: 1 pq: 106 rg: 16 | total time: 390.08m | eta: 87.3m
step 04553/05568 (81.77%) | loss: 2.415741 | lrm: 0.32 | dt: 5136.45ms | tok/sec: 204,143 | bf16_mfu: 49.28 | epoch: 1 pq: 106 rg: 18 | total time: 390.16m | eta: 87.2m
step 04554/05568 (81.79%) | loss: 2.410567 | lrm: 0.32 | dt: 5149.93ms | tok/sec: 203,609 | bf16_mfu: 49.15 | epoch: 1 pq: 106 rg: 20 | total time: 390.25m | eta: 87.1m
step 04555/05568 (81.81%) | loss: 2.407337 | lrm: 0.32 | dt: 5176.03ms | tok/sec: 202,583 | bf16_mfu: 48.91 | epoch: 1 pq: 106 rg: 22 | total time: 390.33m | eta: 87.0m
step 04556/05568 (81.82%) | loss: 2.412363 | lrm: 0.32 | dt: 5334.28ms | tok/sec: 196,573 | bf16_mfu: 47.46 | epoch: 1 pq: 106 rg: 24 | total time: 390.42m | eta: 86.9m
step 04557/05568 (81.84%) | loss: 2.416222 | lrm: 0.32 | dt: 5136.77ms | tok/sec: 204,131 | bf16_mfu: 49.28 | epoch: 1 pq: 106 rg: 26 | total time: 390.51m | eta: 86.8m
step 04558/05568 (81.86%) | loss: 2.435344 | lrm: 0.32 | dt: 5120.04ms | tok/sec: 204,798 | bf16_mfu: 49.44 | epoch: 1 pq: 106 rg: 28 | total time: 390.59m | eta: 86.7m
step 04559/05568 (81.88%) | loss: 2.456430 | lrm: 0.31 | dt: 5180.67ms | tok/sec: 202,401 | bf16_mfu: 48.86 | epoch: 1 pq: 106 rg: 30 | total time: 390.68m | eta: 86.7m
step 04560/05568 (81.90%) | loss: 2.442978 | lrm: 0.31 | dt: 5117.62ms | tok/sec: 204,895 | bf16_mfu: 49.47 | epoch: 1 pq: 106 rg: 32 | total time: 390.77m | eta: 86.6m
step 04561/05568 (81.91%) | loss: 2.439589 | lrm: 0.31 | dt: 5143.70ms | tok/sec: 203,856 | bf16_mfu: 49.21 | epoch: 1 pq: 106 rg: 34 | total time: 390.85m | eta: 86.5m
step 04562/05568 (81.93%) | loss: 2.436555 | lrm: 0.31 | dt: 5155.51ms | tok/sec: 203,389 | bf16_mfu: 49.10 | epoch: 1 pq: 106 rg: 36 | total time: 390.94m | eta: 86.4m
step 04563/05568 (81.95%) | loss: 2.427407 | lrm: 0.31 | dt: 5210.07ms | tok/sec: 201,259 | bf16_mfu: 48.59 | epoch: 1 pq: 106 rg: 38 | total time: 391.02m | eta: 86.3m
step 04564/05568 (81.97%) | loss: 2.415066 | lrm: 0.31 | dt: 5141.61ms | tok/sec: 203,939 | bf16_mfu: 49.23 | epoch: 1 pq: 106 rg: 40 | total time: 391.11m | eta: 86.2m
step 04565/05568 (81.99%) | loss: 2.419522 | lrm: 0.31 | dt: 5156.44ms | tok/sec: 203,352 | bf16_mfu: 49.09 | epoch: 1 pq: 106 rg: 42 | total time: 391.20m | eta: 86.1m
step 04566/05568 (82.00%) | loss: 2.411491 | lrm: 0.31 | dt: 5149.57ms | tok/sec: 203,623 | bf16_mfu: 49.16 | epoch: 1 pq: 106 rg: 44 | total time: 391.28m | eta: 86.1m
step 04567/05568 (82.02%) | loss: 2.411634 | lrm: 0.31 | dt: 5212.31ms | tok/sec: 201,172 | bf16_mfu: 48.57 | epoch: 1 pq: 106 rg: 46 | total time: 391.37m | eta: 86.0m
step 04568/05568 (82.04%) | loss: 2.411400 | lrm: 0.31 | dt: 5155.03ms | tok/sec: 203,408 | bf16_mfu: 49.11 | epoch: 1 pq: 106 rg: 48 | total time: 391.45m | eta: 85.9m
step 04569/05568 (82.06%) | loss: 2.408047 | lrm: 0.31 | dt: 5181.09ms | tok/sec: 202,385 | bf16_mfu: 48.86 | epoch: 1 pq: 106 rg: 50 | total time: 391.54m | eta: 85.8m
step 04570/05568 (82.08%) | loss: 2.406672 | lrm: 0.31 | dt: 5140.38ms | tok/sec: 203,987 | bf16_mfu: 49.25 | epoch: 1 pq: 106 rg: 52 | total time: 391.63m | eta: 85.7m
step 04571/05568 (82.09%) | loss: 2.404649 | lrm: 0.31 | dt: 5523.25ms | tok/sec: 189,847 | bf16_mfu: 45.83 | epoch: 1 pq: 106 rg: 54 | total time: 391.72m | eta: 85.6m
step 04572/05568 (82.11%) | loss: 2.400760 | lrm: 0.31 | dt: 5112.28ms | tok/sec: 205,109 | bf16_mfu: 49.52 | epoch: 1 pq: 106 rg: 56 | total time: 391.80m | eta: 85.5m
step 04573/05568 (82.13%) | loss: 2.380122 | lrm: 0.31 | dt: 5161.72ms | tok/sec: 203,144 | bf16_mfu: 49.04 | epoch: 1 pq: 106 rg: 58 | total time: 391.89m | eta: 85.5m
step 04574/05568 (82.15%) | loss: 2.367453 | lrm: 0.31 | dt: 5149.28ms | tok/sec: 203,635 | bf16_mfu: 49.16 | epoch: 1 pq: 106 rg: 60 | total time: 391.98m | eta: 85.4m
step 04575/05568 (82.17%) | loss: 2.349662 | lrm: 0.31 | dt: 5570.40ms | tok/sec: 188,240 | bf16_mfu: 45.44 | epoch: 1 pq: 106 rg: 62 | total time: 392.07m | eta: 85.3m
step 04576/05568 (82.18%) | loss: 2.357747 | lrm: 0.31 | dt: 5160.13ms | tok/sec: 203,207 | bf16_mfu: 49.06 | epoch: 1 pq: 106 rg: 64 | total time: 392.15m | eta: 85.2m
step 04577/05568 (82.20%) | loss: 2.349497 | lrm: 0.31 | dt: 5135.14ms | tok/sec: 204,196 | bf16_mfu: 49.30 | epoch: 1 pq: 106 rg: 66 | total time: 392.24m | eta: 85.1m
step 04578/05568 (82.22%) | loss: 2.356987 | lrm: 0.31 | dt: 5120.58ms | tok/sec: 204,776 | bf16_mfu: 49.44 | epoch: 1 pq: 106 rg: 68 | total time: 392.33m | eta: 85.0m
step 04579/05568 (82.24%) | loss: 2.359702 | lrm: 0.31 | dt: 5196.08ms | tok/sec: 201,801 | bf16_mfu: 48.72 | epoch: 1 pq: 106 rg: 70 | total time: 392.41m | eta: 84.9m
step 04580/05568 (82.26%) | loss: 2.369735 | lrm: 0.31 | dt: 5162.09ms | tok/sec: 203,130 | bf16_mfu: 49.04 | epoch: 1 pq: 106 rg: 72 | total time: 392.50m | eta: 84.9m
step 04581/05568 (82.27%) | loss: 2.371966 | lrm: 0.31 | dt: 5165.48ms | tok/sec: 202,996 | bf16_mfu: 49.01 | epoch: 1 pq: 106 rg: 74 | total time: 392.58m | eta: 84.8m
step 04582/05568 (82.29%) | loss: 2.377613 | lrm: 0.31 | dt: 5173.99ms | tok/sec: 202,663 | bf16_mfu: 48.93 | epoch: 1 pq: 106 rg: 74 | total time: 392.67m | eta: 84.7m
step 04583/05568 (82.31%) | loss: 2.372375 | lrm: 0.31 | dt: 5121.02ms | tok/sec: 204,759 | bf16_mfu: 49.43 | epoch: 1 pq: 106 rg: 76 | total time: 392.76m | eta: 84.6m
step 04584/05568 (82.33%) | loss: 2.386982 | lrm: 0.31 | dt: 5122.20ms | tok/sec: 204,711 | bf16_mfu: 49.42 | epoch: 1 pq: 106 rg: 78 | total time: 392.84m | eta: 84.5m
step 04585/05568 (82.35%) | loss: 2.393577 | lrm: 0.31 | dt: 5126.79ms | tok/sec: 204,528 | bf16_mfu: 49.38 | epoch: 1 pq: 106 rg: 80 | total time: 392.93m | eta: 84.4m
step 04586/05568 (82.36%) | loss: 2.404485 | lrm: 0.31 | dt: 5179.71ms | tok/sec: 202,439 | bf16_mfu: 48.87 | epoch: 1 pq: 106 rg: 82 | total time: 393.01m | eta: 84.3m
step 04587/05568 (82.38%) | loss: 2.402193 | lrm: 0.31 | dt: 5212.65ms | tok/sec: 201,160 | bf16_mfu: 48.56 | epoch: 1 pq: 107 rg: 0 | total time: 393.10m | eta: 84.3m
step 04588/05568 (82.40%) | loss: 2.401271 | lrm: 0.31 | dt: 5125.44ms | tok/sec: 204,582 | bf16_mfu: 49.39 | epoch: 1 pq: 107 rg: 2 | total time: 393.19m | eta: 84.2m
step 04589/05568 (82.42%) | loss: 2.390922 | lrm: 0.31 | dt: 5178.46ms | tok/sec: 202,488 | bf16_mfu: 48.88 | epoch: 1 pq: 107 rg: 4 | total time: 393.27m | eta: 84.1m
step 04590/05568 (82.44%) | loss: 2.382741 | lrm: 0.31 | dt: 5153.71ms | tok/sec: 203,460 | bf16_mfu: 49.12 | epoch: 1 pq: 107 rg: 6 | total time: 393.36m | eta: 84.0m
step 04591/05568 (82.45%) | loss: 2.391925 | lrm: 0.31 | dt: 5196.48ms | tok/sec: 201,785 | bf16_mfu: 48.71 | epoch: 1 pq: 107 rg: 8 | total time: 393.44m | eta: 83.9m
step 04592/05568 (82.47%) | loss: 2.385536 | lrm: 0.31 | dt: 5173.59ms | tok/sec: 202,678 | bf16_mfu: 48.93 | epoch: 1 pq: 107 rg: 10 | total time: 393.53m | eta: 83.8m
step 04593/05568 (82.49%) | loss: 2.390679 | lrm: 0.31 | dt: 5132.00ms | tok/sec: 204,321 | bf16_mfu: 49.33 | epoch: 1 pq: 107 rg: 12 | total time: 393.62m | eta: 83.7m
step 04594/05568 (82.51%) | loss: 2.381192 | lrm: 0.31 | dt: 5265.44ms | tok/sec: 199,142 | bf16_mfu: 48.08 | epoch: 1 pq: 107 rg: 14 | total time: 393.70m | eta: 83.7m
step 04595/05568 (82.53%) | loss: 2.389900 | lrm: 0.31 | dt: 5154.62ms | tok/sec: 203,424 | bf16_mfu: 49.11 | epoch: 1 pq: 107 rg: 16 | total time: 393.79m | eta: 83.6m
step 04596/05568 (82.54%) | loss: 2.374550 | lrm: 0.31 | dt: 5166.64ms | tok/sec: 202,951 | bf16_mfu: 49.00 | epoch: 1 pq: 107 rg: 18 | total time: 393.88m | eta: 83.5m
step 04597/05568 (82.56%) | loss: 2.389910 | lrm: 0.30 | dt: 5151.39ms | tok/sec: 203,552 | bf16_mfu: 49.14 | epoch: 1 pq: 107 rg: 20 | total time: 393.96m | eta: 83.4m
step 04598/05568 (82.58%) | loss: 2.385000 | lrm: 0.30 | dt: 5147.01ms | tok/sec: 203,725 | bf16_mfu: 49.18 | epoch: 1 pq: 107 rg: 22 | total time: 394.05m | eta: 83.3m
step 04599/05568 (82.60%) | loss: 2.400061 | lrm: 0.30 | dt: 5181.52ms | tok/sec: 202,368 | bf16_mfu: 48.86 | epoch: 1 pq: 107 rg: 24 | total time: 394.13m | eta: 83.2m
step 04600/05568 (82.61%) | loss: 2.405485 | lrm: 0.30 | dt: 4848.85ms | tok/sec: 216,252 | bf16_mfu: 52.21 | epoch: 1 pq: 107 rg: 26 | total time: 394.21m | eta: 83.1m
step 04601/05568 (82.63%) | loss: 2.410241 | lrm: 0.30 | dt: 4979.94ms | tok/sec: 210,559 | bf16_mfu: 50.83 | epoch: 1 pq: 107 rg: 28 | total time: 394.30m | eta: 83.1m
step 04602/05568 (82.65%) | loss: 2.411653 | lrm: 0.30 | dt: 5077.88ms | tok/sec: 206,498 | bf16_mfu: 49.85 | epoch: 1 pq: 107 rg: 30 | total time: 394.38m | eta: 83.0m
step 04603/05568 (82.67%) | loss: 2.398235 | lrm: 0.30 | dt: 5125.32ms | tok/sec: 204,587 | bf16_mfu: 49.39 | epoch: 1 pq: 107 rg: 32 | total time: 394.47m | eta: 82.9m
step 04604/05568 (82.69%) | loss: 2.383514 | lrm: 0.30 | dt: 5101.78ms | tok/sec: 205,531 | bf16_mfu: 49.62 | epoch: 1 pq: 107 rg: 34 | total time: 394.55m | eta: 82.8m
step 04605/05568 (82.70%) | loss: 2.373609 | lrm: 0.30 | dt: 5098.73ms | tok/sec: 205,654 | bf16_mfu: 49.65 | epoch: 1 pq: 107 rg: 36 | total time: 394.64m | eta: 82.7m
step 04606/05568 (82.72%) | loss: 2.373643 | lrm: 0.30 | dt: 5146.43ms | tok/sec: 203,748 | bf16_mfu: 49.19 | epoch: 1 pq: 107 rg: 38 | total time: 394.72m | eta: 82.6m
step 04607/05568 (82.74%) | loss: 2.379980 | lrm: 0.30 | dt: 5150.62ms | tok/sec: 203,582 | bf16_mfu: 49.15 | epoch: 1 pq: 107 rg: 40 | total time: 394.81m | eta: 82.5m
step 04608/05568 (82.76%) | loss: 2.390783 | lrm: 0.30 | dt: 5149.47ms | tok/sec: 203,628 | bf16_mfu: 49.16 | epoch: 1 pq: 107 rg: 42 | total time: 394.90m | eta: 82.4m
step 04609/05568 (82.78%) | loss: 2.400684 | lrm: 0.30 | dt: 5114.51ms | tok/sec: 205,019 | bf16_mfu: 49.50 | epoch: 1 pq: 107 rg: 44 | total time: 394.98m | eta: 82.4m
step 04610/05568 (82.79%) | loss: 2.411239 | lrm: 0.30 | dt: 5114.59ms | tok/sec: 205,016 | bf16_mfu: 49.49 | epoch: 1 pq: 107 rg: 46 | total time: 395.07m | eta: 82.3m
step 04611/05568 (82.81%) | loss: 2.403409 | lrm: 0.30 | dt: 5122.27ms | tok/sec: 204,709 | bf16_mfu: 49.42 | epoch: 1 pq: 107 rg: 48 | total time: 395.15m | eta: 82.2m
step 04612/05568 (82.83%) | loss: 2.413965 | lrm: 0.30 | dt: 5111.36ms | tok/sec: 205,146 | bf16_mfu: 49.53 | epoch: 1 pq: 107 rg: 50 | total time: 395.24m | eta: 82.1m
step 04613/05568 (82.85%) | loss: 2.416777 | lrm: 0.30 | dt: 5110.80ms | tok/sec: 205,168 | bf16_mfu: 49.53 | epoch: 1 pq: 107 rg: 52 | total time: 395.32m | eta: 82.0m
step 04614/05568 (82.87%) | loss: 2.421870 | lrm: 0.30 | dt: 5177.72ms | tok/sec: 202,517 | bf16_mfu: 48.89 | epoch: 1 pq: 107 rg: 54 | total time: 395.41m | eta: 81.9m
step 04615/05568 (82.88%) | loss: 2.418490 | lrm: 0.30 | dt: 5157.48ms | tok/sec: 203,311 | bf16_mfu: 49.08 | epoch: 1 pq: 107 rg: 56 | total time: 395.49m | eta: 81.8m
step 04616/05568 (82.90%) | loss: 2.427806 | lrm: 0.30 | dt: 5208.65ms | tok/sec: 201,314 | bf16_mfu: 48.60 | epoch: 1 pq: 107 rg: 56 | total time: 395.58m | eta: 81.8m
step 04617/05568 (82.92%) | loss: 2.416802 | lrm: 0.30 | dt: 5150.90ms | tok/sec: 203,571 | bf16_mfu: 49.15 | epoch: 1 pq: 107 rg: 58 | total time: 395.67m | eta: 81.7m
step 04618/05568 (82.94%) | loss: 2.415330 | lrm: 0.30 | dt: 5159.84ms | tok/sec: 203,218 | bf16_mfu: 49.06 | epoch: 1 pq: 107 rg: 60 | total time: 395.75m | eta: 81.6m
step 04619/05568 (82.96%) | loss: 2.426742 | lrm: 0.30 | dt: 5154.06ms | tok/sec: 203,446 | bf16_mfu: 49.12 | epoch: 1 pq: 107 rg: 62 | total time: 395.84m | eta: 81.5m
step 04620/05568 (82.97%) | loss: 2.421318 | lrm: 0.30 | dt: 5107.93ms | tok/sec: 205,283 | bf16_mfu: 49.56 | epoch: 1 pq: 107 rg: 64 | total time: 395.92m | eta: 81.4m
step 04621/05568 (82.99%) | loss: 2.420054 | lrm: 0.30 | dt: 5188.69ms | tok/sec: 202,088 | bf16_mfu: 48.79 | epoch: 1 pq: 107 rg: 66 | total time: 396.01m | eta: 81.3m
step 04622/05568 (83.01%) | loss: 2.424420 | lrm: 0.30 | dt: 5142.18ms | tok/sec: 203,916 | bf16_mfu: 49.23 | epoch: 1 pq: 107 rg: 68 | total time: 396.10m | eta: 81.2m
step 04623/05568 (83.03%) | loss: 2.408987 | lrm: 0.30 | dt: 5131.60ms | tok/sec: 204,337 | bf16_mfu: 49.33 | epoch: 1 pq: 107 rg: 70 | total time: 396.18m | eta: 81.2m
step 04624/05568 (83.05%) | loss: 2.406655 | lrm: 0.30 | dt: 5177.27ms | tok/sec: 202,534 | bf16_mfu: 48.90 | epoch: 1 pq: 107 rg: 72 | total time: 396.27m | eta: 81.1m
step 04625/05568 (83.06%) | loss: 2.406415 | lrm: 0.30 | dt: 5172.71ms | tok/sec: 202,713 | bf16_mfu: 48.94 | epoch: 1 pq: 107 rg: 74 | total time: 396.35m | eta: 81.0m
step 04626/05568 (83.08%) | loss: 2.406939 | lrm: 0.30 | dt: 5185.29ms | tok/sec: 202,221 | bf16_mfu: 48.82 | epoch: 1 pq: 107 rg: 76 | total time: 396.44m | eta: 80.9m
step 04627/05568 (83.10%) | loss: 2.392534 | lrm: 0.30 | dt: 5122.24ms | tok/sec: 204,710 | bf16_mfu: 49.42 | epoch: 1 pq: 107 rg: 78 | total time: 396.53m | eta: 80.8m
step 04628/05568 (83.12%) | loss: 2.397055 | lrm: 0.30 | dt: 5129.71ms | tok/sec: 204,412 | bf16_mfu: 49.35 | epoch: 1 pq: 107 rg: 80 | total time: 396.61m | eta: 80.7m
step 04629/05568 (83.14%) | loss: 2.394636 | lrm: 0.30 | dt: 5160.83ms | tok/sec: 203,179 | bf16_mfu: 49.05 | epoch: 1 pq: 107 rg: 82 | total time: 396.70m | eta: 80.6m
step 04630/05568 (83.15%) | loss: 2.408815 | lrm: 0.30 | dt: 5161.27ms | tok/sec: 203,162 | bf16_mfu: 49.05 | epoch: 1 pq: 108 rg: 0 | total time: 396.78m | eta: 80.6m
step 04631/05568 (83.17%) | loss: 2.402563 | lrm: 0.30 | dt: 5160.95ms | tok/sec: 203,174 | bf16_mfu: 49.05 | epoch: 1 pq: 108 rg: 2 | total time: 396.87m | eta: 80.5m
step 04632/05568 (83.19%) | loss: 2.418280 | lrm: 0.30 | dt: 5224.27ms | tok/sec: 200,712 | bf16_mfu: 48.46 | epoch: 1 pq: 108 rg: 4 | total time: 396.96m | eta: 80.4m
step 04633/05568 (83.21%) | loss: 2.414496 | lrm: 0.30 | dt: 5137.45ms | tok/sec: 204,104 | bf16_mfu: 49.27 | epoch: 1 pq: 108 rg: 6 | total time: 397.04m | eta: 80.3m
step 04634/05568 (83.23%) | loss: 2.417554 | lrm: 0.30 | dt: 5125.52ms | tok/sec: 204,579 | bf16_mfu: 49.39 | epoch: 1 pq: 108 rg: 8 | total time: 397.13m | eta: 80.2m
step 04635/05568 (83.24%) | loss: 2.412435 | lrm: 0.29 | dt: 5192.49ms | tok/sec: 201,940 | bf16_mfu: 48.75 | epoch: 1 pq: 108 rg: 10 | total time: 397.21m | eta: 80.1m
step 04636/05568 (83.26%) | loss: 2.411373 | lrm: 0.29 | dt: 5240.77ms | tok/sec: 200,080 | bf16_mfu: 48.30 | epoch: 1 pq: 108 rg: 12 | total time: 397.30m | eta: 80.0m
step 04637/05568 (83.28%) | loss: 2.402337 | lrm: 0.29 | dt: 5164.97ms | tok/sec: 203,017 | bf16_mfu: 49.01 | epoch: 1 pq: 108 rg: 14 | total time: 397.39m | eta: 80.0m
step 04638/05568 (83.30%) | loss: 2.404916 | lrm: 0.29 | dt: 5136.52ms | tok/sec: 204,141 | bf16_mfu: 49.28 | epoch: 1 pq: 108 rg: 16 | total time: 397.47m | eta: 79.9m
step 04639/05568 (83.32%) | loss: 2.404646 | lrm: 0.29 | dt: 5167.31ms | tok/sec: 202,924 | bf16_mfu: 48.99 | epoch: 1 pq: 108 rg: 18 | total time: 397.56m | eta: 79.8m
step 04640/05568 (83.33%) | loss: 2.405803 | lrm: 0.29 | dt: 7052.12ms | tok/sec: 148,689 | bf16_mfu: 35.90 | epoch: 1 pq: 108 rg: 20 | total time: 397.68m | eta: 79.7m
step 04641/05568 (83.35%) | loss: 2.412908 | lrm: 0.29 | dt: 5057.72ms | tok/sec: 207,322 | bf16_mfu: 50.05 | epoch: 1 pq: 108 rg: 20 | total time: 397.76m | eta: 79.6m
step 04642/05568 (83.37%) | loss: 2.402244 | lrm: 0.29 | dt: 5164.08ms | tok/sec: 203,051 | bf16_mfu: 49.02 | epoch: 1 pq: 108 rg: 22 | total time: 397.85m | eta: 79.5m
step 04643/05568 (83.39%) | loss: 2.416975 | lrm: 0.29 | dt: 5415.11ms | tok/sec: 193,638 | bf16_mfu: 46.75 | epoch: 1 pq: 108 rg: 24 | total time: 397.94m | eta: 79.4m
step 04644/05568 (83.41%) | loss: 2.415953 | lrm: 0.29 | dt: 5136.20ms | tok/sec: 204,154 | bf16_mfu: 49.29 | epoch: 1 pq: 108 rg: 26 | total time: 398.02m | eta: 79.4m
step 04645/05568 (83.42%) | loss: 2.434748 | lrm: 0.29 | dt: 5182.79ms | tok/sec: 202,318 | bf16_mfu: 48.84 | epoch: 1 pq: 108 rg: 28 | total time: 398.11m | eta: 79.3m
step 04646/05568 (83.44%) | loss: 2.429587 | lrm: 0.29 | dt: 5171.00ms | tok/sec: 202,780 | bf16_mfu: 48.95 | epoch: 1 pq: 108 rg: 30 | total time: 398.20m | eta: 79.2m
step 04647/05568 (83.46%) | loss: 2.407653 | lrm: 0.29 | dt: 5145.65ms | tok/sec: 203,779 | bf16_mfu: 49.20 | epoch: 1 pq: 108 rg: 32 | total time: 398.28m | eta: 79.1m
step 04648/05568 (83.48%) | loss: 2.408585 | lrm: 0.29 | dt: 5465.96ms | tok/sec: 191,837 | bf16_mfu: 46.31 | epoch: 1 pq: 108 rg: 34 | total time: 398.37m | eta: 79.0m
step 04649/05568 (83.49%) | loss: 2.410049 | lrm: 0.29 | dt: 5185.95ms | tok/sec: 202,195 | bf16_mfu: 48.81 | epoch: 1 pq: 108 rg: 36 | total time: 398.46m | eta: 78.9m
step 04650/05568 (83.51%) | loss: 2.403939 | lrm: 0.29 | dt: 5176.45ms | tok/sec: 202,566 | bf16_mfu: 48.90 | epoch: 1 pq: 108 rg: 38 | total time: 398.54m | eta: 78.8m
step 04651/05568 (83.53%) | loss: 2.403532 | lrm: 0.29 | dt: 5154.97ms | tok/sec: 203,410 | bf16_mfu: 49.11 | epoch: 1 pq: 108 rg: 40 | total time: 398.63m | eta: 78.8m
step 04652/05568 (83.55%) | loss: 2.417172 | lrm: 0.29 | dt: 5857.53ms | tok/sec: 179,013 | bf16_mfu: 43.22 | epoch: 1 pq: 108 rg: 42 | total time: 398.73m | eta: 78.7m
step 04653/05568 (83.57%) | loss: 2.422176 | lrm: 0.29 | dt: 5107.62ms | tok/sec: 205,296 | bf16_mfu: 49.56 | epoch: 1 pq: 108 rg: 44 | total time: 398.81m | eta: 78.6m
step 04654/05568 (83.58%) | loss: 2.417152 | lrm: 0.29 | dt: 5170.64ms | tok/sec: 202,794 | bf16_mfu: 48.96 | epoch: 1 pq: 108 rg: 46 | total time: 398.90m | eta: 78.5m
step 04655/05568 (83.60%) | loss: 2.402740 | lrm: 0.29 | dt: 5146.91ms | tok/sec: 203,729 | bf16_mfu: 49.18 | epoch: 1 pq: 108 rg: 48 | total time: 398.99m | eta: 78.4m
step 04656/05568 (83.62%) | loss: 2.407705 | lrm: 0.29 | dt: 5235.11ms | tok/sec: 200,296 | bf16_mfu: 48.36 | epoch: 1 pq: 108 rg: 50 | total time: 399.07m | eta: 78.3m
step 04657/05568 (83.64%) | loss: 2.415236 | lrm: 0.29 | dt: 5152.30ms | tok/sec: 203,515 | bf16_mfu: 49.13 | epoch: 1 pq: 108 rg: 52 | total time: 399.16m | eta: 78.3m
step 04658/05568 (83.66%) | loss: 2.406956 | lrm: 0.29 | dt: 5231.56ms | tok/sec: 200,432 | bf16_mfu: 48.39 | epoch: 1 pq: 108 rg: 54 | total time: 399.25m | eta: 78.2m
step 04659/05568 (83.67%) | loss: 2.418499 | lrm: 0.29 | dt: 5256.22ms | tok/sec: 199,492 | bf16_mfu: 48.16 | epoch: 1 pq: 108 rg: 56 | total time: 399.33m | eta: 78.1m
step 04660/05568 (83.69%) | loss: 2.407105 | lrm: 0.29 | dt: 5137.00ms | tok/sec: 204,122 | bf16_mfu: 49.28 | epoch: 1 pq: 108 rg: 58 | total time: 399.42m | eta: 78.0m
step 04661/05568 (83.71%) | loss: 2.388990 | lrm: 0.29 | dt: 5121.47ms | tok/sec: 204,741 | bf16_mfu: 49.43 | epoch: 1 pq: 108 rg: 60 | total time: 399.50m | eta: 77.9m
step 04662/05568 (83.73%) | loss: 2.391991 | lrm: 0.29 | dt: 5116.75ms | tok/sec: 204,930 | bf16_mfu: 49.47 | epoch: 1 pq: 108 rg: 62 | total time: 399.59m | eta: 77.8m
step 04663/05568 (83.75%) | loss: 2.390306 | lrm: 0.29 | dt: 5119.96ms | tok/sec: 204,801 | bf16_mfu: 49.44 | epoch: 1 pq: 108 rg: 64 | total time: 399.67m | eta: 77.7m
step 04664/05568 (83.76%) | loss: 2.389980 | lrm: 0.29 | dt: 5115.05ms | tok/sec: 204,998 | bf16_mfu: 49.49 | epoch: 1 pq: 108 rg: 66 | total time: 399.76m | eta: 77.6m
step 04665/05568 (83.78%) | loss: 2.390818 | lrm: 0.29 | dt: 5187.96ms | tok/sec: 202,117 | bf16_mfu: 48.79 | epoch: 1 pq: 108 rg: 68 | total time: 399.85m | eta: 77.6m
step 04666/05568 (83.80%) | loss: 2.401461 | lrm: 0.29 | dt: 5161.56ms | tok/sec: 203,150 | bf16_mfu: 49.04 | epoch: 1 pq: 108 rg: 70 | total time: 399.93m | eta: 77.5m
step 04667/05568 (83.82%) | loss: 2.389255 | lrm: 0.29 | dt: 5227.25ms | tok/sec: 200,597 | bf16_mfu: 48.43 | epoch: 1 pq: 108 rg: 72 | total time: 400.02m | eta: 77.4m
step 04668/05568 (83.84%) | loss: 2.396472 | lrm: 0.29 | dt: 5152.11ms | tok/sec: 203,523 | bf16_mfu: 49.13 | epoch: 1 pq: 108 rg: 74 | total time: 400.11m | eta: 77.3m
step 04669/05568 (83.85%) | loss: 2.392685 | lrm: 0.29 | dt: 5218.25ms | tok/sec: 200,944 | bf16_mfu: 48.51 | epoch: 1 pq: 108 rg: 76 | total time: 400.19m | eta: 77.2m
step 04670/05568 (83.87%) | loss: 2.399271 | lrm: 0.29 | dt: 5163.73ms | tok/sec: 203,065 | bf16_mfu: 49.02 | epoch: 1 pq: 108 rg: 78 | total time: 400.28m | eta: 77.1m
step 04671/05568 (83.89%) | loss: 2.387385 | lrm: 0.29 | dt: 5180.30ms | tok/sec: 202,416 | bf16_mfu: 48.87 | epoch: 1 pq: 108 rg: 78 | total time: 400.36m | eta: 77.0m
step 04672/05568 (83.91%) | loss: 2.394894 | lrm: 0.29 | dt: 5154.01ms | tok/sec: 203,448 | bf16_mfu: 49.12 | epoch: 1 pq: 108 rg: 80 | total time: 400.45m | eta: 77.0m
step 04673/05568 (83.93%) | loss: 2.403640 | lrm: 0.28 | dt: 5169.60ms | tok/sec: 202,834 | bf16_mfu: 48.97 | epoch: 1 pq: 108 rg: 82 | total time: 400.54m | eta: 76.9m
step 04674/05568 (83.94%) | loss: 2.403630 | lrm: 0.28 | dt: 5503.37ms | tok/sec: 190,533 | bf16_mfu: 46.00 | epoch: 1 pq: 109 rg: 0 | total time: 400.63m | eta: 76.8m
step 04675/05568 (83.96%) | loss: 2.407576 | lrm: 0.28 | dt: 5107.05ms | tok/sec: 205,319 | bf16_mfu: 49.57 | epoch: 1 pq: 109 rg: 2 | total time: 400.71m | eta: 76.7m
step 04676/05568 (83.98%) | loss: 2.398878 | lrm: 0.28 | dt: 5119.22ms | tok/sec: 204,831 | bf16_mfu: 49.45 | epoch: 1 pq: 109 rg: 4 | total time: 400.80m | eta: 76.6m
step 04677/05568 (84.00%) | loss: 2.379573 | lrm: 0.28 | dt: 5138.28ms | tok/sec: 204,071 | bf16_mfu: 49.27 | epoch: 1 pq: 109 rg: 6 | total time: 400.88m | eta: 76.5m
step 04678/05568 (84.02%) | loss: 2.367800 | lrm: 0.28 | dt: 5168.18ms | tok/sec: 202,890 | bf16_mfu: 48.98 | epoch: 1 pq: 109 rg: 8 | total time: 400.97m | eta: 76.4m
step 04679/05568 (84.03%) | loss: 2.374498 | lrm: 0.28 | dt: 5184.20ms | tok/sec: 202,263 | bf16_mfu: 48.83 | epoch: 1 pq: 109 rg: 10 | total time: 401.06m | eta: 76.4m
step 04680/05568 (84.05%) | loss: 2.366972 | lrm: 0.28 | dt: 5170.18ms | tok/sec: 202,812 | bf16_mfu: 48.96 | epoch: 1 pq: 109 rg: 12 | total time: 401.14m | eta: 76.3m
step 04681/05568 (84.07%) | loss: 2.369059 | lrm: 0.28 | dt: 5125.77ms | tok/sec: 204,569 | bf16_mfu: 49.39 | epoch: 1 pq: 109 rg: 14 | total time: 401.23m | eta: 76.2m
step 04682/05568 (84.09%) | loss: 2.381560 | lrm: 0.28 | dt: 5182.25ms | tok/sec: 202,340 | bf16_mfu: 48.85 | epoch: 1 pq: 109 rg: 16 | total time: 401.32m | eta: 76.1m
step 04683/05568 (84.11%) | loss: 2.388883 | lrm: 0.28 | dt: 5170.44ms | tok/sec: 202,802 | bf16_mfu: 48.96 | epoch: 1 pq: 109 rg: 18 | total time: 401.40m | eta: 76.0m
step 04684/05568 (84.12%) | loss: 2.373554 | lrm: 0.28 | dt: 5139.79ms | tok/sec: 204,011 | bf16_mfu: 49.25 | epoch: 1 pq: 109 rg: 20 | total time: 401.49m | eta: 75.9m
step 04685/05568 (84.14%) | loss: 2.386245 | lrm: 0.28 | dt: 5392.56ms | tok/sec: 194,448 | bf16_mfu: 46.94 | epoch: 1 pq: 109 rg: 22 | total time: 401.58m | eta: 75.8m
step 04686/05568 (84.16%) | loss: 2.384586 | lrm: 0.28 | dt: 5196.48ms | tok/sec: 201,785 | bf16_mfu: 48.71 | epoch: 1 pq: 109 rg: 24 | total time: 401.66m | eta: 75.8m
step 04687/05568 (84.18%) | loss: 2.373552 | lrm: 0.28 | dt: 5170.53ms | tok/sec: 202,798 | bf16_mfu: 48.96 | epoch: 1 pq: 109 rg: 26 | total time: 401.75m | eta: 75.7m
step 04688/05568 (84.20%) | loss: 2.374672 | lrm: 0.28 | dt: 5159.69ms | tok/sec: 203,224 | bf16_mfu: 49.06 | epoch: 1 pq: 109 rg: 28 | total time: 401.84m | eta: 75.6m
step 04689/05568 (84.21%) | loss: 2.372296 | lrm: 0.28 | dt: 5113.03ms | tok/sec: 205,079 | bf16_mfu: 49.51 | epoch: 1 pq: 109 rg: 30 | total time: 401.92m | eta: 75.5m
step 04690/05568 (84.23%) | loss: 2.372620 | lrm: 0.28 | dt: 5401.28ms | tok/sec: 194,134 | bf16_mfu: 46.87 | epoch: 1 pq: 109 rg: 32 | total time: 402.01m | eta: 75.4m
step 04691/05568 (84.25%) | loss: 2.381823 | lrm: 0.28 | dt: 5209.00ms | tok/sec: 201,300 | bf16_mfu: 48.60 | epoch: 1 pq: 109 rg: 34 | total time: 402.10m | eta: 75.3m
step 04692/05568 (84.27%) | loss: 2.385065 | lrm: 0.28 | dt: 5155.96ms | tok/sec: 203,371 | bf16_mfu: 49.10 | epoch: 1 pq: 109 rg: 36 | total time: 402.18m | eta: 75.2m
step 04693/05568 (84.29%) | loss: 2.375758 | lrm: 0.28 | dt: 5121.23ms | tok/sec: 204,750 | bf16_mfu: 49.43 | epoch: 1 pq: 109 rg: 38 | total time: 402.27m | eta: 75.2m
step 04694/05568 (84.30%) | loss: 2.380135 | lrm: 0.28 | dt: 5101.58ms | tok/sec: 205,539 | bf16_mfu: 49.62 | epoch: 1 pq: 109 rg: 40 | total time: 402.35m | eta: 75.1m
step 04695/05568 (84.32%) | loss: 2.376594 | lrm: 0.28 | dt: 5119.66ms | tok/sec: 204,813 | bf16_mfu: 49.45 | epoch: 1 pq: 109 rg: 42 | total time: 402.44m | eta: 75.0m
step 04696/05568 (84.34%) | loss: 2.374223 | lrm: 0.28 | dt: 5179.57ms | tok/sec: 202,444 | bf16_mfu: 48.87 | epoch: 1 pq: 109 rg: 44 | total time: 402.53m | eta: 74.9m
step 04697/05568 (84.36%) | loss: 2.372498 | lrm: 0.28 | dt: 5166.56ms | tok/sec: 202,954 | bf16_mfu: 49.00 | epoch: 1 pq: 109 rg: 46 | total time: 402.61m | eta: 74.8m
step 04698/05568 (84.38%) | loss: 2.375813 | lrm: 0.28 | dt: 5184.23ms | tok/sec: 202,262 | bf16_mfu: 48.83 | epoch: 1 pq: 109 rg: 48 | total time: 402.70m | eta: 74.7m
step 04699/05568 (84.39%) | loss: 2.380059 | lrm: 0.28 | dt: 5185.68ms | tok/sec: 202,205 | bf16_mfu: 48.82 | epoch: 1 pq: 109 rg: 50 | total time: 402.78m | eta: 74.6m
step 04700/05568 (84.41%) | loss: 2.403682 | lrm: 0.28 | dt: 5113.42ms | tok/sec: 205,063 | bf16_mfu: 49.51 | epoch: 1 pq: 109 rg: 52 | total time: 402.87m | eta: 74.6m
step 04701/05568 (84.43%) | loss: 2.408282 | lrm: 0.28 | dt: 5119.33ms | tok/sec: 204,826 | bf16_mfu: 49.45 | epoch: 1 pq: 109 rg: 54 | total time: 402.96m | eta: 74.5m
step 04702/05568 (84.45%) | loss: 2.396259 | lrm: 0.28 | dt: 5113.46ms | tok/sec: 205,061 | bf16_mfu: 49.51 | epoch: 1 pq: 109 rg: 56 | total time: 403.04m | eta: 74.4m
step 04703/05568 (84.46%) | loss: 2.398469 | lrm: 0.28 | dt: 5123.12ms | tok/sec: 204,675 | bf16_mfu: 49.41 | epoch: 1 pq: 109 rg: 58 | total time: 403.13m | eta: 74.3m
step 04704/05568 (84.48%) | loss: 2.388577 | lrm: 0.28 | dt: 5159.18ms | tok/sec: 203,244 | bf16_mfu: 49.07 | epoch: 1 pq: 109 rg: 60 | total time: 403.21m | eta: 74.2m
step 04705/05568 (84.50%) | loss: 2.373247 | lrm: 0.28 | dt: 5135.09ms | tok/sec: 204,198 | bf16_mfu: 49.30 | epoch: 1 pq: 109 rg: 60 | total time: 403.30m | eta: 74.1m
step 04706/05568 (84.52%) | loss: 2.381233 | lrm: 0.28 | dt: 5268.86ms | tok/sec: 199,013 | bf16_mfu: 48.05 | epoch: 1 pq: 109 rg: 62 | total time: 403.39m | eta: 74.0m
step 04707/05568 (84.54%) | loss: 2.384524 | lrm: 0.28 | dt: 5142.99ms | tok/sec: 203,884 | bf16_mfu: 49.22 | epoch: 1 pq: 109 rg: 64 | total time: 403.47m | eta: 74.0m
step 04708/05568 (84.55%) | loss: 2.370612 | lrm: 0.28 | dt: 5136.79ms | tok/sec: 204,130 | bf16_mfu: 49.28 | epoch: 1 pq: 109 rg: 66 | total time: 403.56m | eta: 73.9m
step 04709/05568 (84.57%) | loss: 2.364880 | lrm: 0.28 | dt: 5269.79ms | tok/sec: 198,978 | bf16_mfu: 48.04 | epoch: 1 pq: 109 rg: 68 | total time: 403.64m | eta: 73.8m
step 04710/05568 (84.59%) | loss: 2.374033 | lrm: 0.28 | dt: 5115.04ms | tok/sec: 204,998 | bf16_mfu: 49.49 | epoch: 1 pq: 109 rg: 70 | total time: 403.73m | eta: 73.7m
step 04711/05568 (84.61%) | loss: 2.379816 | lrm: 0.27 | dt: 5238.56ms | tok/sec: 200,164 | bf16_mfu: 48.32 | epoch: 1 pq: 109 rg: 72 | total time: 403.82m | eta: 73.6m
step 04712/05568 (84.63%) | loss: 2.359466 | lrm: 0.27 | dt: 5177.21ms | tok/sec: 202,536 | bf16_mfu: 48.90 | epoch: 1 pq: 109 rg: 74 | total time: 403.90m | eta: 73.5m
step 04713/05568 (84.64%) | loss: 2.362005 | lrm: 0.27 | dt: 5165.28ms | tok/sec: 203,004 | bf16_mfu: 49.01 | epoch: 1 pq: 109 rg: 76 | total time: 403.99m | eta: 73.4m
step 04714/05568 (84.66%) | loss: 2.360931 | lrm: 0.27 | dt: 5108.40ms | tok/sec: 205,265 | bf16_mfu: 49.55 | epoch: 1 pq: 109 rg: 78 | total time: 404.07m | eta: 73.4m
step 04715/05568 (84.68%) | loss: 2.367647 | lrm: 0.27 | dt: 5151.26ms | tok/sec: 203,557 | bf16_mfu: 49.14 | epoch: 1 pq: 109 rg: 80 | total time: 404.16m | eta: 73.3m
step 04716/05568 (84.70%) | loss: 2.376504 | lrm: 0.27 | dt: 5165.65ms | tok/sec: 202,990 | bf16_mfu: 49.01 | epoch: 1 pq: 109 rg: 82 | total time: 404.25m | eta: 73.2m
step 04717/05568 (84.72%) | loss: 2.353024 | lrm: 0.27 | dt: 5187.96ms | tok/sec: 202,117 | bf16_mfu: 48.79 | epoch: 1 pq: 110 rg: 0 | total time: 404.33m | eta: 73.1m
step 04718/05568 (84.73%) | loss: 2.380658 | lrm: 0.27 | dt: 5176.39ms | tok/sec: 202,569 | bf16_mfu: 48.90 | epoch: 1 pq: 110 rg: 2 | total time: 404.42m | eta: 73.0m
step 04719/05568 (84.75%) | loss: 2.403238 | lrm: 0.27 | dt: 5143.46ms | tok/sec: 203,865 | bf16_mfu: 49.22 | epoch: 1 pq: 110 rg: 4 | total time: 404.50m | eta: 72.9m
step 04720/05568 (84.77%) | loss: 2.414057 | lrm: 0.27 | dt: 5114.67ms | tok/sec: 205,013 | bf16_mfu: 49.49 | epoch: 1 pq: 110 rg: 6 | total time: 404.59m | eta: 72.8m
step 04721/05568 (84.79%) | loss: 2.419412 | lrm: 0.27 | dt: 5137.96ms | tok/sec: 204,084 | bf16_mfu: 49.27 | epoch: 1 pq: 110 rg: 8 | total time: 404.68m | eta: 72.8m
step 04722/05568 (84.81%) | loss: 2.417357 | lrm: 0.27 | dt: 5176.73ms | tok/sec: 202,555 | bf16_mfu: 48.90 | epoch: 1 pq: 110 rg: 10 | total time: 404.76m | eta: 72.7m
step 04723/05568 (84.82%) | loss: 2.432360 | lrm: 0.27 | dt: 5140.15ms | tok/sec: 203,997 | bf16_mfu: 49.25 | epoch: 1 pq: 110 rg: 12 | total time: 404.85m | eta: 72.6m
step 04724/05568 (84.84%) | loss: 2.434760 | lrm: 0.27 | dt: 5141.97ms | tok/sec: 203,925 | bf16_mfu: 49.23 | epoch: 1 pq: 110 rg: 14 | total time: 404.93m | eta: 72.5m
step 04725/05568 (84.86%) | loss: 2.435527 | lrm: 0.27 | dt: 5137.27ms | tok/sec: 204,111 | bf16_mfu: 49.28 | epoch: 1 pq: 110 rg: 16 | total time: 405.02m | eta: 72.4m
step 04726/05568 (84.88%) | loss: 2.428776 | lrm: 0.27 | dt: 5134.65ms | tok/sec: 204,215 | bf16_mfu: 49.30 | epoch: 1 pq: 110 rg: 18 | total time: 405.10m | eta: 72.3m
step 04727/05568 (84.90%) | loss: 2.429829 | lrm: 0.27 | dt: 5163.12ms | tok/sec: 203,089 | bf16_mfu: 49.03 | epoch: 1 pq: 110 rg: 20 | total time: 405.19m | eta: 72.2m
step 04728/05568 (84.91%) | loss: 2.432372 | lrm: 0.27 | dt: 5121.66ms | tok/sec: 204,733 | bf16_mfu: 49.43 | epoch: 1 pq: 110 rg: 22 | total time: 405.28m | eta: 72.2m
step 04729/05568 (84.93%) | loss: 2.420614 | lrm: 0.27 | dt: 5108.78ms | tok/sec: 205,249 | bf16_mfu: 49.55 | epoch: 1 pq: 110 rg: 24 | total time: 405.36m | eta: 72.1m
step 04730/05568 (84.95%) | loss: 2.422665 | lrm: 0.27 | dt: 5129.87ms | tok/sec: 204,405 | bf16_mfu: 49.35 | epoch: 1 pq: 110 rg: 26 | total time: 405.45m | eta: 72.0m
step 04731/05568 (84.97%) | loss: 2.412067 | lrm: 0.27 | dt: 5172.14ms | tok/sec: 202,735 | bf16_mfu: 48.94 | epoch: 1 pq: 110 rg: 28 | total time: 405.53m | eta: 71.9m
step 04732/05568 (84.99%) | loss: 2.412423 | lrm: 0.27 | dt: 5144.99ms | tok/sec: 203,805 | bf16_mfu: 49.20 | epoch: 1 pq: 110 rg: 30 | total time: 405.62m | eta: 71.8m
step 04733/05568 (85.00%) | loss: 2.405300 | lrm: 0.27 | dt: 5127.46ms | tok/sec: 204,502 | bf16_mfu: 49.37 | epoch: 1 pq: 110 rg: 32 | total time: 405.70m | eta: 71.7m
step 04734/05568 (85.02%) | loss: 2.402356 | lrm: 0.27 | dt: 5128.52ms | tok/sec: 204,459 | bf16_mfu: 49.36 | epoch: 1 pq: 110 rg: 34 | total time: 405.79m | eta: 71.6m
step 04735/05568 (85.04%) | loss: 2.417899 | lrm: 0.27 | dt: 5130.70ms | tok/sec: 204,372 | bf16_mfu: 49.34 | epoch: 1 pq: 110 rg: 36 | total time: 405.88m | eta: 71.6m
step 04736/05568 (85.06%) | loss: 2.413512 | lrm: 0.27 | dt: 5181.50ms | tok/sec: 202,369 | bf16_mfu: 48.86 | epoch: 1 pq: 110 rg: 38 | total time: 405.96m | eta: 71.5m
step 04737/05568 (85.08%) | loss: 2.411316 | lrm: 0.27 | dt: 5242.27ms | tok/sec: 200,023 | bf16_mfu: 48.29 | epoch: 1 pq: 110 rg: 40 | total time: 406.05m | eta: 71.4m
step 04738/05568 (85.09%) | loss: 2.420120 | lrm: 0.27 | dt: 5149.33ms | tok/sec: 203,633 | bf16_mfu: 49.16 | epoch: 1 pq: 110 rg: 42 | total time: 406.13m | eta: 71.3m
step 04739/05568 (85.11%) | loss: 2.423397 | lrm: 0.27 | dt: 5204.21ms | tok/sec: 201,486 | bf16_mfu: 48.64 | epoch: 1 pq: 110 rg: 44 | total time: 406.22m | eta: 71.2m
step 04740/05568 (85.13%) | loss: 2.420589 | lrm: 0.27 | dt: 5149.10ms | tok/sec: 203,642 | bf16_mfu: 49.16 | epoch: 1 pq: 110 rg: 44 | total time: 406.31m | eta: 71.1m
step 04741/05568 (85.15%) | loss: 2.414605 | lrm: 0.27 | dt: 5128.54ms | tok/sec: 204,459 | bf16_mfu: 49.36 | epoch: 1 pq: 110 rg: 46 | total time: 406.39m | eta: 71.0m
step 04742/05568 (85.17%) | loss: 2.401593 | lrm: 0.27 | dt: 5242.23ms | tok/sec: 200,024 | bf16_mfu: 48.29 | epoch: 1 pq: 110 rg: 48 | total time: 406.48m | eta: 71.0m
step 04743/05568 (85.18%) | loss: 2.409917 | lrm: 0.27 | dt: 5208.36ms | tok/sec: 201,325 | bf16_mfu: 48.60 | epoch: 1 pq: 110 rg: 50 | total time: 406.57m | eta: 70.9m
step 04744/05568 (85.20%) | loss: 2.422375 | lrm: 0.27 | dt: 5160.16ms | tok/sec: 203,205 | bf16_mfu: 49.06 | epoch: 1 pq: 110 rg: 52 | total time: 406.65m | eta: 70.8m
step 04745/05568 (85.22%) | loss: 2.425688 | lrm: 0.27 | dt: 5142.77ms | tok/sec: 203,893 | bf16_mfu: 49.22 | epoch: 1 pq: 110 rg: 54 | total time: 406.74m | eta: 70.7m
step 04746/05568 (85.24%) | loss: 2.437023 | lrm: 0.27 | dt: 5119.78ms | tok/sec: 204,808 | bf16_mfu: 49.44 | epoch: 1 pq: 110 rg: 56 | total time: 406.82m | eta: 70.6m
step 04747/05568 (85.26%) | loss: 2.426092 | lrm: 0.27 | dt: 5144.30ms | tok/sec: 203,832 | bf16_mfu: 49.21 | epoch: 1 pq: 110 rg: 58 | total time: 406.91m | eta: 70.5m
step 04748/05568 (85.27%) | loss: 2.416517 | lrm: 0.27 | dt: 5155.14ms | tok/sec: 203,404 | bf16_mfu: 49.11 | epoch: 1 pq: 110 rg: 60 | total time: 407.00m | eta: 70.4m
step 04749/05568 (85.29%) | loss: 2.412902 | lrm: 0.26 | dt: 5249.12ms | tok/sec: 199,762 | bf16_mfu: 48.23 | epoch: 1 pq: 110 rg: 62 | total time: 407.08m | eta: 70.4m
Step 04750 | Validation bpb: 0.730599
step 04750/05568 (85.31%) | loss: 2.418057 | lrm: 0.26 | dt: 6187.05ms | tok/sec: 169,479 | bf16_mfu: 40.92 | epoch: 1 pq: 110 rg: 64 | total time: 407.19m | eta: 70.3m
step 04751/05568 (85.33%) | loss: 2.423436 | lrm: 0.26 | dt: 5187.80ms | tok/sec: 202,123 | bf16_mfu: 48.80 | epoch: 1 pq: 110 rg: 66 | total time: 407.27m | eta: 70.2m
step 04752/05568 (85.34%) | loss: 2.417930 | lrm: 0.26 | dt: 5160.26ms | tok/sec: 203,202 | bf16_mfu: 49.06 | epoch: 1 pq: 110 rg: 68 | total time: 407.36m | eta: 70.1m
step 04753/05568 (85.36%) | loss: 2.419655 | lrm: 0.26 | dt: 5159.85ms | tok/sec: 203,218 | bf16_mfu: 49.06 | epoch: 1 pq: 110 rg: 70 | total time: 407.44m | eta: 70.0m
step 04754/05568 (85.38%) | loss: 2.413573 | lrm: 0.26 | dt: 5883.79ms | tok/sec: 178,214 | bf16_mfu: 43.02 | epoch: 1 pq: 110 rg: 72 | total time: 407.54m | eta: 69.9m
step 04755/05568 (85.40%) | loss: 2.381691 | lrm: 0.26 | dt: 5094.60ms | tok/sec: 205,820 | bf16_mfu: 49.69 | epoch: 1 pq: 110 rg: 74 | total time: 407.63m | eta: 69.8m
step 04756/05568 (85.42%) | loss: 2.390207 | lrm: 0.26 | dt: 5222.18ms | tok/sec: 200,792 | bf16_mfu: 48.47 | epoch: 1 pq: 110 rg: 76 | total time: 407.71m | eta: 69.8m
step 04757/05568 (85.43%) | loss: 2.397027 | lrm: 0.26 | dt: 5108.50ms | tok/sec: 205,261 | bf16_mfu: 49.55 | epoch: 1 pq: 110 rg: 78 | total time: 407.80m | eta: 69.7m
step 04758/05568 (85.45%) | loss: 2.430680 | lrm: 0.26 | dt: 5197.75ms | tok/sec: 201,736 | bf16_mfu: 48.70 | epoch: 1 pq: 110 rg: 80 | total time: 407.89m | eta: 69.6m
step 04759/05568 (85.47%) | loss: 2.438361 | lrm: 0.26 | dt: 5198.59ms | tok/sec: 201,704 | bf16_mfu: 48.69 | epoch: 1 pq: 110 rg: 82 | total time: 407.97m | eta: 69.5m
step 04760/05568 (85.49%) | loss: 2.433246 | lrm: 0.26 | dt: 5439.41ms | tok/sec: 192,773 | bf16_mfu: 46.54 | epoch: 1 pq: 111 rg: 0 | total time: 408.06m | eta: 69.4m
step 04761/05568 (85.51%) | loss: 2.421664 | lrm: 0.26 | dt: 5163.41ms | tok/sec: 203,078 | bf16_mfu: 49.03 | epoch: 1 pq: 111 rg: 2 | total time: 408.15m | eta: 69.3m
step 04762/05568 (85.52%) | loss: 2.405839 | lrm: 0.26 | dt: 5184.72ms | tok/sec: 202,243 | bf16_mfu: 48.82 | epoch: 1 pq: 111 rg: 4 | total time: 408.24m | eta: 69.2m
step 04763/05568 (85.54%) | loss: 2.413265 | lrm: 0.26 | dt: 5156.70ms | tok/sec: 203,342 | bf16_mfu: 49.09 | epoch: 1 pq: 111 rg: 6 | total time: 408.32m | eta: 69.2m
step 04764/05568 (85.56%) | loss: 2.414744 | lrm: 0.26 | dt: 5194.69ms | tok/sec: 201,855 | bf16_mfu: 48.73 | epoch: 1 pq: 111 rg: 8 | total time: 408.41m | eta: 69.1m
step 04765/05568 (85.58%) | loss: 2.412234 | lrm: 0.26 | dt: 5128.00ms | tok/sec: 204,480 | bf16_mfu: 49.37 | epoch: 1 pq: 111 rg: 10 | total time: 408.49m | eta: 69.0m
step 04766/05568 (85.60%) | loss: 2.398838 | lrm: 0.26 | dt: 5144.87ms | tok/sec: 203,810 | bf16_mfu: 49.20 | epoch: 1 pq: 111 rg: 12 | total time: 408.58m | eta: 68.9m
step 04767/05568 (85.61%) | loss: 2.385464 | lrm: 0.26 | dt: 5148.16ms | tok/sec: 203,679 | bf16_mfu: 49.17 | epoch: 1 pq: 111 rg: 14 | total time: 408.67m | eta: 68.8m
step 04768/05568 (85.63%) | loss: 2.376579 | lrm: 0.26 | dt: 5193.77ms | tok/sec: 201,891 | bf16_mfu: 48.74 | epoch: 1 pq: 111 rg: 16 | total time: 408.75m | eta: 68.7m
step 04769/05568 (85.65%) | loss: 2.367242 | lrm: 0.26 | dt: 5150.59ms | tok/sec: 203,583 | bf16_mfu: 49.15 | epoch: 1 pq: 111 rg: 18 | total time: 408.84m | eta: 68.6m
step 04770/05568 (85.67%) | loss: 2.381838 | lrm: 0.26 | dt: 5181.10ms | tok/sec: 202,384 | bf16_mfu: 48.86 | epoch: 1 pq: 111 rg: 18 | total time: 408.92m | eta: 68.6m
step 04771/05568 (85.69%) | loss: 2.376115 | lrm: 0.26 | dt: 5147.10ms | tok/sec: 203,721 | bf16_mfu: 49.18 | epoch: 1 pq: 111 rg: 20 | total time: 409.01m | eta: 68.5m
step 04772/05568 (85.70%) | loss: 2.393305 | lrm: 0.26 | dt: 5179.76ms | tok/sec: 202,437 | bf16_mfu: 48.87 | epoch: 1 pq: 111 rg: 22 | total time: 409.10m | eta: 68.4m
step 04773/05568 (85.72%) | loss: 2.400238 | lrm: 0.26 | dt: 5175.90ms | tok/sec: 202,588 | bf16_mfu: 48.91 | epoch: 1 pq: 111 rg: 24 | total time: 409.18m | eta: 68.3m
step 04774/05568 (85.74%) | loss: 2.376302 | lrm: 0.26 | dt: 5180.58ms | tok/sec: 202,405 | bf16_mfu: 48.86 | epoch: 1 pq: 111 rg: 26 | total time: 409.27m | eta: 68.2m
step 04775/05568 (85.76%) | loss: 2.359057 | lrm: 0.26 | dt: 5183.55ms | tok/sec: 202,289 | bf16_mfu: 48.84 | epoch: 1 pq: 111 rg: 28 | total time: 409.36m | eta: 68.1m
step 04776/05568 (85.78%) | loss: 2.366283 | lrm: 0.26 | dt: 5162.43ms | tok/sec: 203,116 | bf16_mfu: 49.04 | epoch: 1 pq: 111 rg: 30 | total time: 409.44m | eta: 68.0m
step 04777/05568 (85.79%) | loss: 2.359748 | lrm: 0.26 | dt: 5143.69ms | tok/sec: 203,856 | bf16_mfu: 49.21 | epoch: 1 pq: 111 rg: 32 | total time: 409.53m | eta: 68.0m
step 04778/05568 (85.81%) | loss: 2.364572 | lrm: 0.26 | dt: 5148.24ms | tok/sec: 203,676 | bf16_mfu: 49.17 | epoch: 1 pq: 111 rg: 34 | total time: 409.61m | eta: 67.9m
step 04779/05568 (85.83%) | loss: 2.346338 | lrm: 0.26 | dt: 5168.79ms | tok/sec: 202,866 | bf16_mfu: 48.98 | epoch: 1 pq: 111 rg: 36 | total time: 409.70m | eta: 67.8m
step 04780/05568 (85.85%) | loss: 2.358398 | lrm: 0.26 | dt: 5148.26ms | tok/sec: 203,675 | bf16_mfu: 49.17 | epoch: 1 pq: 111 rg: 38 | total time: 409.79m | eta: 67.7m
step 04781/05568 (85.87%) | loss: 2.379236 | lrm: 0.26 | dt: 5200.58ms | tok/sec: 201,626 | bf16_mfu: 48.68 | epoch: 1 pq: 111 rg: 40 | total time: 409.87m | eta: 67.6m
step 04782/05568 (85.88%) | loss: 2.373451 | lrm: 0.26 | dt: 5193.14ms | tok/sec: 201,915 | bf16_mfu: 48.75 | epoch: 1 pq: 111 rg: 42 | total time: 409.96m | eta: 67.5m
step 04783/05568 (85.90%) | loss: 2.356476 | lrm: 0.26 | dt: 5124.52ms | tok/sec: 204,619 | bf16_mfu: 49.40 | epoch: 1 pq: 111 rg: 44 | total time: 410.04m | eta: 67.4m
step 04784/05568 (85.92%) | loss: 2.356554 | lrm: 0.26 | dt: 5171.96ms | tok/sec: 202,742 | bf16_mfu: 48.95 | epoch: 1 pq: 111 rg: 46 | total time: 410.13m | eta: 67.4m
step 04785/05568 (85.94%) | loss: 2.367666 | lrm: 0.26 | dt: 5353.48ms | tok/sec: 195,868 | bf16_mfu: 47.29 | epoch: 1 pq: 111 rg: 48 | total time: 410.22m | eta: 67.3m
step 04786/05568 (85.96%) | loss: 2.370869 | lrm: 0.26 | dt: 5169.28ms | tok/sec: 202,847 | bf16_mfu: 48.97 | epoch: 1 pq: 111 rg: 50 | total time: 410.31m | eta: 67.2m
step 04787/05568 (85.97%) | loss: 2.383605 | lrm: 0.26 | dt: 5508.02ms | tok/sec: 190,372 | bf16_mfu: 45.96 | epoch: 1 pq: 111 rg: 52 | total time: 410.40m | eta: 67.1m
step 04788/05568 (85.99%) | loss: 2.387077 | lrm: 0.25 | dt: 5179.11ms | tok/sec: 202,462 | bf16_mfu: 48.88 | epoch: 1 pq: 111 rg: 54 | total time: 410.48m | eta: 67.0m
step 04789/05568 (86.01%) | loss: 2.377598 | lrm: 0.25 | dt: 5152.76ms | tok/sec: 203,498 | bf16_mfu: 49.13 | epoch: 1 pq: 111 rg: 56 | total time: 410.57m | eta: 66.9m
step 04790/05568 (86.03%) | loss: 2.390502 | lrm: 0.25 | dt: 5185.86ms | tok/sec: 202,198 | bf16_mfu: 48.81 | epoch: 1 pq: 111 rg: 58 | total time: 410.66m | eta: 66.8m
step 04791/05568 (86.05%) | loss: 2.401277 | lrm: 0.25 | dt: 5151.80ms | tok/sec: 203,535 | bf16_mfu: 49.14 | epoch: 1 pq: 111 rg: 60 | total time: 410.74m | eta: 66.8m
step 04792/05568 (86.06%) | loss: 2.405863 | lrm: 0.25 | dt: 5166.82ms | tok/sec: 202,944 | bf16_mfu: 48.99 | epoch: 1 pq: 111 rg: 62 | total time: 410.83m | eta: 66.7m
step 04793/05568 (86.08%) | loss: 2.409896 | lrm: 0.25 | dt: 5214.47ms | tok/sec: 201,089 | bf16_mfu: 48.55 | epoch: 1 pq: 111 rg: 64 | total time: 410.91m | eta: 66.6m
step 04794/05568 (86.10%) | loss: 2.397328 | lrm: 0.25 | dt: 5170.36ms | tok/sec: 202,805 | bf16_mfu: 48.96 | epoch: 1 pq: 111 rg: 66 | total time: 411.00m | eta: 66.5m
step 04795/05568 (86.12%) | loss: 2.379172 | lrm: 0.25 | dt: 5215.63ms | tok/sec: 201,044 | bf16_mfu: 48.54 | epoch: 1 pq: 111 rg: 68 | total time: 411.09m | eta: 66.4m
step 04796/05568 (86.14%) | loss: 2.384297 | lrm: 0.25 | dt: 5162.29ms | tok/sec: 203,122 | bf16_mfu: 49.04 | epoch: 1 pq: 111 rg: 70 | total time: 411.17m | eta: 66.3m
step 04797/05568 (86.15%) | loss: 2.374563 | lrm: 0.25 | dt: 5208.78ms | tok/sec: 201,309 | bf16_mfu: 48.60 | epoch: 1 pq: 111 rg: 72 | total time: 411.26m | eta: 66.2m
step 04798/05568 (86.17%) | loss: 2.395185 | lrm: 0.25 | dt: 5179.09ms | tok/sec: 202,463 | bf16_mfu: 48.88 | epoch: 1 pq: 111 rg: 72 | total time: 411.35m | eta: 66.2m
step 04799/05568 (86.19%) | loss: 2.391816 | lrm: 0.25 | dt: 5264.62ms | tok/sec: 199,173 | bf16_mfu: 48.08 | epoch: 1 pq: 111 rg: 74 | total time: 411.43m | eta: 66.1m
step 04800/05568 (86.21%) | loss: 2.389742 | lrm: 0.25 | dt: 4863.40ms | tok/sec: 215,605 | bf16_mfu: 52.05 | epoch: 1 pq: 111 rg: 76 | total time: 411.52m | eta: 66.0m
step 04801/05568 (86.22%) | loss: 2.394963 | lrm: 0.25 | dt: 5017.42ms | tok/sec: 208,987 | bf16_mfu: 50.45 | epoch: 1 pq: 111 rg: 78 | total time: 411.60m | eta: 65.9m
step 04802/05568 (86.24%) | loss: 2.407277 | lrm: 0.25 | dt: 5056.74ms | tok/sec: 207,361 | bf16_mfu: 50.06 | epoch: 1 pq: 111 rg: 80 | total time: 411.68m | eta: 65.8m
step 04803/05568 (86.26%) | loss: 2.419940 | lrm: 0.25 | dt: 5121.20ms | tok/sec: 204,751 | bf16_mfu: 49.43 | epoch: 1 pq: 111 rg: 82 | total time: 411.77m | eta: 65.7m
step 04804/05568 (86.28%) | loss: 2.411053 | lrm: 0.25 | dt: 5101.46ms | tok/sec: 205,544 | bf16_mfu: 49.62 | epoch: 1 pq: 112 rg: 0 | total time: 411.85m | eta: 65.6m
step 04805/05568 (86.30%) | loss: 2.402423 | lrm: 0.25 | dt: 5226.41ms | tok/sec: 200,630 | bf16_mfu: 48.44 | epoch: 1 pq: 112 rg: 2 | total time: 411.94m | eta: 65.5m
step 04806/05568 (86.31%) | loss: 2.410680 | lrm: 0.25 | dt: 5144.61ms | tok/sec: 203,820 | bf16_mfu: 49.21 | epoch: 1 pq: 112 rg: 4 | total time: 412.03m | eta: 65.5m
step 04807/05568 (86.33%) | loss: 2.417624 | lrm: 0.25 | dt: 5145.12ms | tok/sec: 203,800 | bf16_mfu: 49.20 | epoch: 1 pq: 112 rg: 6 | total time: 412.11m | eta: 65.4m
step 04808/05568 (86.35%) | loss: 2.432013 | lrm: 0.25 | dt: 5117.20ms | tok/sec: 204,911 | bf16_mfu: 49.47 | epoch: 1 pq: 112 rg: 8 | total time: 412.20m | eta: 65.3m
step 04809/05568 (86.37%) | loss: 2.429786 | lrm: 0.25 | dt: 5159.80ms | tok/sec: 203,220 | bf16_mfu: 49.06 | epoch: 1 pq: 112 rg: 10 | total time: 412.28m | eta: 65.2m
step 04810/05568 (86.39%) | loss: 2.428405 | lrm: 0.25 | dt: 5134.84ms | tok/sec: 204,207 | bf16_mfu: 49.30 | epoch: 1 pq: 112 rg: 12 | total time: 412.37m | eta: 65.1m
step 04811/05568 (86.40%) | loss: 2.435059 | lrm: 0.25 | dt: 5178.63ms | tok/sec: 202,481 | bf16_mfu: 48.88 | epoch: 1 pq: 112 rg: 14 | total time: 412.46m | eta: 65.0m
step 04812/05568 (86.42%) | loss: 2.426969 | lrm: 0.25 | dt: 5128.57ms | tok/sec: 204,457 | bf16_mfu: 49.36 | epoch: 1 pq: 112 rg: 16 | total time: 412.54m | eta: 64.9m
step 04813/05568 (86.44%) | loss: 2.423126 | lrm: 0.25 | dt: 5114.75ms | tok/sec: 205,010 | bf16_mfu: 49.49 | epoch: 1 pq: 112 rg: 18 | total time: 412.63m | eta: 64.9m
step 04814/05568 (86.46%) | loss: 2.440483 | lrm: 0.25 | dt: 5154.04ms | tok/sec: 203,447 | bf16_mfu: 49.12 | epoch: 1 pq: 112 rg: 20 | total time: 412.71m | eta: 64.8m
step 04815/05568 (86.48%) | loss: 2.437884 | lrm: 0.25 | dt: 5158.95ms | tok/sec: 203,253 | bf16_mfu: 49.07 | epoch: 1 pq: 112 rg: 22 | total time: 412.80m | eta: 64.7m
step 04816/05568 (86.49%) | loss: 2.431501 | lrm: 0.25 | dt: 5134.84ms | tok/sec: 204,208 | bf16_mfu: 49.30 | epoch: 1 pq: 112 rg: 24 | total time: 412.88m | eta: 64.6m
step 04817/05568 (86.51%) | loss: 2.429103 | lrm: 0.25 | dt: 5132.13ms | tok/sec: 204,316 | bf16_mfu: 49.33 | epoch: 1 pq: 112 rg: 26 | total time: 412.97m | eta: 64.5m
step 04818/05568 (86.53%) | loss: 2.435688 | lrm: 0.25 | dt: 5131.21ms | tok/sec: 204,352 | bf16_mfu: 49.33 | epoch: 1 pq: 112 rg: 28 | total time: 413.05m | eta: 64.4m
step 04819/05568 (86.55%) | loss: 2.412024 | lrm: 0.25 | dt: 5140.27ms | tok/sec: 203,992 | bf16_mfu: 49.25 | epoch: 1 pq: 112 rg: 30 | total time: 413.14m | eta: 64.3m
step 04820/05568 (86.57%) | loss: 2.407312 | lrm: 0.25 | dt: 5123.03ms | tok/sec: 204,678 | bf16_mfu: 49.41 | epoch: 1 pq: 112 rg: 32 | total time: 413.23m | eta: 64.3m
step 04821/05568 (86.58%) | loss: 2.391575 | lrm: 0.25 | dt: 5113.52ms | tok/sec: 205,059 | bf16_mfu: 49.50 | epoch: 1 pq: 112 rg: 34 | total time: 413.31m | eta: 64.2m
step 04822/05568 (86.60%) | loss: 2.390624 | lrm: 0.25 | dt: 5101.02ms | tok/sec: 205,561 | bf16_mfu: 49.63 | epoch: 1 pq: 112 rg: 36 | total time: 413.40m | eta: 64.1m
step 04823/05568 (86.62%) | loss: 2.395894 | lrm: 0.25 | dt: 5152.42ms | tok/sec: 203,511 | bf16_mfu: 49.13 | epoch: 1 pq: 112 rg: 38 | total time: 413.48m | eta: 64.0m
step 04824/05568 (86.64%) | loss: 2.395419 | lrm: 0.25 | dt: 5133.84ms | tok/sec: 204,248 | bf16_mfu: 49.31 | epoch: 1 pq: 112 rg: 40 | total time: 413.57m | eta: 63.9m
step 04825/05568 (86.66%) | loss: 2.410898 | lrm: 0.25 | dt: 5107.26ms | tok/sec: 205,310 | bf16_mfu: 49.57 | epoch: 1 pq: 112 rg: 42 | total time: 413.65m | eta: 63.8m
step 04826/05568 (86.67%) | loss: 2.414667 | lrm: 0.24 | dt: 5138.48ms | tok/sec: 204,063 | bf16_mfu: 49.26 | epoch: 1 pq: 112 rg: 44 | total time: 413.74m | eta: 63.7m
step 04827/05568 (86.69%) | loss: 2.425694 | lrm: 0.24 | dt: 5251.10ms | tok/sec: 199,686 | bf16_mfu: 48.21 | epoch: 1 pq: 112 rg: 46 | total time: 413.83m | eta: 63.7m
step 04828/05568 (86.71%) | loss: 2.424047 | lrm: 0.24 | dt: 5138.10ms | tok/sec: 204,078 | bf16_mfu: 49.27 | epoch: 1 pq: 112 rg: 48 | total time: 413.91m | eta: 63.6m
step 04829/05568 (86.73%) | loss: 2.407790 | lrm: 0.24 | dt: 5113.44ms | tok/sec: 205,062 | bf16_mfu: 49.51 | epoch: 1 pq: 112 rg: 50 | total time: 414.00m | eta: 63.5m
step 04830/05568 (86.75%) | loss: 2.403881 | lrm: 0.24 | dt: 5132.75ms | tok/sec: 204,291 | bf16_mfu: 49.32 | epoch: 1 pq: 112 rg: 52 | total time: 414.08m | eta: 63.4m
step 04831/05568 (86.76%) | loss: 2.394517 | lrm: 0.24 | dt: 5164.03ms | tok/sec: 203,053 | bf16_mfu: 49.02 | epoch: 1 pq: 112 rg: 54 | total time: 414.17m | eta: 63.3m
step 04832/05568 (86.78%) | loss: 2.394369 | lrm: 0.24 | dt: 5233.26ms | tok/sec: 200,367 | bf16_mfu: 48.37 | epoch: 1 pq: 112 rg: 54 | total time: 414.26m | eta: 63.2m
step 04833/05568 (86.80%) | loss: 2.397342 | lrm: 0.24 | dt: 5152.16ms | tok/sec: 203,521 | bf16_mfu: 49.13 | epoch: 1 pq: 112 rg: 56 | total time: 414.34m | eta: 63.1m
step 04834/05568 (86.82%) | loss: 2.397455 | lrm: 0.24 | dt: 5142.43ms | tok/sec: 203,906 | bf16_mfu: 49.23 | epoch: 1 pq: 112 rg: 58 | total time: 414.43m | eta: 63.1m
step 04835/05568 (86.84%) | loss: 2.392804 | lrm: 0.24 | dt: 5184.20ms | tok/sec: 202,263 | bf16_mfu: 48.83 | epoch: 1 pq: 112 rg: 60 | total time: 414.51m | eta: 63.0m
step 04836/05568 (86.85%) | loss: 2.388237 | lrm: 0.24 | dt: 5167.92ms | tok/sec: 202,900 | bf16_mfu: 48.98 | epoch: 1 pq: 112 rg: 62 | total time: 414.60m | eta: 62.9m
step 04837/05568 (86.87%) | loss: 2.380018 | lrm: 0.24 | dt: 5152.56ms | tok/sec: 203,505 | bf16_mfu: 49.13 | epoch: 1 pq: 112 rg: 64 | total time: 414.69m | eta: 62.8m
step 04838/05568 (86.89%) | loss: 2.382517 | lrm: 0.24 | dt: 5147.45ms | tok/sec: 203,707 | bf16_mfu: 49.18 | epoch: 1 pq: 112 rg: 66 | total time: 414.77m | eta: 62.7m
step 04839/05568 (86.91%) | loss: 2.393120 | lrm: 0.24 | dt: 5176.10ms | tok/sec: 202,580 | bf16_mfu: 48.91 | epoch: 1 pq: 112 rg: 68 | total time: 414.86m | eta: 62.6m
step 04840/05568 (86.93%) | loss: 2.399219 | lrm: 0.24 | dt: 5136.88ms | tok/sec: 204,127 | bf16_mfu: 49.28 | epoch: 1 pq: 112 rg: 70 | total time: 414.94m | eta: 62.5m
step 04841/05568 (86.94%) | loss: 2.401536 | lrm: 0.24 | dt: 5159.10ms | tok/sec: 203,247 | bf16_mfu: 49.07 | epoch: 1 pq: 112 rg: 72 | total time: 415.03m | eta: 62.5m
step 04842/05568 (86.96%) | loss: 2.421266 | lrm: 0.24 | dt: 5120.91ms | tok/sec: 204,763 | bf16_mfu: 49.43 | epoch: 1 pq: 112 rg: 74 | total time: 415.11m | eta: 62.4m
step 04843/05568 (86.98%) | loss: 2.432795 | lrm: 0.24 | dt: 5154.93ms | tok/sec: 203,412 | bf16_mfu: 49.11 | epoch: 1 pq: 112 rg: 76 | total time: 415.20m | eta: 62.3m
step 04844/05568 (87.00%) | loss: 2.419655 | lrm: 0.24 | dt: 5168.20ms | tok/sec: 202,890 | bf16_mfu: 48.98 | epoch: 1 pq: 112 rg: 78 | total time: 415.29m | eta: 62.2m
step 04845/05568 (87.02%) | loss: 2.404504 | lrm: 0.24 | dt: 5138.44ms | tok/sec: 204,064 | bf16_mfu: 49.26 | epoch: 1 pq: 112 rg: 80 | total time: 415.37m | eta: 62.1m
step 04846/05568 (87.03%) | loss: 2.414547 | lrm: 0.24 | dt: 5118.93ms | tok/sec: 204,842 | bf16_mfu: 49.45 | epoch: 1 pq: 112 rg: 82 | total time: 415.46m | eta: 62.0m
step 04847/05568 (87.05%) | loss: 2.411656 | lrm: 0.24 | dt: 5104.38ms | tok/sec: 205,426 | bf16_mfu: 49.59 | epoch: 1 pq: 113 rg: 0 | total time: 415.54m | eta: 61.9m
step 04848/05568 (87.07%) | loss: 2.403550 | lrm: 0.24 | dt: 5170.66ms | tok/sec: 202,793 | bf16_mfu: 48.96 | epoch: 1 pq: 113 rg: 2 | total time: 415.63m | eta: 61.9m
step 04849/05568 (87.09%) | loss: 2.407995 | lrm: 0.24 | dt: 5703.67ms | tok/sec: 183,842 | bf16_mfu: 44.38 | epoch: 1 pq: 113 rg: 4 | total time: 415.72m | eta: 61.8m
step 04850/05568 (87.10%) | loss: 2.404659 | lrm: 0.24 | dt: 5119.37ms | tok/sec: 204,825 | bf16_mfu: 49.45 | epoch: 1 pq: 113 rg: 6 | total time: 415.81m | eta: 61.7m
step 04851/05568 (87.12%) | loss: 2.415545 | lrm: 0.24 | dt: 5187.04ms | tok/sec: 202,153 | bf16_mfu: 48.80 | epoch: 1 pq: 113 rg: 8 | total time: 415.90m | eta: 61.6m
step 04852/05568 (87.14%) | loss: 2.418830 | lrm: 0.24 | dt: 5133.94ms | tok/sec: 204,243 | bf16_mfu: 49.31 | epoch: 1 pq: 113 rg: 10 | total time: 415.98m | eta: 61.5m
step 04853/05568 (87.16%) | loss: 2.407499 | lrm: 0.24 | dt: 5145.21ms | tok/sec: 203,796 | bf16_mfu: 49.20 | epoch: 1 pq: 113 rg: 12 | total time: 416.07m | eta: 61.4m
step 04854/05568 (87.18%) | loss: 2.397919 | lrm: 0.24 | dt: 5192.18ms | tok/sec: 201,952 | bf16_mfu: 48.75 | epoch: 1 pq: 113 rg: 14 | total time: 416.15m | eta: 61.3m
step 04855/05568 (87.19%) | loss: 2.399284 | lrm: 0.24 | dt: 7499.87ms | tok/sec: 139,812 | bf16_mfu: 33.75 | epoch: 1 pq: 113 rg: 16 | total time: 416.28m | eta: 61.3m
step 04856/05568 (87.21%) | loss: 2.407895 | lrm: 0.24 | dt: 5042.36ms | tok/sec: 207,953 | bf16_mfu: 50.20 | epoch: 1 pq: 113 rg: 18 | total time: 416.36m | eta: 61.2m
step 04857/05568 (87.23%) | loss: 2.410958 | lrm: 0.24 | dt: 5125.79ms | tok/sec: 204,568 | bf16_mfu: 49.39 | epoch: 1 pq: 113 rg: 20 | total time: 416.45m | eta: 61.1m
step 04858/05568 (87.25%) | loss: 2.407867 | lrm: 0.24 | dt: 5114.13ms | tok/sec: 205,034 | bf16_mfu: 49.50 | epoch: 1 pq: 113 rg: 22 | total time: 416.53m | eta: 61.0m
step 04859/05568 (87.27%) | loss: 2.407145 | lrm: 0.24 | dt: 5218.22ms | tok/sec: 200,945 | bf16_mfu: 48.51 | epoch: 1 pq: 113 rg: 24 | total time: 416.62m | eta: 60.9m
step 04860/05568 (87.28%) | loss: 2.402701 | lrm: 0.24 | dt: 5142.24ms | tok/sec: 203,914 | bf16_mfu: 49.23 | epoch: 1 pq: 113 rg: 26 | total time: 416.71m | eta: 60.8m
step 04861/05568 (87.30%) | loss: 2.403574 | lrm: 0.24 | dt: 5175.15ms | tok/sec: 202,617 | bf16_mfu: 48.92 | epoch: 1 pq: 113 rg: 28 | total time: 416.79m | eta: 60.7m
step 04862/05568 (87.32%) | loss: 2.387661 | lrm: 0.24 | dt: 5160.91ms | tok/sec: 203,176 | bf16_mfu: 49.05 | epoch: 1 pq: 113 rg: 30 | total time: 416.88m | eta: 60.7m
step 04863/05568 (87.34%) | loss: 2.397889 | lrm: 0.24 | dt: 5143.82ms | tok/sec: 203,851 | bf16_mfu: 49.21 | epoch: 1 pq: 113 rg: 30 | total time: 416.96m | eta: 60.6m
step 04864/05568 (87.36%) | loss: 2.413375 | lrm: 0.23 | dt: 5165.91ms | tok/sec: 202,979 | bf16_mfu: 49.00 | epoch: 1 pq: 113 rg: 32 | total time: 417.05m | eta: 60.5m
step 04865/05568 (87.37%) | loss: 2.410058 | lrm: 0.23 | dt: 5309.64ms | tok/sec: 197,485 | bf16_mfu: 47.68 | epoch: 1 pq: 113 rg: 34 | total time: 417.14m | eta: 60.4m
step 04866/05568 (87.39%) | loss: 2.412066 | lrm: 0.23 | dt: 5128.15ms | tok/sec: 204,474 | bf16_mfu: 49.36 | epoch: 1 pq: 113 rg: 36 | total time: 417.22m | eta: 60.3m
step 04867/05568 (87.41%) | loss: 2.405064 | lrm: 0.23 | dt: 5193.02ms | tok/sec: 201,920 | bf16_mfu: 48.75 | epoch: 1 pq: 113 rg: 38 | total time: 417.31m | eta: 60.2m
step 04868/05568 (87.43%) | loss: 2.396607 | lrm: 0.23 | dt: 5140.52ms | tok/sec: 203,982 | bf16_mfu: 49.24 | epoch: 1 pq: 113 rg: 40 | total time: 417.40m | eta: 60.1m
step 04869/05568 (87.45%) | loss: 2.403063 | lrm: 0.23 | dt: 5152.49ms | tok/sec: 203,508 | bf16_mfu: 49.13 | epoch: 1 pq: 113 rg: 42 | total time: 417.48m | eta: 60.1m
step 04870/05568 (87.46%) | loss: 2.397660 | lrm: 0.23 | dt: 5321.11ms | tok/sec: 197,059 | bf16_mfu: 47.57 | epoch: 1 pq: 113 rg: 44 | total time: 417.57m | eta: 60.0m
step 04871/05568 (87.48%) | loss: 2.396455 | lrm: 0.23 | dt: 5200.81ms | tok/sec: 201,617 | bf16_mfu: 48.67 | epoch: 1 pq: 113 rg: 46 | total time: 417.66m | eta: 59.9m
step 04872/05568 (87.50%) | loss: 2.380398 | lrm: 0.23 | dt: 5218.68ms | tok/sec: 200,927 | bf16_mfu: 48.51 | epoch: 1 pq: 113 rg: 48 | total time: 417.74m | eta: 59.8m
step 04873/05568 (87.52%) | loss: 2.388419 | lrm: 0.23 | dt: 5131.38ms | tok/sec: 204,345 | bf16_mfu: 49.33 | epoch: 1 pq: 113 rg: 50 | total time: 417.83m | eta: 59.7m
step 04874/05568 (87.54%) | loss: 2.384356 | lrm: 0.23 | dt: 5132.10ms | tok/sec: 204,317 | bf16_mfu: 49.33 | epoch: 1 pq: 113 rg: 52 | total time: 417.92m | eta: 59.6m
step 04875/05568 (87.55%) | loss: 2.394604 | lrm: 0.23 | dt: 5221.67ms | tok/sec: 200,812 | bf16_mfu: 48.48 | epoch: 1 pq: 113 rg: 54 | total time: 418.00m | eta: 59.5m
step 04876/05568 (87.57%) | loss: 2.414784 | lrm: 0.23 | dt: 5184.35ms | tok/sec: 202,257 | bf16_mfu: 48.83 | epoch: 1 pq: 113 rg: 56 | total time: 418.09m | eta: 59.5m
step 04877/05568 (87.59%) | loss: 2.410933 | lrm: 0.23 | dt: 5180.15ms | tok/sec: 202,421 | bf16_mfu: 48.87 | epoch: 1 pq: 113 rg: 58 | total time: 418.18m | eta: 59.4m
step 04878/05568 (87.61%) | loss: 2.419814 | lrm: 0.23 | dt: 5133.38ms | tok/sec: 204,266 | bf16_mfu: 49.31 | epoch: 1 pq: 113 rg: 60 | total time: 418.26m | eta: 59.3m
step 04879/05568 (87.63%) | loss: 2.428089 | lrm: 0.23 | dt: 5203.12ms | tok/sec: 201,528 | bf16_mfu: 48.65 | epoch: 1 pq: 113 rg: 62 | total time: 418.35m | eta: 59.2m
step 04880/05568 (87.64%) | loss: 2.445721 | lrm: 0.23 | dt: 5147.23ms | tok/sec: 203,716 | bf16_mfu: 49.18 | epoch: 1 pq: 113 rg: 64 | total time: 418.43m | eta: 59.1m
step 04881/05568 (87.66%) | loss: 2.449523 | lrm: 0.23 | dt: 5158.79ms | tok/sec: 203,260 | bf16_mfu: 49.07 | epoch: 1 pq: 113 rg: 66 | total time: 418.52m | eta: 59.0m
step 04882/05568 (87.68%) | loss: 2.440514 | lrm: 0.23 | dt: 5137.42ms | tok/sec: 204,105 | bf16_mfu: 49.27 | epoch: 1 pq: 113 rg: 68 | total time: 418.60m | eta: 58.9m
step 04883/05568 (87.70%) | loss: 2.442922 | lrm: 0.23 | dt: 5170.34ms | tok/sec: 202,805 | bf16_mfu: 48.96 | epoch: 1 pq: 113 rg: 70 | total time: 418.69m | eta: 58.9m
step 04884/05568 (87.72%) | loss: 2.438989 | lrm: 0.23 | dt: 5171.54ms | tok/sec: 202,758 | bf16_mfu: 48.95 | epoch: 1 pq: 113 rg: 72 | total time: 418.78m | eta: 58.8m
step 04885/05568 (87.73%) | loss: 2.428408 | lrm: 0.23 | dt: 5155.88ms | tok/sec: 203,374 | bf16_mfu: 49.10 | epoch: 1 pq: 113 rg: 74 | total time: 418.86m | eta: 58.7m
step 04886/05568 (87.75%) | loss: 2.427058 | lrm: 0.23 | dt: 5148.84ms | tok/sec: 203,652 | bf16_mfu: 49.17 | epoch: 1 pq: 113 rg: 76 | total time: 418.95m | eta: 58.6m
step 04887/05568 (87.77%) | loss: 2.408998 | lrm: 0.23 | dt: 5134.26ms | tok/sec: 204,231 | bf16_mfu: 49.30 | epoch: 1 pq: 113 rg: 78 | total time: 419.03m | eta: 58.5m
step 04888/05568 (87.79%) | loss: 2.408774 | lrm: 0.23 | dt: 5163.15ms | tok/sec: 203,088 | bf16_mfu: 49.03 | epoch: 1 pq: 113 rg: 80 | total time: 419.12m | eta: 58.4m
step 04889/05568 (87.81%) | loss: 2.407470 | lrm: 0.23 | dt: 5262.99ms | tok/sec: 199,235 | bf16_mfu: 48.10 | epoch: 1 pq: 113 rg: 82 | total time: 419.21m | eta: 58.3m
---------------------------------------
Begin Slurm Epilog: Apr-26-2026 20:19:20
Job ID:        5064229
User ID:       pzolotarev3
Account:       coc
Job name:      nanochat-stage2b
Resources:     cpu=8,gres/gpu:h200=2,mem=96G,node=1
Rsrc Used:     cput=1-07:22:40,vmem=0,walltime=03:55:20,mem=26638780K,energy_used=0
Partition:     ice-gpu
QOS:           coc-ice
Nodes:         atl1-1-03-017-23-0
---------------------------------------
