---------------------------------------
Begin Slurm Prolog: Apr-24-2026 13:33:05
Job ID:    5057009
User ID:   pzolotarev3
Account:   coc
Job name:  nanochat-stage2a
Partition: ice-gpu
QOS:       coc-ice
---------------------------------------
=== Stage 2a: Pretraining (chunk 1) ===
Base dir: /home/hice1/pzolotarev3/scratch/nanochat
WANDB_RUN: dummy
Started: Fri Apr 24 13:33:05 EDT 2026

                                                       █████                █████
                                                      ░░███                ░░███
     ████████    ██████   ████████    ██████   ██████  ░███████    ██████  ███████
    ░░███░░███  ░░░░░███ ░░███░░███  ███░░███ ███░░███ ░███░░███  ░░░░░███░░░███░
     ░███ ░███   ███████  ░███ ░███ ░███ ░███░███ ░░░  ░███ ░███   ███████  ░███
     ░███ ░███  ███░░███  ░███ ░███ ░███ ░███░███  ███ ░███ ░███  ███░░███  ░███ ███
     ████ █████░░████████ ████ █████░░██████ ░░██████  ████ █████░░███████  ░░█████
    ░░░░ ░░░░░  ░░░░░░░░ ░░░░ ░░░░░  ░░░░░░   ░░░░░░  ░░░░ ░░░░░  ░░░░░░░░   ░░░░░
    
Autodetected device type: cuda
GPU: NVIDIA H100 80GB HBM3 | Peak FLOPS (BF16): 9.89e+14
COMPUTE_DTYPE: torch.bfloat16 (auto-detected: CUDA SM 90 (bf16 supported))
✓ Using Flash Attention 3 (Hopper GPU detected), efficient, new and awesome.
Vocab size: 32,768
Model config:
{
  "sequence_len": 2048,
  "vocab_size": 32768,
  "n_layer": 24,
  "n_head": 12,
  "n_kv_head": 12,
  "n_embd": 1536,
  "window_pattern": "SSSL"
}
Parameter counts:
wte                     : 50,331,648
value_embeds            : 603,979,776
lm_head                 : 50,331,648
transformer_matrices    : 679,478,976
scalars                 : 74
total                   : 1,384,122,122
Estimated FLOPs per token: 4.775225e+09
Auto-computed optimal batch size: 1,048,576 tokens
Scaling LRs by 1.4142 for batch size 1,048,576 (reference: 524,288)
Scaling weight decay from 0.280000 to 0.059738 for depth 24
Scaling the LR for the AdamW parameters ∝1/√(1536/768) = 0.707107
Calculated number of iterations from target data:param ratio: 5,568
Total number of training tokens: 5,838,471,168
Tokens : Scaling params ratio: 8.00
Total training FLOPs estimate: 2.788002e+19
Tokens / micro-batch / rank: 16 x 2048 = 32,768
Tokens / micro-batch: 65,536
Total batch size 1,048,576 => gradient accumulation steps: 16
Step 00000 | Validation bpb: 3.168583
step 00000/05568 (0.00%) | loss: 10.397835 | lrm: 0.03 | dt: 80632.35ms | tok/sec: 13,004 | bf16_mfu: 3.14 | epoch: 1 pq: 0 rg: 2 | total time: 0.00m
step 00001/05568 (0.02%) | loss: 10.370581 | lrm: 0.05 | dt: 5056.65ms | tok/sec: 207,365 | bf16_mfu: 50.06 | epoch: 1 pq: 0 rg: 4 | total time: 0.00m
step 00002/05568 (0.04%) | loss: 10.323856 | lrm: 0.07 | dt: 5114.49ms | tok/sec: 205,020 | bf16_mfu: 49.50 | epoch: 1 pq: 0 rg: 6 | total time: 0.00m
step 00003/05568 (0.05%) | loss: 10.252484 | lrm: 0.10 | dt: 5123.83ms | tok/sec: 204,646 | bf16_mfu: 49.41 | epoch: 1 pq: 0 rg: 8 | total time: 0.00m
step 00004/05568 (0.07%) | loss: 10.152428 | lrm: 0.12 | dt: 5120.70ms | tok/sec: 204,772 | bf16_mfu: 49.44 | epoch: 1 pq: 0 rg: 10 | total time: 0.00m
step 00005/05568 (0.09%) | loss: 9.998177 | lrm: 0.15 | dt: 5110.57ms | tok/sec: 205,177 | bf16_mfu: 49.53 | epoch: 1 pq: 0 rg: 12 | total time: 0.00m
step 00006/05568 (0.11%) | loss: 9.790612 | lrm: 0.17 | dt: 5112.30ms | tok/sec: 205,108 | bf16_mfu: 49.52 | epoch: 1 pq: 0 rg: 14 | total time: 0.00m
step 00007/05568 (0.13%) | loss: 9.440354 | lrm: 0.20 | dt: 5107.59ms | tok/sec: 205,297 | bf16_mfu: 49.56 | epoch: 1 pq: 0 rg: 16 | total time: 0.00m
step 00008/05568 (0.14%) | loss: 9.611338 | lrm: 0.23 | dt: 5099.58ms | tok/sec: 205,619 | bf16_mfu: 49.64 | epoch: 1 pq: 0 rg: 18 | total time: 0.00m
step 00009/05568 (0.16%) | loss: 9.417218 | lrm: 0.25 | dt: 5108.98ms | tok/sec: 205,241 | bf16_mfu: 49.55 | epoch: 1 pq: 0 rg: 22 | total time: 0.00m
step 00010/05568 (0.18%) | loss: 9.055834 | lrm: 0.28 | dt: 5121.90ms | tok/sec: 204,723 | bf16_mfu: 49.42 | epoch: 1 pq: 0 rg: 24 | total time: 0.00m
step 00011/05568 (0.20%) | loss: 8.747644 | lrm: 0.30 | dt: 5118.93ms | tok/sec: 204,842 | bf16_mfu: 49.45 | epoch: 1 pq: 0 rg: 26 | total time: 0.09m | eta: 474.1m
step 00012/05568 (0.22%) | loss: 8.483323 | lrm: 0.33 | dt: 5120.95ms | tok/sec: 204,761 | bf16_mfu: 49.43 | epoch: 1 pq: 0 rg: 28 | total time: 0.17m | eta: 474.1m
step 00013/05568 (0.23%) | loss: 8.223022 | lrm: 0.35 | dt: 5123.37ms | tok/sec: 204,665 | bf16_mfu: 49.41 | epoch: 1 pq: 0 rg: 30 | total time: 0.26m | eta: 474.1m
step 00014/05568 (0.25%) | loss: 7.987154 | lrm: 0.38 | dt: 5125.43ms | tok/sec: 204,582 | bf16_mfu: 49.39 | epoch: 1 pq: 0 rg: 32 | total time: 0.34m | eta: 474.1m
step 00015/05568 (0.27%) | loss: 7.778986 | lrm: 0.40 | dt: 5131.63ms | tok/sec: 204,335 | bf16_mfu: 49.33 | epoch: 1 pq: 0 rg: 34 | total time: 0.43m | eta: 474.2m
step 00016/05568 (0.29%) | loss: 7.590447 | lrm: 0.42 | dt: 5124.52ms | tok/sec: 204,619 | bf16_mfu: 49.40 | epoch: 1 pq: 0 rg: 36 | total time: 0.51m | eta: 474.2m
step 00017/05568 (0.31%) | loss: 7.435636 | lrm: 0.45 | dt: 5130.98ms | tok/sec: 204,361 | bf16_mfu: 49.34 | epoch: 1 pq: 0 rg: 38 | total time: 0.60m | eta: 474.2m
step 00018/05568 (0.32%) | loss: 7.284671 | lrm: 0.47 | dt: 5127.33ms | tok/sec: 204,507 | bf16_mfu: 49.37 | epoch: 1 pq: 0 rg: 40 | total time: 0.68m | eta: 474.1m
step 00019/05568 (0.34%) | loss: 7.151096 | lrm: 0.50 | dt: 5131.39ms | tok/sec: 204,345 | bf16_mfu: 49.33 | epoch: 1 pq: 0 rg: 42 | total time: 0.77m | eta: 474.1m
step 00020/05568 (0.36%) | loss: 7.033592 | lrm: 0.53 | dt: 5126.56ms | tok/sec: 204,538 | bf16_mfu: 49.38 | epoch: 1 pq: 0 rg: 44 | total time: 0.85m | eta: 474.0m
step 00021/05568 (0.38%) | loss: 6.912751 | lrm: 0.55 | dt: 5133.27ms | tok/sec: 204,270 | bf16_mfu: 49.31 | epoch: 1 pq: 0 rg: 46 | total time: 0.94m | eta: 474.0m
step 00022/05568 (0.40%) | loss: 6.818968 | lrm: 0.57 | dt: 5130.86ms | tok/sec: 204,366 | bf16_mfu: 49.34 | epoch: 1 pq: 0 rg: 48 | total time: 1.03m | eta: 473.9m
step 00023/05568 (0.41%) | loss: 6.719906 | lrm: 0.60 | dt: 5127.64ms | tok/sec: 204,494 | bf16_mfu: 49.37 | epoch: 1 pq: 0 rg: 52 | total time: 1.11m | eta: 473.8m
step 00024/05568 (0.43%) | loss: 6.639169 | lrm: 0.62 | dt: 5128.40ms | tok/sec: 204,464 | bf16_mfu: 49.36 | epoch: 1 pq: 0 rg: 54 | total time: 1.20m | eta: 473.8m
step 00025/05568 (0.45%) | loss: 6.556789 | lrm: 0.65 | dt: 5133.42ms | tok/sec: 204,264 | bf16_mfu: 49.31 | epoch: 1 pq: 0 rg: 56 | total time: 1.28m | eta: 473.7m
step 00026/05568 (0.47%) | loss: 6.478458 | lrm: 0.68 | dt: 5130.72ms | tok/sec: 204,372 | bf16_mfu: 49.34 | epoch: 1 pq: 0 rg: 58 | total time: 1.37m | eta: 473.6m
step 00027/05568 (0.48%) | loss: 6.410793 | lrm: 0.70 | dt: 5125.35ms | tok/sec: 204,586 | bf16_mfu: 49.39 | epoch: 1 pq: 0 rg: 60 | total time: 1.45m | eta: 473.5m
step 00028/05568 (0.50%) | loss: 6.356888 | lrm: 0.72 | dt: 5132.26ms | tok/sec: 204,310 | bf16_mfu: 49.32 | epoch: 1 pq: 0 rg: 62 | total time: 1.54m | eta: 473.5m
step 00029/05568 (0.52%) | loss: 6.299126 | lrm: 0.75 | dt: 5134.00ms | tok/sec: 204,241 | bf16_mfu: 49.31 | epoch: 1 pq: 0 rg: 64 | total time: 1.62m | eta: 473.4m
step 00030/05568 (0.54%) | loss: 6.253348 | lrm: 0.78 | dt: 5143.03ms | tok/sec: 203,882 | bf16_mfu: 49.22 | epoch: 1 pq: 0 rg: 66 | total time: 1.71m | eta: 473.4m
step 00031/05568 (0.56%) | loss: 6.206061 | lrm: 0.80 | dt: 5138.17ms | tok/sec: 204,075 | bf16_mfu: 49.27 | epoch: 1 pq: 0 rg: 68 | total time: 1.80m | eta: 473.4m
step 00032/05568 (0.57%) | loss: 6.166614 | lrm: 0.82 | dt: 5144.58ms | tok/sec: 203,821 | bf16_mfu: 49.21 | epoch: 1 pq: 0 rg: 70 | total time: 1.88m | eta: 473.3m
step 00033/05568 (0.59%) | loss: 6.131724 | lrm: 0.85 | dt: 5142.57ms | tok/sec: 203,900 | bf16_mfu: 49.23 | epoch: 1 pq: 0 rg: 72 | total time: 1.97m | eta: 473.3m
step 00034/05568 (0.61%) | loss: 6.092550 | lrm: 0.88 | dt: 5138.18ms | tok/sec: 204,075 | bf16_mfu: 49.27 | epoch: 1 pq: 0 rg: 74 | total time: 2.05m | eta: 473.2m
step 00035/05568 (0.63%) | loss: 6.053769 | lrm: 0.90 | dt: 5139.08ms | tok/sec: 204,039 | bf16_mfu: 49.26 | epoch: 1 pq: 0 rg: 76 | total time: 2.14m | eta: 473.2m
step 00036/05568 (0.65%) | loss: 6.012340 | lrm: 0.93 | dt: 5137.19ms | tok/sec: 204,114 | bf16_mfu: 49.28 | epoch: 1 pq: 0 rg: 78 | total time: 2.22m | eta: 473.1m
step 00037/05568 (0.66%) | loss: 5.978992 | lrm: 0.95 | dt: 5127.36ms | tok/sec: 204,505 | bf16_mfu: 49.37 | epoch: 1 pq: 0 rg: 78 | total time: 2.31m | eta: 473.0m
step 00038/05568 (0.68%) | loss: 5.951368 | lrm: 0.97 | dt: 5141.48ms | tok/sec: 203,944 | bf16_mfu: 49.24 | epoch: 1 pq: 0 rg: 80 | total time: 2.39m | eta: 473.0m
step 00039/05568 (0.70%) | loss: 5.926206 | lrm: 1.00 | dt: 5134.62ms | tok/sec: 204,216 | bf16_mfu: 49.30 | epoch: 1 pq: 0 rg: 82 | total time: 2.48m | eta: 472.9m
step 00040/05568 (0.72%) | loss: 5.909219 | lrm: 1.00 | dt: 5133.27ms | tok/sec: 204,270 | bf16_mfu: 49.31 | epoch: 1 pq: 1 rg: 0 | total time: 2.57m | eta: 472.8m
step 00041/05568 (0.74%) | loss: 5.891308 | lrm: 1.00 | dt: 5132.43ms | tok/sec: 204,303 | bf16_mfu: 49.32 | epoch: 1 pq: 1 rg: 2 | total time: 2.65m | eta: 472.7m
step 00042/05568 (0.75%) | loss: 5.871041 | lrm: 1.00 | dt: 5145.25ms | tok/sec: 203,794 | bf16_mfu: 49.20 | epoch: 1 pq: 1 rg: 4 | total time: 2.74m | eta: 472.7m
step 00043/05568 (0.77%) | loss: 5.848504 | lrm: 1.00 | dt: 5137.73ms | tok/sec: 204,093 | bf16_mfu: 49.27 | epoch: 1 pq: 1 rg: 6 | total time: 2.82m | eta: 472.6m
step 00044/05568 (0.79%) | loss: 5.822542 | lrm: 1.00 | dt: 5130.85ms | tok/sec: 204,367 | bf16_mfu: 49.34 | epoch: 1 pq: 1 rg: 8 | total time: 2.91m | eta: 472.5m
step 00045/05568 (0.81%) | loss: 5.783297 | lrm: 1.00 | dt: 5138.68ms | tok/sec: 204,055 | bf16_mfu: 49.26 | epoch: 1 pq: 1 rg: 10 | total time: 2.99m | eta: 472.5m
step 00046/05568 (0.83%) | loss: 5.750118 | lrm: 1.00 | dt: 5131.13ms | tok/sec: 204,355 | bf16_mfu: 49.33 | epoch: 1 pq: 1 rg: 12 | total time: 3.08m | eta: 472.4m
step 00047/05568 (0.84%) | loss: 5.717792 | lrm: 1.00 | dt: 5130.17ms | tok/sec: 204,394 | bf16_mfu: 49.34 | epoch: 1 pq: 1 rg: 14 | total time: 3.17m | eta: 472.3m
step 00048/05568 (0.86%) | loss: 5.701761 | lrm: 1.00 | dt: 5131.59ms | tok/sec: 204,337 | bf16_mfu: 49.33 | epoch: 1 pq: 1 rg: 16 | total time: 3.25m | eta: 472.2m
step 00049/05568 (0.88%) | loss: 5.680204 | lrm: 1.00 | dt: 5143.28ms | tok/sec: 203,873 | bf16_mfu: 49.22 | epoch: 1 pq: 1 rg: 18 | total time: 3.34m | eta: 472.1m
step 00050/05568 (0.90%) | loss: 5.680503 | lrm: 1.00 | dt: 5138.73ms | tok/sec: 204,053 | bf16_mfu: 49.26 | epoch: 1 pq: 1 rg: 20 | total time: 3.42m | eta: 472.1m
step 00051/05568 (0.92%) | loss: 5.663111 | lrm: 1.00 | dt: 5134.79ms | tok/sec: 204,210 | bf16_mfu: 49.30 | epoch: 1 pq: 1 rg: 22 | total time: 3.51m | eta: 472.0m
step 00052/05568 (0.93%) | loss: 5.646719 | lrm: 1.00 | dt: 5129.62ms | tok/sec: 204,416 | bf16_mfu: 49.35 | epoch: 1 pq: 1 rg: 24 | total time: 3.59m | eta: 471.9m
step 00053/05568 (0.95%) | loss: 5.626712 | lrm: 1.00 | dt: 5150.81ms | tok/sec: 203,575 | bf16_mfu: 49.15 | epoch: 1 pq: 1 rg: 26 | total time: 3.68m | eta: 471.8m
step 00054/05568 (0.97%) | loss: 5.606981 | lrm: 1.00 | dt: 5144.24ms | tok/sec: 203,834 | bf16_mfu: 49.21 | epoch: 1 pq: 1 rg: 28 | total time: 3.76m | eta: 471.8m
step 00055/05568 (0.99%) | loss: 5.590035 | lrm: 1.00 | dt: 5145.63ms | tok/sec: 203,780 | bf16_mfu: 49.20 | epoch: 1 pq: 1 rg: 30 | total time: 3.85m | eta: 471.7m
step 00056/05568 (1.01%) | loss: 5.570153 | lrm: 1.00 | dt: 5136.87ms | tok/sec: 204,127 | bf16_mfu: 49.28 | epoch: 1 pq: 1 rg: 32 | total time: 3.94m | eta: 471.6m
step 00057/05568 (1.02%) | loss: 5.560356 | lrm: 1.00 | dt: 5139.63ms | tok/sec: 204,017 | bf16_mfu: 49.25 | epoch: 1 pq: 1 rg: 34 | total time: 4.02m | eta: 471.6m
step 00058/05568 (1.04%) | loss: 5.536440 | lrm: 1.00 | dt: 5138.78ms | tok/sec: 204,051 | bf16_mfu: 49.26 | epoch: 1 pq: 1 rg: 36 | total time: 4.11m | eta: 471.5m
step 00059/05568 (1.06%) | loss: 5.508954 | lrm: 1.00 | dt: 5139.63ms | tok/sec: 204,017 | bf16_mfu: 49.25 | epoch: 1 pq: 1 rg: 38 | total time: 4.19m | eta: 471.4m
step 00060/05568 (1.08%) | loss: 5.482041 | lrm: 1.00 | dt: 5147.73ms | tok/sec: 203,696 | bf16_mfu: 49.18 | epoch: 1 pq: 1 rg: 40 | total time: 4.28m | eta: 471.3m
step 00061/05568 (1.10%) | loss: 5.464860 | lrm: 1.00 | dt: 5146.24ms | tok/sec: 203,755 | bf16_mfu: 49.19 | epoch: 1 pq: 1 rg: 42 | total time: 4.36m | eta: 471.3m
step 00062/05568 (1.11%) | loss: 5.446115 | lrm: 1.00 | dt: 5146.05ms | tok/sec: 203,763 | bf16_mfu: 49.19 | epoch: 1 pq: 1 rg: 44 | total time: 4.45m | eta: 471.2m
step 00063/05568 (1.13%) | loss: 5.432518 | lrm: 1.00 | dt: 5156.84ms | tok/sec: 203,336 | bf16_mfu: 49.09 | epoch: 1 pq: 1 rg: 46 | total time: 4.54m | eta: 471.2m
step 00064/05568 (1.15%) | loss: 5.402370 | lrm: 1.00 | dt: 5144.86ms | tok/sec: 203,810 | bf16_mfu: 49.20 | epoch: 1 pq: 1 rg: 48 | total time: 4.62m | eta: 471.1m
step 00065/05568 (1.17%) | loss: 5.374575 | lrm: 1.00 | dt: 5156.37ms | tok/sec: 203,355 | bf16_mfu: 49.09 | epoch: 1 pq: 1 rg: 50 | total time: 4.71m | eta: 471.0m
step 00066/05568 (1.19%) | loss: 5.359830 | lrm: 1.00 | dt: 5142.83ms | tok/sec: 203,890 | bf16_mfu: 49.22 | epoch: 1 pq: 1 rg: 52 | total time: 4.79m | eta: 471.0m
step 00067/05568 (1.20%) | loss: 5.345603 | lrm: 1.00 | dt: 5155.41ms | tok/sec: 203,393 | bf16_mfu: 49.10 | epoch: 1 pq: 1 rg: 54 | total time: 4.88m | eta: 470.9m
step 00068/05568 (1.22%) | loss: 5.322856 | lrm: 1.00 | dt: 5147.42ms | tok/sec: 203,709 | bf16_mfu: 49.18 | epoch: 1 pq: 1 rg: 56 | total time: 4.97m | eta: 470.9m
step 00069/05568 (1.24%) | loss: 5.302886 | lrm: 1.00 | dt: 5153.84ms | tok/sec: 203,455 | bf16_mfu: 49.12 | epoch: 1 pq: 1 rg: 58 | total time: 5.05m | eta: 470.8m
step 00070/05568 (1.26%) | loss: 5.274705 | lrm: 1.00 | dt: 5140.81ms | tok/sec: 203,970 | bf16_mfu: 49.24 | epoch: 1 pq: 1 rg: 60 | total time: 5.14m | eta: 470.7m
step 00071/05568 (1.28%) | loss: 5.273701 | lrm: 1.00 | dt: 5143.19ms | tok/sec: 203,876 | bf16_mfu: 49.22 | epoch: 1 pq: 1 rg: 62 | total time: 5.22m | eta: 470.6m
step 00072/05568 (1.29%) | loss: 5.242501 | lrm: 1.00 | dt: 5156.47ms | tok/sec: 203,351 | bf16_mfu: 49.09 | epoch: 1 pq: 1 rg: 64 | total time: 5.31m | eta: 470.6m
step 00073/05568 (1.31%) | loss: 5.225477 | lrm: 1.00 | dt: 5161.25ms | tok/sec: 203,163 | bf16_mfu: 49.05 | epoch: 1 pq: 1 rg: 66 | total time: 5.39m | eta: 470.5m
step 00074/05568 (1.33%) | loss: 5.215694 | lrm: 1.00 | dt: 5157.31ms | tok/sec: 203,318 | bf16_mfu: 49.08 | epoch: 1 pq: 1 rg: 66 | total time: 5.48m | eta: 470.5m
step 00075/05568 (1.35%) | loss: 5.181765 | lrm: 1.00 | dt: 5160.06ms | tok/sec: 203,209 | bf16_mfu: 49.06 | epoch: 1 pq: 1 rg: 68 | total time: 5.57m | eta: 470.4m
step 00076/05568 (1.36%) | loss: 5.145912 | lrm: 1.00 | dt: 5162.22ms | tok/sec: 203,125 | bf16_mfu: 49.04 | epoch: 1 pq: 1 rg: 70 | total time: 5.65m | eta: 470.4m
step 00077/05568 (1.38%) | loss: 5.123330 | lrm: 1.00 | dt: 5159.13ms | tok/sec: 203,246 | bf16_mfu: 49.07 | epoch: 1 pq: 1 rg: 72 | total time: 5.74m | eta: 470.3m
step 00078/05568 (1.40%) | loss: 5.107643 | lrm: 1.00 | dt: 5153.47ms | tok/sec: 203,469 | bf16_mfu: 49.12 | epoch: 1 pq: 1 rg: 74 | total time: 5.82m | eta: 470.2m
step 00079/05568 (1.42%) | loss: 5.086625 | lrm: 1.00 | dt: 5148.26ms | tok/sec: 203,675 | bf16_mfu: 49.17 | epoch: 1 pq: 1 rg: 76 | total time: 5.91m | eta: 470.2m
step 00080/05568 (1.44%) | loss: 5.077757 | lrm: 1.00 | dt: 5155.15ms | tok/sec: 203,403 | bf16_mfu: 49.11 | epoch: 1 pq: 1 rg: 78 | total time: 6.00m | eta: 470.1m
step 00081/05568 (1.45%) | loss: 5.057560 | lrm: 1.00 | dt: 5147.70ms | tok/sec: 203,698 | bf16_mfu: 49.18 | epoch: 1 pq: 1 rg: 80 | total time: 6.08m | eta: 470.0m
step 00082/05568 (1.47%) | loss: 5.051214 | lrm: 1.00 | dt: 5189.47ms | tok/sec: 202,058 | bf16_mfu: 48.78 | epoch: 1 pq: 1 rg: 82 | total time: 6.17m | eta: 470.0m
step 00083/05568 (1.49%) | loss: 5.034790 | lrm: 1.00 | dt: 5183.52ms | tok/sec: 202,290 | bf16_mfu: 48.84 | epoch: 1 pq: 2 rg: 0 | total time: 6.25m | eta: 470.0m
step 00084/05568 (1.51%) | loss: 5.027843 | lrm: 1.00 | dt: 5160.03ms | tok/sec: 203,211 | bf16_mfu: 49.06 | epoch: 1 pq: 2 rg: 2 | total time: 6.34m | eta: 469.9m
step 00085/05568 (1.53%) | loss: 5.002748 | lrm: 1.00 | dt: 5158.49ms | tok/sec: 203,271 | bf16_mfu: 49.07 | epoch: 1 pq: 2 rg: 4 | total time: 6.43m | eta: 469.8m
step 00086/05568 (1.54%) | loss: 4.982863 | lrm: 1.00 | dt: 5382.69ms | tok/sec: 194,805 | bf16_mfu: 47.03 | epoch: 1 pq: 2 rg: 6 | total time: 6.52m | eta: 470.0m
step 00087/05568 (1.56%) | loss: 4.962098 | lrm: 1.00 | dt: 5141.38ms | tok/sec: 203,948 | bf16_mfu: 49.24 | epoch: 1 pq: 2 rg: 8 | total time: 6.60m | eta: 470.0m
step 00088/05568 (1.58%) | loss: 4.950690 | lrm: 1.00 | dt: 5156.04ms | tok/sec: 203,368 | bf16_mfu: 49.10 | epoch: 1 pq: 2 rg: 10 | total time: 6.69m | eta: 469.9m
step 00089/05568 (1.60%) | loss: 4.934023 | lrm: 1.00 | dt: 5161.99ms | tok/sec: 203,133 | bf16_mfu: 49.04 | epoch: 1 pq: 2 rg: 12 | total time: 6.77m | eta: 469.8m
step 00090/05568 (1.62%) | loss: 4.908082 | lrm: 1.00 | dt: 5159.29ms | tok/sec: 203,240 | bf16_mfu: 49.07 | epoch: 1 pq: 2 rg: 14 | total time: 6.86m | eta: 469.8m
step 00091/05568 (1.63%) | loss: 4.895190 | lrm: 1.00 | dt: 5158.31ms | tok/sec: 203,279 | bf16_mfu: 49.08 | epoch: 1 pq: 2 rg: 16 | total time: 6.95m | eta: 469.7m
step 00092/05568 (1.65%) | loss: 4.875799 | lrm: 1.00 | dt: 5161.48ms | tok/sec: 203,154 | bf16_mfu: 49.04 | epoch: 1 pq: 2 rg: 18 | total time: 7.03m | eta: 469.6m
step 00093/05568 (1.67%) | loss: 4.863483 | lrm: 1.00 | dt: 5158.48ms | tok/sec: 203,272 | bf16_mfu: 49.07 | epoch: 1 pq: 2 rg: 20 | total time: 7.12m | eta: 469.5m
step 00094/05568 (1.69%) | loss: 4.847993 | lrm: 1.00 | dt: 5160.78ms | tok/sec: 203,181 | bf16_mfu: 49.05 | epoch: 1 pq: 2 rg: 22 | total time: 7.20m | eta: 469.5m
step 00095/05568 (1.71%) | loss: 4.841640 | lrm: 1.00 | dt: 5160.14ms | tok/sec: 203,206 | bf16_mfu: 49.06 | epoch: 1 pq: 2 rg: 24 | total time: 7.29m | eta: 469.4m
step 00096/05568 (1.72%) | loss: 4.828439 | lrm: 1.00 | dt: 5157.37ms | tok/sec: 203,315 | bf16_mfu: 49.08 | epoch: 1 pq: 2 rg: 26 | total time: 7.38m | eta: 469.3m
step 00097/05568 (1.74%) | loss: 4.817084 | lrm: 1.00 | dt: 5162.92ms | tok/sec: 203,097 | bf16_mfu: 49.03 | epoch: 1 pq: 2 rg: 28 | total time: 7.46m | eta: 469.3m
step 00098/05568 (1.76%) | loss: 4.803048 | lrm: 1.00 | dt: 5158.97ms | tok/sec: 203,252 | bf16_mfu: 49.07 | epoch: 1 pq: 2 rg: 30 | total time: 7.55m | eta: 469.2m
step 00099/05568 (1.78%) | loss: 4.790329 | lrm: 1.00 | dt: 5159.30ms | tok/sec: 203,239 | bf16_mfu: 49.07 | epoch: 1 pq: 2 rg: 32 | total time: 7.63m | eta: 469.1m
step 00100/05568 (1.80%) | loss: 4.795820 | lrm: 1.00 | dt: 5164.03ms | tok/sec: 203,053 | bf16_mfu: 49.02 | epoch: 1 pq: 2 rg: 34 | total time: 7.72m | eta: 469.0m
step 00101/05568 (1.81%) | loss: 4.761836 | lrm: 1.00 | dt: 5158.01ms | tok/sec: 203,290 | bf16_mfu: 49.08 | epoch: 1 pq: 2 rg: 36 | total time: 7.81m | eta: 469.0m
step 00102/05568 (1.83%) | loss: 4.743935 | lrm: 1.00 | dt: 5159.28ms | tok/sec: 203,240 | bf16_mfu: 49.07 | epoch: 1 pq: 2 rg: 38 | total time: 7.89m | eta: 468.9m
step 00103/05568 (1.85%) | loss: 4.729162 | lrm: 1.00 | dt: 5553.49ms | tok/sec: 188,813 | bf16_mfu: 45.58 | epoch: 1 pq: 2 rg: 40 | total time: 7.98m | eta: 469.2m
step 00104/05568 (1.87%) | loss: 4.712041 | lrm: 1.00 | dt: 5129.60ms | tok/sec: 204,416 | bf16_mfu: 49.35 | epoch: 1 pq: 2 rg: 42 | total time: 8.07m | eta: 469.1m
step 00105/05568 (1.89%) | loss: 4.684866 | lrm: 1.00 | dt: 5156.75ms | tok/sec: 203,340 | bf16_mfu: 49.09 | epoch: 1 pq: 2 rg: 44 | total time: 8.16m | eta: 469.0m
step 00106/05568 (1.90%) | loss: 4.665762 | lrm: 1.00 | dt: 5158.04ms | tok/sec: 203,289 | bf16_mfu: 49.08 | epoch: 1 pq: 2 rg: 46 | total time: 8.24m | eta: 468.9m
step 00107/05568 (1.92%) | loss: 4.652211 | lrm: 1.00 | dt: 5161.45ms | tok/sec: 203,155 | bf16_mfu: 49.05 | epoch: 1 pq: 2 rg: 46 | total time: 8.33m | eta: 468.9m
step 00108/05568 (1.94%) | loss: 4.635845 | lrm: 1.00 | dt: 5157.25ms | tok/sec: 203,320 | bf16_mfu: 49.09 | epoch: 1 pq: 2 rg: 48 | total time: 8.41m | eta: 468.8m
step 00109/05568 (1.96%) | loss: 4.623342 | lrm: 1.00 | dt: 5269.30ms | tok/sec: 198,997 | bf16_mfu: 48.04 | epoch: 1 pq: 2 rg: 50 | total time: 8.50m | eta: 468.8m
step 00110/05568 (1.98%) | loss: 4.611225 | lrm: 1.00 | dt: 5154.33ms | tok/sec: 203,436 | bf16_mfu: 49.11 | epoch: 1 pq: 2 rg: 52 | total time: 8.59m | eta: 468.7m
step 00111/05568 (1.99%) | loss: 4.605941 | lrm: 1.00 | dt: 5158.20ms | tok/sec: 203,283 | bf16_mfu: 49.08 | epoch: 1 pq: 2 rg: 54 | total time: 8.67m | eta: 468.6m
step 00112/05568 (2.01%) | loss: 4.602023 | lrm: 1.00 | dt: 5160.61ms | tok/sec: 203,188 | bf16_mfu: 49.05 | epoch: 1 pq: 2 rg: 56 | total time: 8.76m | eta: 468.6m
step 00113/05568 (2.03%) | loss: 4.585513 | lrm: 1.00 | dt: 5156.99ms | tok/sec: 203,331 | bf16_mfu: 49.09 | epoch: 1 pq: 2 rg: 58 | total time: 8.85m | eta: 468.5m
step 00114/05568 (2.05%) | loss: 4.569873 | lrm: 1.00 | dt: 5160.93ms | tok/sec: 203,175 | bf16_mfu: 49.05 | epoch: 1 pq: 2 rg: 60 | total time: 8.93m | eta: 468.4m
step 00115/05568 (2.07%) | loss: 4.553068 | lrm: 1.00 | dt: 5162.23ms | tok/sec: 203,124 | bf16_mfu: 49.04 | epoch: 1 pq: 2 rg: 62 | total time: 9.02m | eta: 468.3m
step 00116/05568 (2.08%) | loss: 4.524119 | lrm: 1.00 | dt: 5153.43ms | tok/sec: 203,471 | bf16_mfu: 49.12 | epoch: 1 pq: 2 rg: 64 | total time: 9.10m | eta: 468.2m
step 00117/05568 (2.10%) | loss: 4.526329 | lrm: 1.00 | dt: 5161.93ms | tok/sec: 203,136 | bf16_mfu: 49.04 | epoch: 1 pq: 2 rg: 66 | total time: 9.19m | eta: 468.2m
step 00118/05568 (2.12%) | loss: 4.501209 | lrm: 1.00 | dt: 5160.25ms | tok/sec: 203,202 | bf16_mfu: 49.06 | epoch: 1 pq: 2 rg: 68 | total time: 9.28m | eta: 468.1m
step 00119/05568 (2.14%) | loss: 4.493572 | lrm: 1.00 | dt: 5160.04ms | tok/sec: 203,210 | bf16_mfu: 49.06 | epoch: 1 pq: 2 rg: 70 | total time: 9.36m | eta: 468.0m
step 00120/05568 (2.16%) | loss: 4.461786 | lrm: 1.00 | dt: 5159.78ms | tok/sec: 203,221 | bf16_mfu: 49.06 | epoch: 1 pq: 2 rg: 72 | total time: 9.45m | eta: 467.9m
step 00121/05568 (2.17%) | loss: 4.446283 | lrm: 1.00 | dt: 5162.60ms | tok/sec: 203,109 | bf16_mfu: 49.03 | epoch: 1 pq: 2 rg: 74 | total time: 9.53m | eta: 467.8m
step 00122/05568 (2.19%) | loss: 4.424795 | lrm: 1.00 | dt: 5159.92ms | tok/sec: 203,215 | bf16_mfu: 49.06 | epoch: 1 pq: 2 rg: 76 | total time: 9.62m | eta: 467.8m
step 00123/05568 (2.21%) | loss: 4.413448 | lrm: 1.00 | dt: 5159.79ms | tok/sec: 203,220 | bf16_mfu: 49.06 | epoch: 1 pq: 2 rg: 78 | total time: 9.71m | eta: 467.7m
step 00124/05568 (2.23%) | loss: 4.406681 | lrm: 1.00 | dt: 5159.35ms | tok/sec: 203,237 | bf16_mfu: 49.07 | epoch: 1 pq: 2 rg: 80 | total time: 9.79m | eta: 467.6m
step 00125/05568 (2.24%) | loss: 4.397573 | lrm: 1.00 | dt: 5158.75ms | tok/sec: 203,261 | bf16_mfu: 49.07 | epoch: 1 pq: 2 rg: 82 | total time: 9.88m | eta: 467.5m
step 00126/05568 (2.26%) | loss: 4.389338 | lrm: 1.00 | dt: 5161.57ms | tok/sec: 203,150 | bf16_mfu: 49.04 | epoch: 1 pq: 3 rg: 0 | total time: 9.96m | eta: 467.4m
step 00127/05568 (2.28%) | loss: 4.383215 | lrm: 1.00 | dt: 5159.57ms | tok/sec: 203,229 | bf16_mfu: 49.06 | epoch: 1 pq: 3 rg: 2 | total time: 10.05m | eta: 467.4m
step 00128/05568 (2.30%) | loss: 4.357326 | lrm: 1.00 | dt: 5157.36ms | tok/sec: 203,316 | bf16_mfu: 49.08 | epoch: 1 pq: 3 rg: 4 | total time: 10.14m | eta: 467.3m
step 00129/05568 (2.32%) | loss: 4.341993 | lrm: 1.00 | dt: 5161.90ms | tok/sec: 203,137 | bf16_mfu: 49.04 | epoch: 1 pq: 3 rg: 6 | total time: 10.22m | eta: 467.2m
step 00130/05568 (2.33%) | loss: 4.330669 | lrm: 1.00 | dt: 5162.19ms | tok/sec: 203,126 | bf16_mfu: 49.04 | epoch: 1 pq: 3 rg: 8 | total time: 10.31m | eta: 467.1m
step 00131/05568 (2.35%) | loss: 4.337181 | lrm: 1.00 | dt: 5155.99ms | tok/sec: 203,370 | bf16_mfu: 49.10 | epoch: 1 pq: 3 rg: 10 | total time: 10.39m | eta: 467.0m
step 00132/05568 (2.37%) | loss: 4.322303 | lrm: 1.00 | dt: 5162.52ms | tok/sec: 203,113 | bf16_mfu: 49.03 | epoch: 1 pq: 3 rg: 12 | total time: 10.48m | eta: 467.0m
step 00133/05568 (2.39%) | loss: 4.309791 | lrm: 1.00 | dt: 5157.35ms | tok/sec: 203,316 | bf16_mfu: 49.08 | epoch: 1 pq: 3 rg: 14 | total time: 10.57m | eta: 466.9m
step 00134/05568 (2.41%) | loss: 4.298587 | lrm: 1.00 | dt: 5160.78ms | tok/sec: 203,181 | bf16_mfu: 49.05 | epoch: 1 pq: 3 rg: 14 | total time: 10.65m | eta: 466.8m
step 00135/05568 (2.42%) | loss: 4.291382 | lrm: 1.00 | dt: 5160.47ms | tok/sec: 203,194 | bf16_mfu: 49.05 | epoch: 1 pq: 3 rg: 16 | total time: 10.74m | eta: 466.7m
step 00136/05568 (2.44%) | loss: 4.288352 | lrm: 1.00 | dt: 5160.38ms | tok/sec: 203,197 | bf16_mfu: 49.06 | epoch: 1 pq: 3 rg: 18 | total time: 10.82m | eta: 466.6m
step 00137/05568 (2.46%) | loss: 4.269692 | lrm: 1.00 | dt: 5162.67ms | tok/sec: 203,107 | bf16_mfu: 49.03 | epoch: 1 pq: 3 rg: 20 | total time: 10.91m | eta: 466.5m
step 00138/05568 (2.48%) | loss: 4.276054 | lrm: 1.00 | dt: 5156.97ms | tok/sec: 203,331 | bf16_mfu: 49.09 | epoch: 1 pq: 3 rg: 22 | total time: 11.00m | eta: 466.5m
step 00139/05568 (2.50%) | loss: 4.257424 | lrm: 1.00 | dt: 5158.20ms | tok/sec: 203,283 | bf16_mfu: 49.08 | epoch: 1 pq: 3 rg: 24 | total time: 11.08m | eta: 466.4m
step 00140/05568 (2.51%) | loss: 4.258193 | lrm: 1.00 | dt: 5161.40ms | tok/sec: 203,157 | bf16_mfu: 49.05 | epoch: 1 pq: 3 rg: 26 | total time: 11.17m | eta: 466.3m
step 00141/05568 (2.53%) | loss: 4.246245 | lrm: 1.00 | dt: 5157.24ms | tok/sec: 203,320 | bf16_mfu: 49.09 | epoch: 1 pq: 3 rg: 28 | total time: 11.25m | eta: 466.2m
step 00142/05568 (2.55%) | loss: 4.243818 | lrm: 1.00 | dt: 5162.59ms | tok/sec: 203,110 | bf16_mfu: 49.03 | epoch: 1 pq: 3 rg: 30 | total time: 11.34m | eta: 466.1m
step 00143/05568 (2.57%) | loss: 4.227768 | lrm: 1.00 | dt: 5158.59ms | tok/sec: 203,268 | bf16_mfu: 49.07 | epoch: 1 pq: 3 rg: 32 | total time: 11.43m | eta: 466.0m
step 00144/05568 (2.59%) | loss: 4.195178 | lrm: 1.00 | dt: 5160.46ms | tok/sec: 203,194 | bf16_mfu: 49.05 | epoch: 1 pq: 3 rg: 34 | total time: 11.51m | eta: 466.0m
step 00145/05568 (2.60%) | loss: 4.192049 | lrm: 1.00 | dt: 5162.05ms | tok/sec: 203,131 | bf16_mfu: 49.04 | epoch: 1 pq: 3 rg: 36 | total time: 11.60m | eta: 465.9m
step 00146/05568 (2.62%) | loss: 4.185855 | lrm: 1.00 | dt: 5157.48ms | tok/sec: 203,311 | bf16_mfu: 49.08 | epoch: 1 pq: 3 rg: 38 | total time: 11.68m | eta: 465.8m
step 00147/05568 (2.64%) | loss: 4.162198 | lrm: 1.00 | dt: 5161.71ms | tok/sec: 203,145 | bf16_mfu: 49.04 | epoch: 1 pq: 3 rg: 40 | total time: 11.77m | eta: 465.7m
step 00148/05568 (2.66%) | loss: 4.150603 | lrm: 1.00 | dt: 5162.47ms | tok/sec: 203,115 | bf16_mfu: 49.04 | epoch: 1 pq: 3 rg: 42 | total time: 11.86m | eta: 465.6m
step 00149/05568 (2.68%) | loss: 4.145828 | lrm: 1.00 | dt: 5156.90ms | tok/sec: 203,334 | bf16_mfu: 49.09 | epoch: 1 pq: 3 rg: 44 | total time: 11.94m | eta: 465.6m
step 00150/05568 (2.69%) | loss: 4.143285 | lrm: 1.00 | dt: 5159.09ms | tok/sec: 203,248 | bf16_mfu: 49.07 | epoch: 1 pq: 3 rg: 46 | total time: 12.03m | eta: 465.5m
step 00151/05568 (2.71%) | loss: 4.137913 | lrm: 1.00 | dt: 5160.12ms | tok/sec: 203,207 | bf16_mfu: 49.06 | epoch: 1 pq: 3 rg: 48 | total time: 12.11m | eta: 465.4m
step 00152/05568 (2.73%) | loss: 4.125731 | lrm: 1.00 | dt: 5159.06ms | tok/sec: 203,249 | bf16_mfu: 49.07 | epoch: 1 pq: 3 rg: 50 | total time: 12.20m | eta: 465.3m
step 00153/05568 (2.75%) | loss: 4.115220 | lrm: 1.00 | dt: 5158.66ms | tok/sec: 203,265 | bf16_mfu: 49.07 | epoch: 1 pq: 3 rg: 52 | total time: 12.29m | eta: 465.2m
step 00154/05568 (2.77%) | loss: 4.107168 | lrm: 1.00 | dt: 5161.15ms | tok/sec: 203,167 | bf16_mfu: 49.05 | epoch: 1 pq: 3 rg: 54 | total time: 12.37m | eta: 465.1m
step 00155/05568 (2.78%) | loss: 4.095423 | lrm: 1.00 | dt: 5158.90ms | tok/sec: 203,255 | bf16_mfu: 49.07 | epoch: 1 pq: 3 rg: 56 | total time: 12.46m | eta: 465.1m
step 00156/05568 (2.80%) | loss: 4.086843 | lrm: 1.00 | dt: 5158.96ms | tok/sec: 203,253 | bf16_mfu: 49.07 | epoch: 1 pq: 3 rg: 58 | total time: 12.54m | eta: 465.0m
step 00157/05568 (2.82%) | loss: 4.061795 | lrm: 1.00 | dt: 5162.12ms | tok/sec: 203,128 | bf16_mfu: 49.04 | epoch: 1 pq: 3 rg: 60 | total time: 12.63m | eta: 464.9m
step 00158/05568 (2.84%) | loss: 4.033938 | lrm: 1.00 | dt: 5158.41ms | tok/sec: 203,275 | bf16_mfu: 49.07 | epoch: 1 pq: 3 rg: 62 | total time: 12.72m | eta: 464.8m
step 00159/05568 (2.86%) | loss: 4.042473 | lrm: 1.00 | dt: 5161.31ms | tok/sec: 203,160 | bf16_mfu: 49.05 | epoch: 1 pq: 3 rg: 64 | total time: 12.80m | eta: 464.7m
step 00160/05568 (2.87%) | loss: 4.033273 | lrm: 1.00 | dt: 5161.02ms | tok/sec: 203,172 | bf16_mfu: 49.05 | epoch: 1 pq: 3 rg: 66 | total time: 12.89m | eta: 464.6m
step 00161/05568 (2.89%) | loss: 4.016924 | lrm: 1.00 | dt: 5156.70ms | tok/sec: 203,342 | bf16_mfu: 49.09 | epoch: 1 pq: 3 rg: 68 | total time: 12.97m | eta: 464.6m
step 00162/05568 (2.91%) | loss: 4.005038 | lrm: 1.00 | dt: 5161.51ms | tok/sec: 203,152 | bf16_mfu: 49.04 | epoch: 1 pq: 3 rg: 70 | total time: 13.06m | eta: 464.5m
step 00163/05568 (2.93%) | loss: 3.986785 | lrm: 1.00 | dt: 5159.48ms | tok/sec: 203,232 | bf16_mfu: 49.06 | epoch: 1 pq: 3 rg: 72 | total time: 13.15m | eta: 464.4m
step 00164/05568 (2.95%) | loss: 3.990941 | lrm: 1.00 | dt: 5158.98ms | tok/sec: 203,252 | bf16_mfu: 49.07 | epoch: 1 pq: 3 rg: 72 | total time: 13.23m | eta: 464.3m
step 00165/05568 (2.96%) | loss: 3.988399 | lrm: 1.00 | dt: 5163.06ms | tok/sec: 203,091 | bf16_mfu: 49.03 | epoch: 1 pq: 3 rg: 74 | total time: 13.32m | eta: 464.2m
step 00166/05568 (2.98%) | loss: 3.981460 | lrm: 1.00 | dt: 5159.01ms | tok/sec: 203,251 | bf16_mfu: 49.07 | epoch: 1 pq: 3 rg: 76 | total time: 13.40m | eta: 464.1m
step 00167/05568 (3.00%) | loss: 3.952838 | lrm: 1.00 | dt: 5157.37ms | tok/sec: 203,316 | bf16_mfu: 49.08 | epoch: 1 pq: 3 rg: 78 | total time: 13.49m | eta: 464.1m
step 00168/05568 (3.02%) | loss: 3.944738 | lrm: 1.00 | dt: 5160.97ms | tok/sec: 203,174 | bf16_mfu: 49.05 | epoch: 1 pq: 3 rg: 80 | total time: 13.58m | eta: 464.0m
step 00169/05568 (3.04%) | loss: 3.940594 | lrm: 1.00 | dt: 5157.29ms | tok/sec: 203,319 | bf16_mfu: 49.08 | epoch: 1 pq: 4 rg: 0 | total time: 13.66m | eta: 463.9m
step 00170/05568 (3.05%) | loss: 3.940610 | lrm: 1.00 | dt: 5161.12ms | tok/sec: 203,168 | bf16_mfu: 49.05 | epoch: 1 pq: 4 rg: 2 | total time: 13.75m | eta: 463.8m
step 00171/05568 (3.07%) | loss: 3.923748 | lrm: 1.00 | dt: 5160.30ms | tok/sec: 203,200 | bf16_mfu: 49.06 | epoch: 1 pq: 4 rg: 4 | total time: 13.83m | eta: 463.7m
step 00172/05568 (3.09%) | loss: 3.921622 | lrm: 1.00 | dt: 5158.62ms | tok/sec: 203,266 | bf16_mfu: 49.07 | epoch: 1 pq: 4 rg: 6 | total time: 13.92m | eta: 463.6m
step 00173/05568 (3.11%) | loss: 3.907528 | lrm: 1.00 | dt: 5160.37ms | tok/sec: 203,197 | bf16_mfu: 49.06 | epoch: 1 pq: 4 rg: 8 | total time: 14.01m | eta: 463.6m
step 00174/05568 (3.12%) | loss: 3.885473 | lrm: 1.00 | dt: 5158.91ms | tok/sec: 203,255 | bf16_mfu: 49.07 | epoch: 1 pq: 4 rg: 10 | total time: 14.09m | eta: 463.5m
step 00175/05568 (3.14%) | loss: 3.873692 | lrm: 1.00 | dt: 5161.80ms | tok/sec: 203,141 | bf16_mfu: 49.04 | epoch: 1 pq: 4 rg: 12 | total time: 14.18m | eta: 463.4m
step 00176/05568 (3.16%) | loss: 3.865531 | lrm: 1.00 | dt: 5158.18ms | tok/sec: 203,284 | bf16_mfu: 49.08 | epoch: 1 pq: 4 rg: 14 | total time: 14.26m | eta: 463.3m
step 00177/05568 (3.18%) | loss: 3.855728 | lrm: 1.00 | dt: 5162.04ms | tok/sec: 203,132 | bf16_mfu: 49.04 | epoch: 1 pq: 4 rg: 16 | total time: 14.35m | eta: 463.2m
step 00178/05568 (3.20%) | loss: 3.868363 | lrm: 1.00 | dt: 5158.48ms | tok/sec: 203,272 | bf16_mfu: 49.07 | epoch: 1 pq: 4 rg: 18 | total time: 14.44m | eta: 463.1m
step 00179/05568 (3.21%) | loss: 3.867913 | lrm: 1.00 | dt: 5158.61ms | tok/sec: 203,267 | bf16_mfu: 49.07 | epoch: 1 pq: 4 rg: 20 | total time: 14.52m | eta: 463.1m
step 00180/05568 (3.23%) | loss: 3.848449 | lrm: 1.00 | dt: 5161.92ms | tok/sec: 203,136 | bf16_mfu: 49.04 | epoch: 1 pq: 4 rg: 22 | total time: 14.61m | eta: 463.0m
step 00181/05568 (3.25%) | loss: 3.844758 | lrm: 1.00 | dt: 5160.58ms | tok/sec: 203,189 | bf16_mfu: 49.05 | epoch: 1 pq: 4 rg: 24 | total time: 14.69m | eta: 462.9m
step 00182/05568 (3.27%) | loss: 3.835692 | lrm: 1.00 | dt: 5159.66ms | tok/sec: 203,225 | bf16_mfu: 49.06 | epoch: 1 pq: 4 rg: 26 | total time: 14.78m | eta: 462.8m
step 00183/05568 (3.29%) | loss: 3.841912 | lrm: 1.00 | dt: 5158.17ms | tok/sec: 203,284 | bf16_mfu: 49.08 | epoch: 1 pq: 4 rg: 28 | total time: 14.87m | eta: 462.7m
step 00184/05568 (3.30%) | loss: 3.855186 | lrm: 1.00 | dt: 5158.61ms | tok/sec: 203,267 | bf16_mfu: 49.07 | epoch: 1 pq: 4 rg: 30 | total time: 14.95m | eta: 462.6m
step 00185/05568 (3.32%) | loss: 3.846314 | lrm: 1.00 | dt: 5159.71ms | tok/sec: 203,223 | bf16_mfu: 49.06 | epoch: 1 pq: 4 rg: 32 | total time: 15.04m | eta: 462.6m
step 00186/05568 (3.34%) | loss: 3.832449 | lrm: 1.00 | dt: 5163.02ms | tok/sec: 203,093 | bf16_mfu: 49.03 | epoch: 1 pq: 4 rg: 34 | total time: 15.12m | eta: 462.5m
step 00187/05568 (3.36%) | loss: 3.814176 | lrm: 1.00 | dt: 5158.80ms | tok/sec: 203,259 | bf16_mfu: 49.07 | epoch: 1 pq: 4 rg: 36 | total time: 15.21m | eta: 462.4m
step 00188/05568 (3.38%) | loss: 3.801916 | lrm: 1.00 | dt: 5161.81ms | tok/sec: 203,140 | bf16_mfu: 49.04 | epoch: 1 pq: 4 rg: 38 | total time: 15.30m | eta: 462.3m
step 00189/05568 (3.39%) | loss: 3.792383 | lrm: 1.00 | dt: 5487.31ms | tok/sec: 191,091 | bf16_mfu: 46.13 | epoch: 1 pq: 4 rg: 40 | total time: 15.39m | eta: 462.4m
step 00190/05568 (3.41%) | loss: 3.782431 | lrm: 1.00 | dt: 5135.70ms | tok/sec: 204,174 | bf16_mfu: 49.29 | epoch: 1 pq: 4 rg: 42 | total time: 15.47m | eta: 462.3m
step 00191/05568 (3.43%) | loss: 3.790861 | lrm: 1.00 | dt: 5156.00ms | tok/sec: 203,370 | bf16_mfu: 49.10 | epoch: 1 pq: 4 rg: 44 | total time: 15.56m | eta: 462.2m
step 00192/05568 (3.45%) | loss: 3.772470 | lrm: 1.00 | dt: 5158.98ms | tok/sec: 203,252 | bf16_mfu: 49.07 | epoch: 1 pq: 4 rg: 46 | total time: 15.64m | eta: 462.1m
step 00193/05568 (3.47%) | loss: 3.786007 | lrm: 1.00 | dt: 5183.57ms | tok/sec: 202,288 | bf16_mfu: 48.84 | epoch: 1 pq: 4 rg: 48 | total time: 15.73m | eta: 462.0m
step 00194/05568 (3.48%) | loss: 3.786598 | lrm: 1.00 | dt: 5158.15ms | tok/sec: 203,285 | bf16_mfu: 49.08 | epoch: 1 pq: 4 rg: 50 | total time: 15.82m | eta: 462.0m
step 00195/05568 (3.50%) | loss: 3.788562 | lrm: 1.00 | dt: 5675.72ms | tok/sec: 184,747 | bf16_mfu: 44.60 | epoch: 1 pq: 4 rg: 52 | total time: 15.91m | eta: 462.1m
step 00196/05568 (3.52%) | loss: 3.778549 | lrm: 1.00 | dt: 8411.71ms | tok/sec: 124,656 | bf16_mfu: 30.09 | epoch: 1 pq: 4 rg: 54 | total time: 16.05m | eta: 463.6m
step 00197/05568 (3.54%) | loss: 3.774669 | lrm: 1.00 | dt: 5154.81ms | tok/sec: 203,417 | bf16_mfu: 49.11 | epoch: 1 pq: 4 rg: 56 | total time: 16.14m | eta: 463.5m
step 00198/05568 (3.56%) | loss: 3.764403 | lrm: 1.00 | dt: 5157.31ms | tok/sec: 203,318 | bf16_mfu: 49.08 | epoch: 1 pq: 4 rg: 56 | total time: 16.22m | eta: 463.4m
step 00199/05568 (3.57%) | loss: 3.743831 | lrm: 1.00 | dt: 5157.32ms | tok/sec: 203,318 | bf16_mfu: 49.08 | epoch: 1 pq: 4 rg: 60 | total time: 16.31m | eta: 463.3m
step 00200/05568 (3.59%) | loss: 3.731841 | lrm: 1.00 | dt: 5092.33ms | tok/sec: 205,912 | bf16_mfu: 49.71 | epoch: 1 pq: 4 rg: 60 | total time: 16.39m | eta: 463.2m
step 00201/05568 (3.61%) | loss: 3.713905 | lrm: 1.00 | dt: 5133.83ms | tok/sec: 204,248 | bf16_mfu: 49.31 | epoch: 1 pq: 4 rg: 62 | total time: 16.48m | eta: 463.1m
step 00202/05568 (3.63%) | loss: 3.694706 | lrm: 1.00 | dt: 5148.96ms | tok/sec: 203,648 | bf16_mfu: 49.16 | epoch: 1 pq: 4 rg: 64 | total time: 16.57m | eta: 463.0m
step 00203/05568 (3.65%) | loss: 3.687078 | lrm: 1.00 | dt: 5162.63ms | tok/sec: 203,109 | bf16_mfu: 49.03 | epoch: 1 pq: 4 rg: 66 | total time: 16.65m | eta: 462.9m
step 00204/05568 (3.66%) | loss: 3.671469 | lrm: 1.00 | dt: 5158.38ms | tok/sec: 203,276 | bf16_mfu: 49.07 | epoch: 1 pq: 4 rg: 68 | total time: 16.74m | eta: 462.8m
step 00205/05568 (3.68%) | loss: 3.670948 | lrm: 1.00 | dt: 5161.81ms | tok/sec: 203,140 | bf16_mfu: 49.04 | epoch: 1 pq: 4 rg: 70 | total time: 16.82m | eta: 462.7m
step 00206/05568 (3.70%) | loss: 3.659362 | lrm: 1.00 | dt: 5158.87ms | tok/sec: 203,256 | bf16_mfu: 49.07 | epoch: 1 pq: 4 rg: 72 | total time: 16.91m | eta: 462.6m
step 00207/05568 (3.72%) | loss: 3.658068 | lrm: 1.00 | dt: 5159.81ms | tok/sec: 203,220 | bf16_mfu: 49.06 | epoch: 1 pq: 4 rg: 74 | total time: 17.00m | eta: 462.5m
step 00208/05568 (3.74%) | loss: 3.651236 | lrm: 1.00 | dt: 5159.79ms | tok/sec: 203,220 | bf16_mfu: 49.06 | epoch: 1 pq: 4 rg: 76 | total time: 17.08m | eta: 462.4m
step 00209/05568 (3.75%) | loss: 3.654960 | lrm: 1.00 | dt: 5160.42ms | tok/sec: 203,195 | bf16_mfu: 49.05 | epoch: 1 pq: 4 rg: 78 | total time: 17.17m | eta: 462.3m
step 00210/05568 (3.77%) | loss: 3.631749 | lrm: 1.00 | dt: 5532.69ms | tok/sec: 189,523 | bf16_mfu: 45.75 | epoch: 1 pq: 4 rg: 80 | total time: 17.26m | eta: 462.4m
step 00211/05568 (3.79%) | loss: 3.608759 | lrm: 1.00 | dt: 5131.31ms | tok/sec: 204,348 | bf16_mfu: 49.33 | epoch: 1 pq: 5 rg: 0 | total time: 17.35m | eta: 462.3m
step 00212/05568 (3.81%) | loss: 3.607735 | lrm: 1.00 | dt: 5154.32ms | tok/sec: 203,436 | bf16_mfu: 49.11 | epoch: 1 pq: 5 rg: 2 | total time: 17.43m | eta: 462.2m
step 00213/05568 (3.83%) | loss: 3.594746 | lrm: 1.00 | dt: 5150.27ms | tok/sec: 203,596 | bf16_mfu: 49.15 | epoch: 1 pq: 5 rg: 4 | total time: 17.52m | eta: 462.1m
step 00214/05568 (3.84%) | loss: 3.577127 | lrm: 1.00 | dt: 5148.86ms | tok/sec: 203,652 | bf16_mfu: 49.17 | epoch: 1 pq: 5 rg: 6 | total time: 17.60m | eta: 462.0m
step 00215/05568 (3.86%) | loss: 3.565415 | lrm: 1.00 | dt: 5159.33ms | tok/sec: 203,238 | bf16_mfu: 49.07 | epoch: 1 pq: 5 rg: 8 | total time: 17.69m | eta: 461.9m
step 00216/05568 (3.88%) | loss: 3.554983 | lrm: 1.00 | dt: 5519.00ms | tok/sec: 189,993 | bf16_mfu: 45.87 | epoch: 1 pq: 5 rg: 10 | total time: 17.78m | eta: 462.0m
step 00217/05568 (3.90%) | loss: 3.528435 | lrm: 1.00 | dt: 5157.33ms | tok/sec: 203,317 | bf16_mfu: 49.08 | epoch: 1 pq: 5 rg: 12 | total time: 17.87m | eta: 461.9m
step 00218/05568 (3.92%) | loss: 3.533040 | lrm: 1.00 | dt: 5161.55ms | tok/sec: 203,151 | bf16_mfu: 49.04 | epoch: 1 pq: 5 rg: 14 | total time: 17.95m | eta: 461.8m
step 00219/05568 (3.93%) | loss: 3.528485 | lrm: 1.00 | dt: 5158.85ms | tok/sec: 203,257 | bf16_mfu: 49.07 | epoch: 1 pq: 5 rg: 16 | total time: 18.04m | eta: 461.7m
step 00220/05568 (3.95%) | loss: 3.548416 | lrm: 1.00 | dt: 5163.42ms | tok/sec: 203,077 | bf16_mfu: 49.03 | epoch: 1 pq: 5 rg: 18 | total time: 18.13m | eta: 461.6m
step 00221/05568 (3.97%) | loss: 3.521990 | lrm: 1.00 | dt: 5157.71ms | tok/sec: 203,302 | bf16_mfu: 49.08 | epoch: 1 pq: 5 rg: 20 | total time: 18.21m | eta: 461.5m
step 00222/05568 (3.99%) | loss: 3.515211 | lrm: 1.00 | dt: 5159.51ms | tok/sec: 203,231 | bf16_mfu: 49.06 | epoch: 1 pq: 5 rg: 22 | total time: 18.30m | eta: 461.4m
step 00223/05568 (4.01%) | loss: 3.518955 | lrm: 1.00 | dt: 5157.42ms | tok/sec: 203,314 | bf16_mfu: 49.08 | epoch: 1 pq: 5 rg: 24 | total time: 18.38m | eta: 461.3m
step 00224/05568 (4.02%) | loss: 3.515530 | lrm: 1.00 | dt: 5146.93ms | tok/sec: 203,728 | bf16_mfu: 49.18 | epoch: 1 pq: 5 rg: 26 | total time: 18.47m | eta: 461.2m
step 00225/05568 (4.04%) | loss: 3.531720 | lrm: 1.00 | dt: 5156.25ms | tok/sec: 203,360 | bf16_mfu: 49.09 | epoch: 1 pq: 5 rg: 28 | total time: 18.55m | eta: 461.1m
step 00226/05568 (4.06%) | loss: 3.539226 | lrm: 1.00 | dt: 5163.17ms | tok/sec: 203,087 | bf16_mfu: 49.03 | epoch: 1 pq: 5 rg: 30 | total time: 18.64m | eta: 461.0m
step 00227/05568 (4.08%) | loss: 3.536724 | lrm: 1.00 | dt: 5159.60ms | tok/sec: 203,228 | bf16_mfu: 49.06 | epoch: 1 pq: 5 rg: 32 | total time: 18.73m | eta: 460.9m
step 00228/05568 (4.09%) | loss: 3.523772 | lrm: 1.00 | dt: 5154.21ms | tok/sec: 203,440 | bf16_mfu: 49.11 | epoch: 1 pq: 5 rg: 32 | total time: 18.81m | eta: 460.8m
step 00229/05568 (4.11%) | loss: 3.526907 | lrm: 1.00 | dt: 5164.63ms | tok/sec: 203,030 | bf16_mfu: 49.01 | epoch: 1 pq: 5 rg: 34 | total time: 18.90m | eta: 460.7m
step 00230/05568 (4.13%) | loss: 3.512112 | lrm: 1.00 | dt: 5158.89ms | tok/sec: 203,256 | bf16_mfu: 49.07 | epoch: 1 pq: 5 rg: 36 | total time: 18.98m | eta: 460.6m
step 00231/05568 (4.15%) | loss: 3.497740 | lrm: 1.00 | dt: 5159.46ms | tok/sec: 203,233 | bf16_mfu: 49.06 | epoch: 1 pq: 5 rg: 38 | total time: 19.07m | eta: 460.5m
step 00232/05568 (4.17%) | loss: 3.489960 | lrm: 1.00 | dt: 5159.64ms | tok/sec: 203,226 | bf16_mfu: 49.06 | epoch: 1 pq: 5 rg: 40 | total time: 19.16m | eta: 460.5m
step 00233/05568 (4.18%) | loss: 3.478785 | lrm: 1.00 | dt: 5160.51ms | tok/sec: 203,192 | bf16_mfu: 49.05 | epoch: 1 pq: 5 rg: 42 | total time: 19.24m | eta: 460.4m
step 00234/05568 (4.20%) | loss: 3.477898 | lrm: 1.00 | dt: 5158.28ms | tok/sec: 203,280 | bf16_mfu: 49.08 | epoch: 1 pq: 5 rg: 44 | total time: 19.33m | eta: 460.3m
step 00235/05568 (4.22%) | loss: 3.463018 | lrm: 1.00 | dt: 5151.85ms | tok/sec: 203,533 | bf16_mfu: 49.14 | epoch: 1 pq: 5 rg: 46 | total time: 19.41m | eta: 460.2m
step 00236/05568 (4.24%) | loss: 3.458048 | lrm: 1.00 | dt: 5161.26ms | tok/sec: 203,162 | bf16_mfu: 49.05 | epoch: 1 pq: 5 rg: 48 | total time: 19.50m | eta: 460.1m
step 00237/05568 (4.26%) | loss: 3.433142 | lrm: 1.00 | dt: 5152.55ms | tok/sec: 203,506 | bf16_mfu: 49.13 | epoch: 1 pq: 5 rg: 50 | total time: 19.59m | eta: 460.0m
step 00238/05568 (4.27%) | loss: 3.431334 | lrm: 1.00 | dt: 5151.65ms | tok/sec: 203,541 | bf16_mfu: 49.14 | epoch: 1 pq: 5 rg: 52 | total time: 19.67m | eta: 459.9m
step 00239/05568 (4.29%) | loss: 3.432237 | lrm: 1.00 | dt: 5152.97ms | tok/sec: 203,489 | bf16_mfu: 49.13 | epoch: 1 pq: 5 rg: 54 | total time: 19.76m | eta: 459.8m
step 00240/05568 (4.31%) | loss: 3.420097 | lrm: 1.00 | dt: 5150.40ms | tok/sec: 203,591 | bf16_mfu: 49.15 | epoch: 1 pq: 5 rg: 56 | total time: 19.84m | eta: 459.7m
step 00241/05568 (4.33%) | loss: 3.440640 | lrm: 1.00 | dt: 5159.36ms | tok/sec: 203,237 | bf16_mfu: 49.06 | epoch: 1 pq: 5 rg: 58 | total time: 19.93m | eta: 459.6m
step 00242/05568 (4.35%) | loss: 3.442440 | lrm: 1.00 | dt: 5161.02ms | tok/sec: 203,172 | bf16_mfu: 49.05 | epoch: 1 pq: 5 rg: 60 | total time: 20.02m | eta: 459.5m
step 00243/05568 (4.36%) | loss: 3.430155 | lrm: 1.00 | dt: 5159.46ms | tok/sec: 203,233 | bf16_mfu: 49.06 | epoch: 1 pq: 5 rg: 62 | total time: 20.10m | eta: 459.4m
step 00244/05568 (4.38%) | loss: 3.443083 | lrm: 1.00 | dt: 5157.15ms | tok/sec: 203,324 | bf16_mfu: 49.09 | epoch: 1 pq: 5 rg: 64 | total time: 20.19m | eta: 459.3m
step 00245/05568 (4.40%) | loss: 3.437160 | lrm: 1.00 | dt: 5159.22ms | tok/sec: 203,243 | bf16_mfu: 49.07 | epoch: 1 pq: 5 rg: 66 | total time: 20.27m | eta: 459.2m
step 00246/05568 (4.42%) | loss: 3.423087 | lrm: 1.00 | dt: 5158.67ms | tok/sec: 203,264 | bf16_mfu: 49.07 | epoch: 1 pq: 5 rg: 68 | total time: 20.36m | eta: 459.1m
step 00247/05568 (4.44%) | loss: 3.429097 | lrm: 1.00 | dt: 5163.72ms | tok/sec: 203,066 | bf16_mfu: 49.02 | epoch: 1 pq: 5 rg: 70 | total time: 20.45m | eta: 459.0m
step 00248/05568 (4.45%) | loss: 3.403870 | lrm: 1.00 | dt: 5159.10ms | tok/sec: 203,247 | bf16_mfu: 49.07 | epoch: 1 pq: 5 rg: 72 | total time: 20.53m | eta: 459.0m
step 00249/05568 (4.47%) | loss: 3.399222 | lrm: 1.00 | dt: 5154.39ms | tok/sec: 203,433 | bf16_mfu: 49.11 | epoch: 1 pq: 5 rg: 74 | total time: 20.62m | eta: 458.9m
Step 00250 | Validation bpb: 1.029017
step 00250/05568 (4.49%) | loss: 3.397959 | lrm: 1.00 | dt: 5147.94ms | tok/sec: 203,688 | bf16_mfu: 49.17 | epoch: 1 pq: 5 rg: 76 | total time: 20.70m | eta: 458.8m
step 00251/05568 (4.51%) | loss: 3.402582 | lrm: 1.00 | dt: 5153.95ms | tok/sec: 203,451 | bf16_mfu: 49.12 | epoch: 1 pq: 5 rg: 78 | total time: 20.79m | eta: 458.7m
step 00252/05568 (4.53%) | loss: 3.391724 | lrm: 1.00 | dt: 5159.20ms | tok/sec: 203,243 | bf16_mfu: 49.07 | epoch: 1 pq: 5 rg: 80 | total time: 20.88m | eta: 458.6m
step 00253/05568 (4.54%) | loss: 3.391294 | lrm: 1.00 | dt: 5160.78ms | tok/sec: 203,181 | bf16_mfu: 49.05 | epoch: 1 pq: 5 rg: 82 | total time: 20.96m | eta: 458.5m
step 00254/05568 (4.56%) | loss: 3.388730 | lrm: 1.00 | dt: 5160.18ms | tok/sec: 203,205 | bf16_mfu: 49.06 | epoch: 1 pq: 6 rg: 0 | total time: 21.05m | eta: 458.4m
step 00255/05568 (4.58%) | loss: 3.379465 | lrm: 1.00 | dt: 5159.01ms | tok/sec: 203,251 | bf16_mfu: 49.07 | epoch: 1 pq: 6 rg: 2 | total time: 21.13m | eta: 458.3m
step 00256/05568 (4.60%) | loss: 3.376819 | lrm: 1.00 | dt: 5258.26ms | tok/sec: 199,415 | bf16_mfu: 48.14 | epoch: 1 pq: 6 rg: 4 | total time: 21.22m | eta: 458.2m
step 00257/05568 (4.62%) | loss: 3.366567 | lrm: 1.00 | dt: 5160.82ms | tok/sec: 203,180 | bf16_mfu: 49.05 | epoch: 1 pq: 6 rg: 6 | total time: 21.31m | eta: 458.2m
step 00258/05568 (4.63%) | loss: 3.361038 | lrm: 1.00 | dt: 5162.55ms | tok/sec: 203,111 | bf16_mfu: 49.03 | epoch: 1 pq: 6 rg: 6 | total time: 21.39m | eta: 458.1m
step 00259/05568 (4.65%) | loss: 3.368796 | lrm: 1.00 | dt: 5156.30ms | tok/sec: 203,358 | bf16_mfu: 49.09 | epoch: 1 pq: 6 rg: 8 | total time: 21.48m | eta: 458.0m
step 00260/05568 (4.67%) | loss: 3.391971 | lrm: 1.00 | dt: 5160.69ms | tok/sec: 203,185 | bf16_mfu: 49.05 | epoch: 1 pq: 6 rg: 10 | total time: 21.57m | eta: 457.9m
step 00261/05568 (4.69%) | loss: 3.387677 | lrm: 1.00 | dt: 5161.81ms | tok/sec: 203,141 | bf16_mfu: 49.04 | epoch: 1 pq: 6 rg: 12 | total time: 21.65m | eta: 457.8m
step 00262/05568 (4.71%) | loss: 3.385299 | lrm: 1.00 | dt: 5157.34ms | tok/sec: 203,317 | bf16_mfu: 49.08 | epoch: 1 pq: 6 rg: 14 | total time: 21.74m | eta: 457.7m
step 00263/05568 (4.72%) | loss: 3.379820 | lrm: 1.00 | dt: 5162.39ms | tok/sec: 203,118 | bf16_mfu: 49.04 | epoch: 1 pq: 6 rg: 16 | total time: 21.82m | eta: 457.6m
step 00264/05568 (4.74%) | loss: 3.353632 | lrm: 1.00 | dt: 5159.09ms | tok/sec: 203,248 | bf16_mfu: 49.07 | epoch: 1 pq: 6 rg: 18 | total time: 21.91m | eta: 457.5m
step 00265/05568 (4.76%) | loss: 3.352804 | lrm: 1.00 | dt: 5156.72ms | tok/sec: 203,341 | bf16_mfu: 49.09 | epoch: 1 pq: 6 rg: 20 | total time: 22.00m | eta: 457.4m
step 00266/05568 (4.78%) | loss: 3.334016 | lrm: 1.00 | dt: 5161.43ms | tok/sec: 203,156 | bf16_mfu: 49.05 | epoch: 1 pq: 6 rg: 22 | total time: 22.08m | eta: 457.3m
step 00267/05568 (4.80%) | loss: 3.347577 | lrm: 1.00 | dt: 5160.27ms | tok/sec: 203,201 | bf16_mfu: 49.06 | epoch: 1 pq: 6 rg: 24 | total time: 22.17m | eta: 457.2m
step 00268/05568 (4.81%) | loss: 3.354834 | lrm: 1.00 | dt: 5158.50ms | tok/sec: 203,271 | bf16_mfu: 49.07 | epoch: 1 pq: 6 rg: 26 | total time: 22.25m | eta: 457.1m
step 00269/05568 (4.83%) | loss: 3.358896 | lrm: 1.00 | dt: 5151.98ms | tok/sec: 203,528 | bf16_mfu: 49.14 | epoch: 1 pq: 6 rg: 28 | total time: 22.34m | eta: 457.0m
step 00270/05568 (4.85%) | loss: 3.358566 | lrm: 1.00 | dt: 5165.69ms | tok/sec: 202,988 | bf16_mfu: 49.00 | epoch: 1 pq: 6 rg: 30 | total time: 22.43m | eta: 457.0m
step 00271/05568 (4.87%) | loss: 3.352872 | lrm: 1.00 | dt: 5158.66ms | tok/sec: 203,265 | bf16_mfu: 49.07 | epoch: 1 pq: 6 rg: 32 | total time: 22.51m | eta: 456.9m
step 00272/05568 (4.89%) | loss: 3.347087 | lrm: 1.00 | dt: 5162.65ms | tok/sec: 203,107 | bf16_mfu: 49.03 | epoch: 1 pq: 6 rg: 34 | total time: 22.60m | eta: 456.8m
step 00273/05568 (4.90%) | loss: 3.332686 | lrm: 1.00 | dt: 5156.85ms | tok/sec: 203,336 | bf16_mfu: 49.09 | epoch: 1 pq: 6 rg: 36 | total time: 22.68m | eta: 456.7m
step 00274/05568 (4.92%) | loss: 3.330190 | lrm: 1.00 | dt: 5162.49ms | tok/sec: 203,114 | bf16_mfu: 49.04 | epoch: 1 pq: 6 rg: 38 | total time: 22.77m | eta: 456.6m
step 00275/05568 (4.94%) | loss: 3.331313 | lrm: 1.00 | dt: 5157.17ms | tok/sec: 203,323 | bf16_mfu: 49.09 | epoch: 1 pq: 6 rg: 40 | total time: 22.86m | eta: 456.5m
step 00276/05568 (4.96%) | loss: 3.340482 | lrm: 1.00 | dt: 5142.94ms | tok/sec: 203,886 | bf16_mfu: 49.22 | epoch: 1 pq: 6 rg: 42 | total time: 22.94m | eta: 456.4m
step 00277/05568 (4.97%) | loss: 3.329337 | lrm: 1.00 | dt: 5156.71ms | tok/sec: 203,341 | bf16_mfu: 49.09 | epoch: 1 pq: 6 rg: 44 | total time: 23.03m | eta: 456.3m
step 00278/05568 (4.99%) | loss: 3.332762 | lrm: 1.00 | dt: 5140.52ms | tok/sec: 203,982 | bf16_mfu: 49.24 | epoch: 1 pq: 6 rg: 46 | total time: 23.11m | eta: 456.2m
step 00279/05568 (5.01%) | loss: 3.327979 | lrm: 1.00 | dt: 5143.19ms | tok/sec: 203,876 | bf16_mfu: 49.22 | epoch: 1 pq: 6 rg: 48 | total time: 23.20m | eta: 456.1m
step 00280/05568 (5.03%) | loss: 3.313067 | lrm: 1.00 | dt: 5142.74ms | tok/sec: 203,894 | bf16_mfu: 49.22 | epoch: 1 pq: 6 rg: 50 | total time: 23.28m | eta: 456.0m
step 00281/05568 (5.05%) | loss: 3.310453 | lrm: 1.00 | dt: 5154.32ms | tok/sec: 203,436 | bf16_mfu: 49.11 | epoch: 1 pq: 6 rg: 52 | total time: 23.37m | eta: 455.9m
step 00282/05568 (5.06%) | loss: 3.293485 | lrm: 1.00 | dt: 5143.77ms | tok/sec: 203,853 | bf16_mfu: 49.21 | epoch: 1 pq: 6 rg: 54 | total time: 23.46m | eta: 455.8m
step 00283/05568 (5.08%) | loss: 3.306831 | lrm: 1.00 | dt: 5150.34ms | tok/sec: 203,593 | bf16_mfu: 49.15 | epoch: 1 pq: 6 rg: 56 | total time: 23.54m | eta: 455.7m
step 00284/05568 (5.10%) | loss: 3.289563 | lrm: 1.00 | dt: 5147.41ms | tok/sec: 203,709 | bf16_mfu: 49.18 | epoch: 1 pq: 6 rg: 58 | total time: 23.63m | eta: 455.6m
step 00285/05568 (5.12%) | loss: 3.285624 | lrm: 1.00 | dt: 5138.22ms | tok/sec: 204,073 | bf16_mfu: 49.27 | epoch: 1 pq: 6 rg: 60 | total time: 23.71m | eta: 455.5m
step 00286/05568 (5.14%) | loss: 3.276941 | lrm: 1.00 | dt: 5139.05ms | tok/sec: 204,040 | bf16_mfu: 49.26 | epoch: 1 pq: 6 rg: 62 | total time: 23.80m | eta: 455.4m
step 00287/05568 (5.15%) | loss: 3.276332 | lrm: 1.00 | dt: 5153.76ms | tok/sec: 203,458 | bf16_mfu: 49.12 | epoch: 1 pq: 6 rg: 62 | total time: 23.88m | eta: 455.4m
step 00288/05568 (5.17%) | loss: 3.277631 | lrm: 1.00 | dt: 5214.05ms | tok/sec: 201,105 | bf16_mfu: 48.55 | epoch: 1 pq: 6 rg: 64 | total time: 23.97m | eta: 455.3m
step 00289/05568 (5.19%) | loss: 3.281929 | lrm: 1.00 | dt: 5190.81ms | tok/sec: 202,006 | bf16_mfu: 48.77 | epoch: 1 pq: 6 rg: 66 | total time: 24.06m | eta: 455.2m
step 00290/05568 (5.21%) | loss: 3.282766 | lrm: 1.00 | dt: 5141.95ms | tok/sec: 203,925 | bf16_mfu: 49.23 | epoch: 1 pq: 6 rg: 68 | total time: 24.14m | eta: 455.1m
step 00291/05568 (5.23%) | loss: 3.294647 | lrm: 1.00 | dt: 5132.62ms | tok/sec: 204,296 | bf16_mfu: 49.32 | epoch: 1 pq: 6 rg: 70 | total time: 24.23m | eta: 455.0m
step 00292/05568 (5.24%) | loss: 3.287344 | lrm: 1.00 | dt: 5130.25ms | tok/sec: 204,390 | bf16_mfu: 49.34 | epoch: 1 pq: 6 rg: 72 | total time: 24.31m | eta: 454.9m
step 00293/05568 (5.26%) | loss: 3.286319 | lrm: 1.00 | dt: 5133.88ms | tok/sec: 204,246 | bf16_mfu: 49.31 | epoch: 1 pq: 6 rg: 74 | total time: 24.40m | eta: 454.8m
step 00294/05568 (5.28%) | loss: 3.275718 | lrm: 1.00 | dt: 5128.48ms | tok/sec: 204,461 | bf16_mfu: 49.36 | epoch: 1 pq: 6 rg: 76 | total time: 24.49m | eta: 454.7m
step 00295/05568 (5.30%) | loss: 3.266802 | lrm: 1.00 | dt: 5142.29ms | tok/sec: 203,912 | bf16_mfu: 49.23 | epoch: 1 pq: 6 rg: 78 | total time: 24.57m | eta: 454.6m
step 00296/05568 (5.32%) | loss: 3.267028 | lrm: 1.00 | dt: 5131.24ms | tok/sec: 204,351 | bf16_mfu: 49.33 | epoch: 1 pq: 6 rg: 80 | total time: 24.66m | eta: 454.5m
step 00297/05568 (5.33%) | loss: 3.255621 | lrm: 1.00 | dt: 5134.93ms | tok/sec: 204,204 | bf16_mfu: 49.30 | epoch: 1 pq: 7 rg: 0 | total time: 24.74m | eta: 454.4m
step 00298/05568 (5.35%) | loss: 3.262990 | lrm: 1.00 | dt: 5485.95ms | tok/sec: 191,138 | bf16_mfu: 46.14 | epoch: 1 pq: 7 rg: 2 | total time: 24.83m | eta: 454.4m
step 00299/05568 (5.37%) | loss: 3.250168 | lrm: 1.00 | dt: 5137.76ms | tok/sec: 204,091 | bf16_mfu: 49.27 | epoch: 1 pq: 7 rg: 4 | total time: 24.92m | eta: 454.3m
step 00300/05568 (5.39%) | loss: 3.227533 | lrm: 1.00 | dt: 5138.11ms | tok/sec: 204,078 | bf16_mfu: 49.27 | epoch: 1 pq: 7 rg: 6 | total time: 25.01m | eta: 454.2m
step 00301/05568 (5.41%) | loss: 3.238595 | lrm: 1.00 | dt: 5140.10ms | tok/sec: 203,999 | bf16_mfu: 49.25 | epoch: 1 pq: 7 rg: 8 | total time: 25.09m | eta: 454.1m
step 00302/05568 (5.42%) | loss: 3.237923 | lrm: 1.00 | dt: 5130.45ms | tok/sec: 204,382 | bf16_mfu: 49.34 | epoch: 1 pq: 7 rg: 10 | total time: 25.18m | eta: 454.0m
step 00303/05568 (5.44%) | loss: 3.240906 | lrm: 1.00 | dt: 5133.58ms | tok/sec: 204,258 | bf16_mfu: 49.31 | epoch: 1 pq: 7 rg: 12 | total time: 25.26m | eta: 453.9m
step 00304/05568 (5.46%) | loss: 3.240748 | lrm: 1.00 | dt: 5133.14ms | tok/sec: 204,275 | bf16_mfu: 49.32 | epoch: 1 pq: 7 rg: 14 | total time: 25.35m | eta: 453.8m
step 00305/05568 (5.48%) | loss: 3.242478 | lrm: 1.00 | dt: 5124.75ms | tok/sec: 204,610 | bf16_mfu: 49.40 | epoch: 1 pq: 7 rg: 16 | total time: 25.43m | eta: 453.7m
step 00306/05568 (5.50%) | loss: 3.234790 | lrm: 1.00 | dt: 5124.93ms | tok/sec: 204,602 | bf16_mfu: 49.39 | epoch: 1 pq: 7 rg: 18 | total time: 25.52m | eta: 453.6m
step 00307/05568 (5.51%) | loss: 3.228075 | lrm: 1.00 | dt: 5132.80ms | tok/sec: 204,289 | bf16_mfu: 49.32 | epoch: 1 pq: 7 rg: 20 | total time: 25.60m | eta: 453.5m
step 00308/05568 (5.53%) | loss: 3.245422 | lrm: 1.00 | dt: 5133.40ms | tok/sec: 204,265 | bf16_mfu: 49.31 | epoch: 1 pq: 7 rg: 22 | total time: 25.69m | eta: 453.4m
step 00309/05568 (5.55%) | loss: 3.249062 | lrm: 1.00 | dt: 5133.83ms | tok/sec: 204,248 | bf16_mfu: 49.31 | epoch: 1 pq: 7 rg: 24 | total time: 25.77m | eta: 453.3m
step 00310/05568 (5.57%) | loss: 3.256710 | lrm: 1.00 | dt: 5125.27ms | tok/sec: 204,589 | bf16_mfu: 49.39 | epoch: 1 pq: 7 rg: 26 | total time: 25.86m | eta: 453.2m
step 00311/05568 (5.59%) | loss: 3.262681 | lrm: 1.00 | dt: 5854.59ms | tok/sec: 179,103 | bf16_mfu: 43.24 | epoch: 1 pq: 7 rg: 28 | total time: 25.96m | eta: 453.4m
step 00312/05568 (5.60%) | loss: 3.263028 | lrm: 1.00 | dt: 5114.78ms | tok/sec: 205,008 | bf16_mfu: 49.49 | epoch: 1 pq: 7 rg: 30 | total time: 26.04m | eta: 453.3m
step 00313/05568 (5.62%) | loss: 3.257324 | lrm: 1.00 | dt: 5128.19ms | tok/sec: 204,472 | bf16_mfu: 49.36 | epoch: 1 pq: 7 rg: 32 | total time: 26.13m | eta: 453.2m
step 00314/05568 (5.64%) | loss: 3.245717 | lrm: 1.00 | dt: 5130.51ms | tok/sec: 204,380 | bf16_mfu: 49.34 | epoch: 1 pq: 7 rg: 32 | total time: 26.21m | eta: 453.1m
step 00315/05568 (5.66%) | loss: 3.258222 | lrm: 1.00 | dt: 5123.13ms | tok/sec: 204,675 | bf16_mfu: 49.41 | epoch: 1 pq: 7 rg: 34 | total time: 26.30m | eta: 453.0m
step 00316/05568 (5.68%) | loss: 3.247164 | lrm: 1.00 | dt: 5129.39ms | tok/sec: 204,425 | bf16_mfu: 49.35 | epoch: 1 pq: 7 rg: 36 | total time: 26.38m | eta: 452.9m
step 00317/05568 (5.69%) | loss: 3.243289 | lrm: 1.00 | dt: 5129.64ms | tok/sec: 204,415 | bf16_mfu: 49.35 | epoch: 1 pq: 7 rg: 38 | total time: 26.47m | eta: 452.8m
step 00318/05568 (5.71%) | loss: 3.232686 | lrm: 1.00 | dt: 5132.74ms | tok/sec: 204,291 | bf16_mfu: 49.32 | epoch: 1 pq: 7 rg: 40 | total time: 26.56m | eta: 452.7m
step 00319/05568 (5.73%) | loss: 3.226418 | lrm: 1.00 | dt: 5126.43ms | tok/sec: 204,542 | bf16_mfu: 49.38 | epoch: 1 pq: 7 rg: 42 | total time: 26.64m | eta: 452.6m
step 00320/05568 (5.75%) | loss: 3.223952 | lrm: 1.00 | dt: 5468.38ms | tok/sec: 191,752 | bf16_mfu: 46.29 | epoch: 1 pq: 7 rg: 44 | total time: 26.73m | eta: 452.6m
step 00321/05568 (5.77%) | loss: 3.209453 | lrm: 1.00 | dt: 5135.50ms | tok/sec: 204,181 | bf16_mfu: 49.29 | epoch: 1 pq: 7 rg: 46 | total time: 26.82m | eta: 452.5m
step 00322/05568 (5.78%) | loss: 3.191836 | lrm: 1.00 | dt: 5134.51ms | tok/sec: 204,221 | bf16_mfu: 49.30 | epoch: 1 pq: 7 rg: 48 | total time: 26.90m | eta: 452.4m
step 00323/05568 (5.80%) | loss: 3.190553 | lrm: 1.00 | dt: 5120.71ms | tok/sec: 204,771 | bf16_mfu: 49.44 | epoch: 1 pq: 7 rg: 50 | total time: 26.99m | eta: 452.3m
step 00324/05568 (5.82%) | loss: 3.192636 | lrm: 1.00 | dt: 5123.56ms | tok/sec: 204,657 | bf16_mfu: 49.41 | epoch: 1 pq: 7 rg: 52 | total time: 27.07m | eta: 452.2m
step 00325/05568 (5.84%) | loss: 3.190204 | lrm: 1.00 | dt: 5119.10ms | tok/sec: 204,835 | bf16_mfu: 49.45 | epoch: 1 pq: 7 rg: 54 | total time: 27.16m | eta: 452.1m
step 00326/05568 (5.85%) | loss: 3.182375 | lrm: 1.00 | dt: 5125.63ms | tok/sec: 204,575 | bf16_mfu: 49.39 | epoch: 1 pq: 7 rg: 56 | total time: 27.25m | eta: 452.0m
step 00327/05568 (5.87%) | loss: 3.186718 | lrm: 1.00 | dt: 5127.39ms | tok/sec: 204,504 | bf16_mfu: 49.37 | epoch: 1 pq: 7 rg: 58 | total time: 27.33m | eta: 451.9m
step 00328/05568 (5.89%) | loss: 3.186307 | lrm: 1.00 | dt: 5122.11ms | tok/sec: 204,715 | bf16_mfu: 49.42 | epoch: 1 pq: 7 rg: 60 | total time: 27.42m | eta: 451.8m
step 00329/05568 (5.91%) | loss: 3.170818 | lrm: 1.00 | dt: 5116.59ms | tok/sec: 204,936 | bf16_mfu: 49.48 | epoch: 1 pq: 7 rg: 62 | total time: 27.50m | eta: 451.7m
step 00330/05568 (5.93%) | loss: 3.173981 | lrm: 1.00 | dt: 5121.16ms | tok/sec: 204,753 | bf16_mfu: 49.43 | epoch: 1 pq: 7 rg: 64 | total time: 27.59m | eta: 451.6m
step 00331/05568 (5.94%) | loss: 3.157427 | lrm: 1.00 | dt: 5112.47ms | tok/sec: 205,101 | bf16_mfu: 49.51 | epoch: 1 pq: 7 rg: 66 | total time: 27.67m | eta: 451.5m
step 00332/05568 (5.96%) | loss: 3.137960 | lrm: 1.00 | dt: 5119.04ms | tok/sec: 204,838 | bf16_mfu: 49.45 | epoch: 1 pq: 7 rg: 68 | total time: 27.76m | eta: 451.4m
step 00333/05568 (5.98%) | loss: 3.133067 | lrm: 1.00 | dt: 6760.02ms | tok/sec: 155,114 | bf16_mfu: 37.45 | epoch: 1 pq: 7 rg: 70 | total time: 27.87m | eta: 451.7m
step 00334/05568 (6.00%) | loss: 3.139079 | lrm: 1.00 | dt: 5084.67ms | tok/sec: 206,222 | bf16_mfu: 49.79 | epoch: 1 pq: 7 rg: 72 | total time: 27.95m | eta: 451.6m
step 00335/05568 (6.02%) | loss: 3.138609 | lrm: 1.00 | dt: 5105.75ms | tok/sec: 205,371 | bf16_mfu: 49.58 | epoch: 1 pq: 7 rg: 74 | total time: 28.04m | eta: 451.5m
step 00336/05568 (6.03%) | loss: 3.135247 | lrm: 1.00 | dt: 5107.42ms | tok/sec: 205,304 | bf16_mfu: 49.56 | epoch: 1 pq: 7 rg: 76 | total time: 28.12m | eta: 451.4m
step 00337/05568 (6.05%) | loss: 3.132408 | lrm: 1.00 | dt: 5508.07ms | tok/sec: 190,370 | bf16_mfu: 45.96 | epoch: 1 pq: 7 rg: 78 | total time: 28.22m | eta: 451.4m
step 00338/05568 (6.07%) | loss: 3.148950 | lrm: 1.00 | dt: 5090.01ms | tok/sec: 206,006 | bf16_mfu: 49.73 | epoch: 1 pq: 7 rg: 80 | total time: 28.30m | eta: 451.3m
step 00339/05568 (6.09%) | loss: 3.152929 | lrm: 1.00 | dt: 5116.83ms | tok/sec: 204,926 | bf16_mfu: 49.47 | epoch: 1 pq: 8 rg: 0 | total time: 28.39m | eta: 451.2m
step 00340/05568 (6.11%) | loss: 3.138228 | lrm: 1.00 | dt: 5113.14ms | tok/sec: 205,074 | bf16_mfu: 49.51 | epoch: 1 pq: 8 rg: 2 | total time: 28.47m | eta: 451.1m
step 00341/05568 (6.12%) | loss: 3.157909 | lrm: 1.00 | dt: 5113.30ms | tok/sec: 205,068 | bf16_mfu: 49.51 | epoch: 1 pq: 8 rg: 4 | total time: 28.56m | eta: 451.0m
step 00342/05568 (6.14%) | loss: 3.164511 | lrm: 1.00 | dt: 5111.14ms | tok/sec: 205,155 | bf16_mfu: 49.53 | epoch: 1 pq: 8 rg: 6 | total time: 28.64m | eta: 450.9m
step 00343/05568 (6.16%) | loss: 3.156347 | lrm: 1.00 | dt: 5108.44ms | tok/sec: 205,263 | bf16_mfu: 49.55 | epoch: 1 pq: 8 rg: 8 | total time: 28.73m | eta: 450.8m
step 00344/05568 (6.18%) | loss: 3.158352 | lrm: 1.00 | dt: 5108.10ms | tok/sec: 205,276 | bf16_mfu: 49.56 | epoch: 1 pq: 8 rg: 10 | total time: 28.81m | eta: 450.7m
step 00345/05568 (6.20%) | loss: 3.154246 | lrm: 1.00 | dt: 5109.09ms | tok/sec: 205,237 | bf16_mfu: 49.55 | epoch: 1 pq: 8 rg: 12 | total time: 28.90m | eta: 450.5m
step 00346/05568 (6.21%) | loss: 3.159447 | lrm: 1.00 | dt: 5112.11ms | tok/sec: 205,116 | bf16_mfu: 49.52 | epoch: 1 pq: 8 rg: 14 | total time: 28.98m | eta: 450.4m
step 00347/05568 (6.23%) | loss: 3.149643 | lrm: 1.00 | dt: 5112.37ms | tok/sec: 205,105 | bf16_mfu: 49.52 | epoch: 1 pq: 8 rg: 16 | total time: 29.07m | eta: 450.3m
step 00348/05568 (6.25%) | loss: 3.155142 | lrm: 1.00 | dt: 5116.63ms | tok/sec: 204,935 | bf16_mfu: 49.47 | epoch: 1 pq: 8 rg: 18 | total time: 29.15m | eta: 450.2m
step 00349/05568 (6.27%) | loss: 3.144192 | lrm: 1.00 | dt: 5107.46ms | tok/sec: 205,302 | bf16_mfu: 49.56 | epoch: 1 pq: 8 rg: 20 | total time: 29.24m | eta: 450.1m
step 00350/05568 (6.29%) | loss: 3.133331 | lrm: 1.00 | dt: 5110.23ms | tok/sec: 205,191 | bf16_mfu: 49.54 | epoch: 1 pq: 8 rg: 22 | total time: 29.32m | eta: 450.0m
step 00351/05568 (6.30%) | loss: 3.148021 | lrm: 1.00 | dt: 5116.15ms | tok/sec: 204,954 | bf16_mfu: 49.48 | epoch: 1 pq: 8 rg: 24 | total time: 29.41m | eta: 449.9m
step 00352/05568 (6.32%) | loss: 3.147086 | lrm: 1.00 | dt: 5111.13ms | tok/sec: 205,155 | bf16_mfu: 49.53 | epoch: 1 pq: 8 rg: 26 | total time: 29.49m | eta: 449.8m
step 00353/05568 (6.34%) | loss: 3.144871 | lrm: 1.00 | dt: 5114.55ms | tok/sec: 205,018 | bf16_mfu: 49.49 | epoch: 1 pq: 8 rg: 28 | total time: 29.58m | eta: 449.7m
step 00354/05568 (6.36%) | loss: 3.149772 | lrm: 1.00 | dt: 5113.77ms | tok/sec: 205,049 | bf16_mfu: 49.50 | epoch: 1 pq: 8 rg: 28 | total time: 29.66m | eta: 449.6m
step 00355/05568 (6.38%) | loss: 3.154712 | lrm: 1.00 | dt: 5109.11ms | tok/sec: 205,236 | bf16_mfu: 49.55 | epoch: 1 pq: 8 rg: 30 | total time: 29.75m | eta: 449.5m
step 00356/05568 (6.39%) | loss: 3.149267 | lrm: 1.00 | dt: 5111.99ms | tok/sec: 205,121 | bf16_mfu: 49.52 | epoch: 1 pq: 8 rg: 32 | total time: 29.84m | eta: 449.4m
step 00357/05568 (6.41%) | loss: 3.160097 | lrm: 1.00 | dt: 5108.60ms | tok/sec: 205,257 | bf16_mfu: 49.55 | epoch: 1 pq: 8 rg: 34 | total time: 29.92m | eta: 449.3m
step 00358/05568 (6.43%) | loss: 3.158509 | lrm: 1.00 | dt: 5109.98ms | tok/sec: 205,201 | bf16_mfu: 49.54 | epoch: 1 pq: 8 rg: 36 | total time: 30.01m | eta: 449.2m
step 00359/05568 (6.45%) | loss: 3.160928 | lrm: 1.00 | dt: 5110.71ms | tok/sec: 205,172 | bf16_mfu: 49.53 | epoch: 1 pq: 8 rg: 38 | total time: 30.09m | eta: 449.1m
step 00360/05568 (6.47%) | loss: 3.164842 | lrm: 1.00 | dt: 5114.15ms | tok/sec: 205,034 | bf16_mfu: 49.50 | epoch: 1 pq: 8 rg: 40 | total time: 30.18m | eta: 449.0m
step 00361/05568 (6.48%) | loss: 3.178817 | lrm: 1.00 | dt: 5109.84ms | tok/sec: 205,207 | bf16_mfu: 49.54 | epoch: 1 pq: 8 rg: 42 | total time: 30.26m | eta: 448.9m
step 00362/05568 (6.50%) | loss: 3.182536 | lrm: 1.00 | dt: 5101.84ms | tok/sec: 205,529 | bf16_mfu: 49.62 | epoch: 1 pq: 8 rg: 44 | total time: 30.35m | eta: 448.8m
step 00363/05568 (6.52%) | loss: 3.173553 | lrm: 1.00 | dt: 5121.98ms | tok/sec: 204,720 | bf16_mfu: 49.42 | epoch: 1 pq: 8 rg: 46 | total time: 30.43m | eta: 448.7m
step 00364/05568 (6.54%) | loss: 3.177223 | lrm: 1.00 | dt: 6027.49ms | tok/sec: 173,965 | bf16_mfu: 42.00 | epoch: 1 pq: 8 rg: 48 | total time: 30.53m | eta: 448.8m
step 00365/05568 (6.56%) | loss: 3.192621 | lrm: 1.00 | dt: 5073.92ms | tok/sec: 206,659 | bf16_mfu: 49.89 | epoch: 1 pq: 8 rg: 50 | total time: 30.62m | eta: 448.7m
step 00366/05568 (6.57%) | loss: 3.177493 | lrm: 1.00 | dt: 5095.22ms | tok/sec: 205,796 | bf16_mfu: 49.68 | epoch: 1 pq: 8 rg: 52 | total time: 30.70m | eta: 448.6m
step 00367/05568 (6.59%) | loss: 3.163977 | lrm: 1.00 | dt: 5100.75ms | tok/sec: 205,573 | bf16_mfu: 49.63 | epoch: 1 pq: 8 rg: 54 | total time: 30.79m | eta: 448.5m
step 00368/05568 (6.61%) | loss: 3.147397 | lrm: 1.00 | dt: 5101.62ms | tok/sec: 205,538 | bf16_mfu: 49.62 | epoch: 1 pq: 8 rg: 56 | total time: 30.87m | eta: 448.4m
step 00369/05568 (6.63%) | loss: 3.148351 | lrm: 1.00 | dt: 5096.74ms | tok/sec: 205,734 | bf16_mfu: 49.67 | epoch: 1 pq: 8 rg: 58 | total time: 30.96m | eta: 448.3m
step 00370/05568 (6.65%) | loss: 3.143192 | lrm: 1.00 | dt: 5095.19ms | tok/sec: 205,797 | bf16_mfu: 49.68 | epoch: 1 pq: 8 rg: 60 | total time: 31.04m | eta: 448.2m
step 00371/05568 (6.66%) | loss: 3.130563 | lrm: 1.00 | dt: 5092.49ms | tok/sec: 205,906 | bf16_mfu: 49.71 | epoch: 1 pq: 8 rg: 62 | total time: 31.13m | eta: 448.1m
step 00372/05568 (6.68%) | loss: 3.114626 | lrm: 1.00 | dt: 5219.90ms | tok/sec: 200,880 | bf16_mfu: 48.50 | epoch: 1 pq: 8 rg: 64 | total time: 31.21m | eta: 448.0m
step 00373/05568 (6.70%) | loss: 3.112749 | lrm: 1.00 | dt: 5103.01ms | tok/sec: 205,481 | bf16_mfu: 49.61 | epoch: 1 pq: 8 rg: 66 | total time: 31.30m | eta: 447.9m
step 00374/05568 (6.72%) | loss: 3.111665 | lrm: 1.00 | dt: 5109.95ms | tok/sec: 205,202 | bf16_mfu: 49.54 | epoch: 1 pq: 8 rg: 68 | total time: 31.38m | eta: 447.8m
step 00375/05568 (6.73%) | loss: 3.115232 | lrm: 1.00 | dt: 5098.73ms | tok/sec: 205,654 | bf16_mfu: 49.65 | epoch: 1 pq: 8 rg: 70 | total time: 31.47m | eta: 447.7m
step 00376/05568 (6.75%) | loss: 3.112916 | lrm: 1.00 | dt: 5102.42ms | tok/sec: 205,505 | bf16_mfu: 49.61 | epoch: 1 pq: 8 rg: 72 | total time: 31.55m | eta: 447.6m
step 00377/05568 (6.77%) | loss: 3.116419 | lrm: 1.00 | dt: 5101.72ms | tok/sec: 205,533 | bf16_mfu: 49.62 | epoch: 1 pq: 8 rg: 74 | total time: 31.64m | eta: 447.5m
step 00378/05568 (6.79%) | loss: 3.145986 | lrm: 1.00 | dt: 5098.79ms | tok/sec: 205,651 | bf16_mfu: 49.65 | epoch: 1 pq: 8 rg: 76 | total time: 31.72m | eta: 447.4m
step 00379/05568 (6.81%) | loss: 3.141872 | lrm: 1.00 | dt: 5100.02ms | tok/sec: 205,602 | bf16_mfu: 49.64 | epoch: 1 pq: 8 rg: 78 | total time: 31.81m | eta: 447.3m
step 00380/05568 (6.82%) | loss: 3.144133 | lrm: 1.00 | dt: 5098.37ms | tok/sec: 205,669 | bf16_mfu: 49.65 | epoch: 1 pq: 8 rg: 80 | total time: 31.89m | eta: 447.2m
step 00381/05568 (6.84%) | loss: 3.146855 | lrm: 1.00 | dt: 5101.67ms | tok/sec: 205,536 | bf16_mfu: 49.62 | epoch: 1 pq: 9 rg: 0 | total time: 31.98m | eta: 447.1m
step 00382/05568 (6.86%) | loss: 3.158124 | lrm: 1.00 | dt: 5096.13ms | tok/sec: 205,759 | bf16_mfu: 49.67 | epoch: 1 pq: 9 rg: 2 | total time: 32.06m | eta: 447.0m
step 00383/05568 (6.88%) | loss: 3.140546 | lrm: 1.00 | dt: 5090.54ms | tok/sec: 205,985 | bf16_mfu: 49.73 | epoch: 1 pq: 9 rg: 4 | total time: 32.15m | eta: 446.9m
step 00384/05568 (6.90%) | loss: 3.128171 | lrm: 1.00 | dt: 5093.66ms | tok/sec: 205,858 | bf16_mfu: 49.70 | epoch: 1 pq: 9 rg: 4 | total time: 32.23m | eta: 446.8m
step 00385/05568 (6.91%) | loss: 3.122739 | lrm: 1.00 | dt: 5089.03ms | tok/sec: 206,046 | bf16_mfu: 49.74 | epoch: 1 pq: 9 rg: 6 | total time: 32.32m | eta: 446.7m
step 00386/05568 (6.93%) | loss: 3.116382 | lrm: 1.00 | dt: 5099.00ms | tok/sec: 205,643 | bf16_mfu: 49.65 | epoch: 1 pq: 9 rg: 8 | total time: 32.40m | eta: 446.6m
step 00387/05568 (6.95%) | loss: 3.098596 | lrm: 1.00 | dt: 5092.65ms | tok/sec: 205,899 | bf16_mfu: 49.71 | epoch: 1 pq: 9 rg: 10 | total time: 32.49m | eta: 446.5m
step 00388/05568 (6.97%) | loss: 3.090497 | lrm: 1.00 | dt: 5091.74ms | tok/sec: 205,936 | bf16_mfu: 49.72 | epoch: 1 pq: 9 rg: 12 | total time: 32.57m | eta: 446.4m
step 00389/05568 (6.99%) | loss: 3.098678 | lrm: 1.00 | dt: 5090.71ms | tok/sec: 205,978 | bf16_mfu: 49.73 | epoch: 1 pq: 9 rg: 14 | total time: 32.66m | eta: 446.3m
step 00390/05568 (7.00%) | loss: 3.103246 | lrm: 1.00 | dt: 5100.19ms | tok/sec: 205,595 | bf16_mfu: 49.63 | epoch: 1 pq: 9 rg: 16 | total time: 32.74m | eta: 446.2m
step 00391/05568 (7.02%) | loss: 3.107232 | lrm: 1.00 | dt: 5085.72ms | tok/sec: 206,180 | bf16_mfu: 49.78 | epoch: 1 pq: 9 rg: 18 | total time: 32.83m | eta: 446.1m
step 00392/05568 (7.04%) | loss: 3.111756 | lrm: 1.00 | dt: 5088.65ms | tok/sec: 206,061 | bf16_mfu: 49.75 | epoch: 1 pq: 9 rg: 20 | total time: 32.91m | eta: 445.9m
step 00393/05568 (7.06%) | loss: 3.117856 | lrm: 1.00 | dt: 5083.97ms | tok/sec: 206,251 | bf16_mfu: 49.79 | epoch: 1 pq: 9 rg: 22 | total time: 33.00m | eta: 445.8m
step 00394/05568 (7.08%) | loss: 3.111396 | lrm: 1.00 | dt: 5095.14ms | tok/sec: 205,799 | bf16_mfu: 49.68 | epoch: 1 pq: 9 rg: 24 | total time: 33.08m | eta: 445.7m
step 00395/05568 (7.09%) | loss: 3.123794 | lrm: 1.00 | dt: 5083.29ms | tok/sec: 206,278 | bf16_mfu: 49.80 | epoch: 1 pq: 9 rg: 26 | total time: 33.17m | eta: 445.6m
step 00396/05568 (7.11%) | loss: 3.105382 | lrm: 1.00 | dt: 5094.19ms | tok/sec: 205,837 | bf16_mfu: 49.69 | epoch: 1 pq: 9 rg: 28 | total time: 33.25m | eta: 445.5m
step 00397/05568 (7.13%) | loss: 3.092728 | lrm: 1.00 | dt: 5087.44ms | tok/sec: 206,110 | bf16_mfu: 49.76 | epoch: 1 pq: 9 rg: 30 | total time: 33.34m | eta: 445.4m
step 00398/05568 (7.15%) | loss: 3.099028 | lrm: 1.00 | dt: 5078.25ms | tok/sec: 206,483 | bf16_mfu: 49.85 | epoch: 1 pq: 9 rg: 32 | total time: 33.42m | eta: 445.3m
step 00399/05568 (7.17%) | loss: 3.102606 | lrm: 1.00 | dt: 5086.29ms | tok/sec: 206,157 | bf16_mfu: 49.77 | epoch: 1 pq: 9 rg: 34 | total time: 33.51m | eta: 445.2m
step 00400/05568 (7.18%) | loss: 3.097769 | lrm: 1.00 | dt: 5029.01ms | tok/sec: 208,505 | bf16_mfu: 50.34 | epoch: 1 pq: 9 rg: 36 | total time: 33.59m | eta: 445.1m
step 00401/05568 (7.20%) | loss: 3.104565 | lrm: 1.00 | dt: 5073.70ms | tok/sec: 206,669 | bf16_mfu: 49.89 | epoch: 1 pq: 9 rg: 38 | total time: 33.67m | eta: 445.0m
step 00402/05568 (7.22%) | loss: 3.090640 | lrm: 1.00 | dt: 5090.78ms | tok/sec: 205,975 | bf16_mfu: 49.73 | epoch: 1 pq: 9 rg: 40 | total time: 33.76m | eta: 444.9m
step 00403/05568 (7.24%) | loss: 3.086632 | lrm: 1.00 | dt: 5083.78ms | tok/sec: 206,258 | bf16_mfu: 49.79 | epoch: 1 pq: 9 rg: 42 | total time: 33.84m | eta: 444.8m
step 00404/05568 (7.26%) | loss: 3.087546 | lrm: 1.00 | dt: 5085.13ms | tok/sec: 206,204 | bf16_mfu: 49.78 | epoch: 1 pq: 9 rg: 44 | total time: 33.93m | eta: 444.7m
step 00405/05568 (7.27%) | loss: 3.075730 | lrm: 1.00 | dt: 5072.21ms | tok/sec: 206,729 | bf16_mfu: 49.91 | epoch: 1 pq: 9 rg: 46 | total time: 34.01m | eta: 444.6m
step 00406/05568 (7.29%) | loss: 3.078281 | lrm: 1.00 | dt: 5087.18ms | tok/sec: 206,121 | bf16_mfu: 49.76 | epoch: 1 pq: 9 rg: 48 | total time: 34.10m | eta: 444.5m
step 00407/05568 (7.31%) | loss: 3.090491 | lrm: 1.00 | dt: 5090.11ms | tok/sec: 206,002 | bf16_mfu: 49.73 | epoch: 1 pq: 9 rg: 50 | total time: 34.18m | eta: 444.4m
step 00408/05568 (7.33%) | loss: 3.097693 | lrm: 1.00 | dt: 5085.04ms | tok/sec: 206,208 | bf16_mfu: 49.78 | epoch: 1 pq: 9 rg: 52 | total time: 34.27m | eta: 444.3m
step 00409/05568 (7.35%) | loss: 3.084264 | lrm: 1.00 | dt: 5079.35ms | tok/sec: 206,439 | bf16_mfu: 49.84 | epoch: 1 pq: 9 rg: 54 | total time: 34.35m | eta: 444.2m
step 00410/05568 (7.36%) | loss: 3.064685 | lrm: 1.00 | dt: 5082.66ms | tok/sec: 206,304 | bf16_mfu: 49.81 | epoch: 1 pq: 9 rg: 56 | total time: 34.44m | eta: 444.1m
step 00411/05568 (7.38%) | loss: 3.075690 | lrm: 1.00 | dt: 5082.46ms | tok/sec: 206,312 | bf16_mfu: 49.81 | epoch: 1 pq: 9 rg: 58 | total time: 34.52m | eta: 444.0m
step 00412/05568 (7.40%) | loss: 3.072686 | lrm: 1.00 | dt: 5072.53ms | tok/sec: 206,716 | bf16_mfu: 49.90 | epoch: 1 pq: 9 rg: 60 | total time: 34.61m | eta: 443.8m
step 00413/05568 (7.42%) | loss: 3.072721 | lrm: 1.00 | dt: 5066.44ms | tok/sec: 206,964 | bf16_mfu: 49.96 | epoch: 1 pq: 9 rg: 62 | total time: 34.69m | eta: 443.7m
step 00414/05568 (7.44%) | loss: 3.076269 | lrm: 1.00 | dt: 5080.25ms | tok/sec: 206,402 | bf16_mfu: 49.83 | epoch: 1 pq: 9 rg: 62 | total time: 34.77m | eta: 443.6m
step 00415/05568 (7.45%) | loss: 3.073390 | lrm: 1.00 | dt: 5077.91ms | tok/sec: 206,497 | bf16_mfu: 49.85 | epoch: 1 pq: 9 rg: 64 | total time: 34.86m | eta: 443.5m
step 00416/05568 (7.47%) | loss: 3.072654 | lrm: 1.00 | dt: 5080.53ms | tok/sec: 206,390 | bf16_mfu: 49.83 | epoch: 1 pq: 9 rg: 66 | total time: 34.94m | eta: 443.4m
step 00417/05568 (7.49%) | loss: 3.056038 | lrm: 1.00 | dt: 5072.39ms | tok/sec: 206,722 | bf16_mfu: 49.91 | epoch: 1 pq: 9 rg: 68 | total time: 35.03m | eta: 443.3m
step 00418/05568 (7.51%) | loss: 3.050934 | lrm: 1.00 | dt: 5078.49ms | tok/sec: 206,474 | bf16_mfu: 49.85 | epoch: 1 pq: 9 rg: 70 | total time: 35.11m | eta: 443.2m
step 00419/05568 (7.53%) | loss: 3.054766 | lrm: 1.00 | dt: 5075.51ms | tok/sec: 206,595 | bf16_mfu: 49.88 | epoch: 1 pq: 9 rg: 72 | total time: 35.20m | eta: 443.1m
step 00420/05568 (7.54%) | loss: 3.039097 | lrm: 1.00 | dt: 5076.46ms | tok/sec: 206,556 | bf16_mfu: 49.87 | epoch: 1 pq: 9 rg: 74 | total time: 35.28m | eta: 443.0m
step 00421/05568 (7.56%) | loss: 3.032886 | lrm: 1.00 | dt: 5076.23ms | tok/sec: 206,565 | bf16_mfu: 49.87 | epoch: 1 pq: 9 rg: 76 | total time: 35.37m | eta: 442.9m
step 00422/05568 (7.58%) | loss: 3.051736 | lrm: 1.00 | dt: 5065.55ms | tok/sec: 207,001 | bf16_mfu: 49.97 | epoch: 1 pq: 9 rg: 78 | total time: 35.45m | eta: 442.8m
step 00423/05568 (7.60%) | loss: 3.044293 | lrm: 1.00 | dt: 5072.81ms | tok/sec: 206,705 | bf16_mfu: 49.90 | epoch: 1 pq: 9 rg: 80 | total time: 35.54m | eta: 442.7m
step 00424/05568 (7.61%) | loss: 3.032063 | lrm: 1.00 | dt: 5075.93ms | tok/sec: 206,578 | bf16_mfu: 49.87 | epoch: 1 pq: 9 rg: 82 | total time: 35.62m | eta: 442.6m
step 00425/05568 (7.63%) | loss: 3.048638 | lrm: 1.00 | dt: 5080.64ms | tok/sec: 206,386 | bf16_mfu: 49.83 | epoch: 1 pq: 10 rg: 0 | total time: 35.71m | eta: 442.5m
step 00426/05568 (7.65%) | loss: 3.050050 | lrm: 1.00 | dt: 5068.22ms | tok/sec: 206,892 | bf16_mfu: 49.95 | epoch: 1 pq: 10 rg: 2 | total time: 35.79m | eta: 442.4m
step 00427/05568 (7.67%) | loss: 3.049354 | lrm: 1.00 | dt: 5075.28ms | tok/sec: 206,604 | bf16_mfu: 49.88 | epoch: 1 pq: 10 rg: 4 | total time: 35.87m | eta: 442.3m
step 00428/05568 (7.69%) | loss: 3.040044 | lrm: 1.00 | dt: 5064.61ms | tok/sec: 207,039 | bf16_mfu: 49.98 | epoch: 1 pq: 10 rg: 6 | total time: 35.96m | eta: 442.2m
step 00429/05568 (7.70%) | loss: 3.034865 | lrm: 1.00 | dt: 5070.31ms | tok/sec: 206,807 | bf16_mfu: 49.93 | epoch: 1 pq: 10 rg: 8 | total time: 36.04m | eta: 442.1m
step 00430/05568 (7.72%) | loss: 3.058291 | lrm: 1.00 | dt: 5069.73ms | tok/sec: 206,830 | bf16_mfu: 49.93 | epoch: 1 pq: 10 rg: 10 | total time: 36.13m | eta: 442.0m
step 00431/05568 (7.74%) | loss: 3.066823 | lrm: 1.00 | dt: 5071.76ms | tok/sec: 206,747 | bf16_mfu: 49.91 | epoch: 1 pq: 10 rg: 12 | total time: 36.21m | eta: 441.9m
step 00432/05568 (7.76%) | loss: 3.065433 | lrm: 1.00 | dt: 5068.69ms | tok/sec: 206,873 | bf16_mfu: 49.94 | epoch: 1 pq: 10 rg: 14 | total time: 36.30m | eta: 441.8m
step 00433/05568 (7.78%) | loss: 3.066376 | lrm: 1.00 | dt: 5069.68ms | tok/sec: 206,832 | bf16_mfu: 49.93 | epoch: 1 pq: 10 rg: 16 | total time: 36.38m | eta: 441.7m
step 00434/05568 (7.79%) | loss: 3.063711 | lrm: 1.00 | dt: 5063.11ms | tok/sec: 207,101 | bf16_mfu: 50.00 | epoch: 1 pq: 10 rg: 18 | total time: 36.47m | eta: 441.5m
step 00435/05568 (7.81%) | loss: 3.066396 | lrm: 1.00 | dt: 5625.30ms | tok/sec: 186,403 | bf16_mfu: 45.00 | epoch: 1 pq: 10 rg: 20 | total time: 36.56m | eta: 441.6m
step 00436/05568 (7.83%) | loss: 3.069775 | lrm: 1.00 | dt: 5065.59ms | tok/sec: 206,999 | bf16_mfu: 49.97 | epoch: 1 pq: 10 rg: 22 | total time: 36.64m | eta: 441.4m
step 00437/05568 (7.85%) | loss: 3.060444 | lrm: 1.00 | dt: 5076.86ms | tok/sec: 206,540 | bf16_mfu: 49.86 | epoch: 1 pq: 10 rg: 24 | total time: 36.73m | eta: 441.3m
step 00438/05568 (7.87%) | loss: 3.058198 | lrm: 1.00 | dt: 5067.91ms | tok/sec: 206,904 | bf16_mfu: 49.95 | epoch: 1 pq: 10 rg: 26 | total time: 36.81m | eta: 441.2m
step 00439/05568 (7.88%) | loss: 3.041719 | lrm: 1.00 | dt: 5067.11ms | tok/sec: 206,937 | bf16_mfu: 49.96 | epoch: 1 pq: 10 rg: 28 | total time: 36.90m | eta: 441.1m
step 00440/05568 (7.90%) | loss: 3.050233 | lrm: 1.00 | dt: 5074.20ms | tok/sec: 206,648 | bf16_mfu: 49.89 | epoch: 1 pq: 10 rg: 30 | total time: 36.98m | eta: 441.0m
step 00441/05568 (7.92%) | loss: 3.053538 | lrm: 1.00 | dt: 5077.76ms | tok/sec: 206,503 | bf16_mfu: 49.85 | epoch: 1 pq: 10 rg: 30 | total time: 37.07m | eta: 440.9m
step 00442/05568 (7.94%) | loss: 3.044347 | lrm: 1.00 | dt: 5063.39ms | tok/sec: 207,089 | bf16_mfu: 49.99 | epoch: 1 pq: 10 rg: 32 | total time: 37.15m | eta: 440.8m
step 00443/05568 (7.96%) | loss: 3.040308 | lrm: 1.00 | dt: 5059.87ms | tok/sec: 207,233 | bf16_mfu: 50.03 | epoch: 1 pq: 10 rg: 34 | total time: 37.24m | eta: 440.7m
step 00444/05568 (7.97%) | loss: 3.040489 | lrm: 1.00 | dt: 5067.58ms | tok/sec: 206,918 | bf16_mfu: 49.95 | epoch: 1 pq: 10 rg: 36 | total time: 37.32m | eta: 440.6m
step 00445/05568 (7.99%) | loss: 3.032750 | lrm: 1.00 | dt: 5073.86ms | tok/sec: 206,662 | bf16_mfu: 49.89 | epoch: 1 pq: 10 rg: 38 | total time: 37.40m | eta: 440.5m
step 00446/05568 (8.01%) | loss: 3.037104 | lrm: 1.00 | dt: 5058.06ms | tok/sec: 207,307 | bf16_mfu: 50.05 | epoch: 1 pq: 10 rg: 40 | total time: 37.49m | eta: 440.4m
step 00447/05568 (8.03%) | loss: 3.041599 | lrm: 1.00 | dt: 5060.58ms | tok/sec: 207,204 | bf16_mfu: 50.02 | epoch: 1 pq: 10 rg: 42 | total time: 37.57m | eta: 440.3m
step 00448/05568 (8.05%) | loss: 3.037052 | lrm: 1.00 | dt: 5063.60ms | tok/sec: 207,081 | bf16_mfu: 49.99 | epoch: 1 pq: 10 rg: 44 | total time: 37.66m | eta: 440.2m
step 00449/05568 (8.06%) | loss: 3.041158 | lrm: 1.00 | dt: 5063.81ms | tok/sec: 207,072 | bf16_mfu: 49.99 | epoch: 1 pq: 10 rg: 46 | total time: 37.74m | eta: 440.1m
step 00450/05568 (8.08%) | loss: 3.049123 | lrm: 1.00 | dt: 5066.36ms | tok/sec: 206,968 | bf16_mfu: 49.97 | epoch: 1 pq: 10 rg: 48 | total time: 37.83m | eta: 440.0m
step 00451/05568 (8.10%) | loss: 3.039767 | lrm: 1.00 | dt: 5064.10ms | tok/sec: 207,060 | bf16_mfu: 49.99 | epoch: 1 pq: 10 rg: 50 | total time: 37.91m | eta: 439.9m
step 00452/05568 (8.12%) | loss: 3.036000 | lrm: 1.00 | dt: 5763.09ms | tok/sec: 181,946 | bf16_mfu: 43.93 | epoch: 1 pq: 10 rg: 52 | total time: 38.01m | eta: 439.9m
step 00453/05568 (8.14%) | loss: 3.037944 | lrm: 1.00 | dt: 5027.93ms | tok/sec: 208,550 | bf16_mfu: 50.35 | epoch: 1 pq: 10 rg: 54 | total time: 38.09m | eta: 439.8m
step 00454/05568 (8.15%) | loss: 3.038819 | lrm: 1.00 | dt: 5054.79ms | tok/sec: 207,442 | bf16_mfu: 50.08 | epoch: 1 pq: 10 rg: 56 | total time: 38.17m | eta: 439.7m
step 00455/05568 (8.17%) | loss: 3.041465 | lrm: 1.00 | dt: 5067.19ms | tok/sec: 206,934 | bf16_mfu: 49.96 | epoch: 1 pq: 10 rg: 58 | total time: 38.26m | eta: 439.6m
step 00456/05568 (8.19%) | loss: 3.044314 | lrm: 1.00 | dt: 5067.07ms | tok/sec: 206,939 | bf16_mfu: 49.96 | epoch: 1 pq: 10 rg: 60 | total time: 38.34m | eta: 439.5m
step 00457/05568 (8.21%) | loss: 3.040827 | lrm: 1.00 | dt: 5059.67ms | tok/sec: 207,241 | bf16_mfu: 50.03 | epoch: 1 pq: 10 rg: 62 | total time: 38.43m | eta: 439.4m
step 00458/05568 (8.23%) | loss: 3.042659 | lrm: 1.00 | dt: 5235.40ms | tok/sec: 200,285 | bf16_mfu: 48.35 | epoch: 1 pq: 10 rg: 64 | total time: 38.52m | eta: 439.3m
step 00459/05568 (8.24%) | loss: 3.024152 | lrm: 1.00 | dt: 10052.49ms | tok/sec: 104,310 | bf16_mfu: 25.18 | epoch: 1 pq: 10 rg: 66 | total time: 38.68m | eta: 440.2m
step 00460/05568 (8.26%) | loss: 3.016961 | lrm: 1.00 | dt: 5013.09ms | tok/sec: 209,167 | bf16_mfu: 50.50 | epoch: 1 pq: 10 rg: 68 | total time: 38.77m | eta: 440.0m
step 00461/05568 (8.28%) | loss: 3.028374 | lrm: 1.00 | dt: 5048.65ms | tok/sec: 207,694 | bf16_mfu: 50.14 | epoch: 1 pq: 10 rg: 70 | total time: 38.85m | eta: 439.9m
step 00462/05568 (8.30%) | loss: 3.031411 | lrm: 1.00 | dt: 5057.89ms | tok/sec: 207,314 | bf16_mfu: 50.05 | epoch: 1 pq: 10 rg: 72 | total time: 38.93m | eta: 439.8m
step 00463/05568 (8.32%) | loss: 3.046359 | lrm: 1.00 | dt: 5055.02ms | tok/sec: 207,432 | bf16_mfu: 50.08 | epoch: 1 pq: 10 rg: 74 | total time: 39.02m | eta: 439.7m
step 00464/05568 (8.33%) | loss: 3.053950 | lrm: 1.00 | dt: 5193.24ms | tok/sec: 201,911 | bf16_mfu: 48.74 | epoch: 1 pq: 10 rg: 76 | total time: 39.11m | eta: 439.6m
step 00465/05568 (8.35%) | loss: 3.048978 | lrm: 1.00 | dt: 5041.64ms | tok/sec: 207,983 | bf16_mfu: 50.21 | epoch: 1 pq: 10 rg: 78 | total time: 39.19m | eta: 439.5m
step 00466/05568 (8.37%) | loss: 3.035174 | lrm: 1.00 | dt: 5057.93ms | tok/sec: 207,313 | bf16_mfu: 50.05 | epoch: 1 pq: 10 rg: 80 | total time: 39.27m | eta: 439.4m
step 00467/05568 (8.39%) | loss: 3.022196 | lrm: 1.00 | dt: 5062.59ms | tok/sec: 207,122 | bf16_mfu: 50.00 | epoch: 1 pq: 10 rg: 82 | total time: 39.36m | eta: 439.3m
step 00468/05568 (8.41%) | loss: 3.033356 | lrm: 1.00 | dt: 5051.50ms | tok/sec: 207,577 | bf16_mfu: 50.11 | epoch: 1 pq: 11 rg: 0 | total time: 39.44m | eta: 439.2m
step 00469/05568 (8.42%) | loss: 3.022749 | lrm: 1.00 | dt: 5071.26ms | tok/sec: 206,768 | bf16_mfu: 49.92 | epoch: 1 pq: 11 rg: 2 | total time: 39.53m | eta: 439.1m
step 00470/05568 (8.44%) | loss: 3.014247 | lrm: 1.00 | dt: 5059.79ms | tok/sec: 207,237 | bf16_mfu: 50.03 | epoch: 1 pq: 11 rg: 4 | total time: 39.61m | eta: 439.0m
step 00471/05568 (8.46%) | loss: 3.021161 | lrm: 1.00 | dt: 5059.81ms | tok/sec: 207,236 | bf16_mfu: 50.03 | epoch: 1 pq: 11 rg: 6 | total time: 39.70m | eta: 438.9m
step 00472/05568 (8.48%) | loss: 3.015621 | lrm: 1.00 | dt: 5061.17ms | tok/sec: 207,180 | bf16_mfu: 50.02 | epoch: 1 pq: 11 rg: 8 | total time: 39.78m | eta: 438.8m
step 00473/05568 (8.49%) | loss: 3.024973 | lrm: 1.00 | dt: 5059.30ms | tok/sec: 207,257 | bf16_mfu: 50.04 | epoch: 1 pq: 11 rg: 10 | total time: 39.86m | eta: 438.7m
step 00474/05568 (8.51%) | loss: 3.018174 | lrm: 1.00 | dt: 5048.99ms | tok/sec: 207,680 | bf16_mfu: 50.14 | epoch: 1 pq: 11 rg: 12 | total time: 39.95m | eta: 438.6m
step 00475/05568 (8.53%) | loss: 3.004463 | lrm: 1.00 | dt: 5060.90ms | tok/sec: 207,191 | bf16_mfu: 50.02 | epoch: 1 pq: 11 rg: 14 | total time: 40.03m | eta: 438.5m
step 00476/05568 (8.55%) | loss: 3.012714 | lrm: 1.00 | dt: 5065.64ms | tok/sec: 206,997 | bf16_mfu: 49.97 | epoch: 1 pq: 11 rg: 14 | total time: 40.12m | eta: 438.4m
step 00477/05568 (8.57%) | loss: 3.007467 | lrm: 1.00 | dt: 5060.43ms | tok/sec: 207,210 | bf16_mfu: 50.02 | epoch: 1 pq: 11 rg: 16 | total time: 40.20m | eta: 438.3m
step 00478/05568 (8.58%) | loss: 3.018950 | lrm: 1.00 | dt: 5060.24ms | tok/sec: 207,218 | bf16_mfu: 50.03 | epoch: 1 pq: 11 rg: 18 | total time: 40.29m | eta: 438.2m
step 00479/05568 (8.60%) | loss: 3.008790 | lrm: 1.00 | dt: 5068.72ms | tok/sec: 206,872 | bf16_mfu: 49.94 | epoch: 1 pq: 11 rg: 20 | total time: 40.37m | eta: 438.0m
step 00480/05568 (8.62%) | loss: 3.016234 | lrm: 1.00 | dt: 5062.20ms | tok/sec: 207,138 | bf16_mfu: 50.01 | epoch: 1 pq: 11 rg: 22 | total time: 40.45m | eta: 437.9m
step 00481/05568 (8.64%) | loss: 3.008817 | lrm: 1.00 | dt: 5056.98ms | tok/sec: 207,352 | bf16_mfu: 50.06 | epoch: 1 pq: 11 rg: 24 | total time: 40.54m | eta: 437.8m
step 00482/05568 (8.66%) | loss: 3.016758 | lrm: 1.00 | dt: 5058.60ms | tok/sec: 207,285 | bf16_mfu: 50.04 | epoch: 1 pq: 11 rg: 26 | total time: 40.62m | eta: 437.7m
step 00483/05568 (8.67%) | loss: 3.014127 | lrm: 1.00 | dt: 5045.27ms | tok/sec: 207,833 | bf16_mfu: 50.17 | epoch: 1 pq: 11 rg: 28 | total time: 40.71m | eta: 437.6m
step 00484/05568 (8.69%) | loss: 3.008423 | lrm: 1.00 | dt: 5052.93ms | tok/sec: 207,518 | bf16_mfu: 50.10 | epoch: 1 pq: 11 rg: 30 | total time: 40.79m | eta: 437.5m
step 00485/05568 (8.71%) | loss: 3.011471 | lrm: 1.00 | dt: 5054.38ms | tok/sec: 207,458 | bf16_mfu: 50.08 | epoch: 1 pq: 11 rg: 32 | total time: 40.88m | eta: 437.4m
step 00486/05568 (8.73%) | loss: 3.020265 | lrm: 1.00 | dt: 5058.73ms | tok/sec: 207,280 | bf16_mfu: 50.04 | epoch: 1 pq: 11 rg: 34 | total time: 40.96m | eta: 437.3m
step 00487/05568 (8.75%) | loss: 3.023897 | lrm: 1.00 | dt: 5053.63ms | tok/sec: 207,489 | bf16_mfu: 50.09 | epoch: 1 pq: 11 rg: 36 | total time: 41.04m | eta: 437.2m
step 00488/05568 (8.76%) | loss: 3.015959 | lrm: 1.00 | dt: 5058.93ms | tok/sec: 207,272 | bf16_mfu: 50.04 | epoch: 1 pq: 11 rg: 38 | total time: 41.13m | eta: 437.1m
step 00489/05568 (8.78%) | loss: 3.039164 | lrm: 1.00 | dt: 5056.13ms | tok/sec: 207,386 | bf16_mfu: 50.07 | epoch: 1 pq: 11 rg: 40 | total time: 41.21m | eta: 437.0m
step 00490/05568 (8.80%) | loss: 3.051785 | lrm: 1.00 | dt: 5053.92ms | tok/sec: 207,477 | bf16_mfu: 50.09 | epoch: 1 pq: 11 rg: 42 | total time: 41.30m | eta: 436.9m
step 00491/05568 (8.82%) | loss: 3.046227 | lrm: 1.00 | dt: 5053.80ms | tok/sec: 207,482 | bf16_mfu: 50.09 | epoch: 1 pq: 11 rg: 44 | total time: 41.38m | eta: 436.8m
step 00492/05568 (8.84%) | loss: 3.038720 | lrm: 1.00 | dt: 5046.90ms | tok/sec: 207,766 | bf16_mfu: 50.16 | epoch: 1 pq: 11 rg: 46 | total time: 41.47m | eta: 436.7m
step 00493/05568 (8.85%) | loss: 3.043144 | lrm: 1.00 | dt: 5043.83ms | tok/sec: 207,892 | bf16_mfu: 50.19 | epoch: 1 pq: 11 rg: 48 | total time: 41.55m | eta: 436.6m
step 00494/05568 (8.87%) | loss: 3.050490 | lrm: 1.00 | dt: 5054.28ms | tok/sec: 207,463 | bf16_mfu: 50.09 | epoch: 1 pq: 11 rg: 50 | total time: 41.63m | eta: 436.5m
step 00495/05568 (8.89%) | loss: 3.047668 | lrm: 1.00 | dt: 5055.23ms | tok/sec: 207,424 | bf16_mfu: 50.08 | epoch: 1 pq: 11 rg: 52 | total time: 41.72m | eta: 436.4m
step 00496/05568 (8.91%) | loss: 3.022282 | lrm: 1.00 | dt: 5059.66ms | tok/sec: 207,242 | bf16_mfu: 50.03 | epoch: 1 pq: 11 rg: 54 | total time: 41.80m | eta: 436.3m
step 00497/05568 (8.93%) | loss: 3.022913 | lrm: 1.00 | dt: 5061.88ms | tok/sec: 207,151 | bf16_mfu: 50.01 | epoch: 1 pq: 11 rg: 56 | total time: 41.89m | eta: 436.2m
step 00498/05568 (8.94%) | loss: 3.012405 | lrm: 1.00 | dt: 5058.48ms | tok/sec: 207,290 | bf16_mfu: 50.04 | epoch: 1 pq: 11 rg: 58 | total time: 41.97m | eta: 436.1m
step 00499/05568 (8.96%) | loss: 3.013629 | lrm: 1.00 | dt: 5099.66ms | tok/sec: 205,616 | bf16_mfu: 49.64 | epoch: 1 pq: 11 rg: 60 | total time: 42.06m | eta: 436.0m
Step 00500 | Validation bpb: 0.908145
step 00500/05568 (8.98%) | loss: 2.997544 | lrm: 1.00 | dt: 5049.55ms | tok/sec: 207,657 | bf16_mfu: 50.13 | epoch: 1 pq: 11 rg: 62 | total time: 42.14m | eta: 435.9m
step 00501/05568 (9.00%) | loss: 3.001362 | lrm: 1.00 | dt: 5049.30ms | tok/sec: 207,667 | bf16_mfu: 50.13 | epoch: 1 pq: 11 rg: 64 | total time: 42.22m | eta: 435.7m
step 00502/05568 (9.02%) | loss: 3.000426 | lrm: 1.00 | dt: 5060.02ms | tok/sec: 207,227 | bf16_mfu: 50.03 | epoch: 1 pq: 11 rg: 66 | total time: 42.31m | eta: 435.6m
step 00503/05568 (9.03%) | loss: 3.012959 | lrm: 1.00 | dt: 5067.27ms | tok/sec: 206,930 | bf16_mfu: 49.96 | epoch: 1 pq: 11 rg: 68 | total time: 42.39m | eta: 435.5m
step 00504/05568 (9.05%) | loss: 3.014153 | lrm: 1.00 | dt: 5058.99ms | tok/sec: 207,269 | bf16_mfu: 50.04 | epoch: 1 pq: 11 rg: 70 | total time: 42.48m | eta: 435.4m
step 00505/05568 (9.07%) | loss: 3.008149 | lrm: 1.00 | dt: 5056.45ms | tok/sec: 207,373 | bf16_mfu: 50.06 | epoch: 1 pq: 11 rg: 72 | total time: 42.56m | eta: 435.3m
step 00506/05568 (9.09%) | loss: 3.020596 | lrm: 1.00 | dt: 5134.64ms | tok/sec: 204,216 | bf16_mfu: 49.30 | epoch: 1 pq: 11 rg: 74 | total time: 42.65m | eta: 435.2m
step 00507/05568 (9.11%) | loss: 3.007909 | lrm: 1.00 | dt: 5036.00ms | tok/sec: 208,216 | bf16_mfu: 50.27 | epoch: 1 pq: 11 rg: 76 | total time: 42.73m | eta: 435.1m
step 00508/05568 (9.12%) | loss: 3.000462 | lrm: 1.00 | dt: 5055.56ms | tok/sec: 207,410 | bf16_mfu: 50.07 | epoch: 1 pq: 11 rg: 78 | total time: 42.82m | eta: 435.0m
step 00509/05568 (9.14%) | loss: 2.990038 | lrm: 1.00 | dt: 5058.44ms | tok/sec: 207,292 | bf16_mfu: 50.04 | epoch: 1 pq: 11 rg: 80 | total time: 42.90m | eta: 434.9m
step 00510/05568 (9.16%) | loss: 2.986197 | lrm: 1.00 | dt: 5068.44ms | tok/sec: 206,883 | bf16_mfu: 49.95 | epoch: 1 pq: 12 rg: 0 | total time: 42.98m | eta: 434.8m
step 00511/05568 (9.18%) | loss: 2.978151 | lrm: 1.00 | dt: 5056.22ms | tok/sec: 207,383 | bf16_mfu: 50.07 | epoch: 1 pq: 12 rg: 2 | total time: 43.07m | eta: 434.7m
step 00512/05568 (9.20%) | loss: 2.964887 | lrm: 1.00 | dt: 5052.61ms | tok/sec: 207,531 | bf16_mfu: 50.10 | epoch: 1 pq: 12 rg: 2 | total time: 43.15m | eta: 434.6m
step 00513/05568 (9.21%) | loss: 2.968961 | lrm: 1.00 | dt: 5055.20ms | tok/sec: 207,425 | bf16_mfu: 50.08 | epoch: 1 pq: 12 rg: 4 | total time: 43.24m | eta: 434.5m
step 00514/05568 (9.23%) | loss: 2.969231 | lrm: 1.00 | dt: 5062.38ms | tok/sec: 207,130 | bf16_mfu: 50.00 | epoch: 1 pq: 12 rg: 6 | total time: 43.32m | eta: 434.4m
step 00515/05568 (9.25%) | loss: 2.962784 | lrm: 1.00 | dt: 5058.03ms | tok/sec: 207,309 | bf16_mfu: 50.05 | epoch: 1 pq: 12 rg: 8 | total time: 43.41m | eta: 434.3m
step 00516/05568 (9.27%) | loss: 2.961165 | lrm: 1.00 | dt: 5049.25ms | tok/sec: 207,669 | bf16_mfu: 50.13 | epoch: 1 pq: 12 rg: 10 | total time: 43.49m | eta: 434.2m
step 00517/05568 (9.29%) | loss: 2.969774 | lrm: 1.00 | dt: 5055.96ms | tok/sec: 207,393 | bf16_mfu: 50.07 | epoch: 1 pq: 12 rg: 12 | total time: 43.57m | eta: 434.1m
step 00518/05568 (9.30%) | loss: 2.987103 | lrm: 1.00 | dt: 5057.37ms | tok/sec: 207,336 | bf16_mfu: 50.05 | epoch: 1 pq: 12 rg: 14 | total time: 43.66m | eta: 434.0m
step 00519/05568 (9.32%) | loss: 2.986527 | lrm: 1.00 | dt: 5051.62ms | tok/sec: 207,572 | bf16_mfu: 50.11 | epoch: 1 pq: 12 rg: 16 | total time: 43.74m | eta: 433.9m
step 00520/05568 (9.34%) | loss: 2.975896 | lrm: 1.00 | dt: 5050.46ms | tok/sec: 207,620 | bf16_mfu: 50.12 | epoch: 1 pq: 12 rg: 18 | total time: 43.83m | eta: 433.8m
step 00521/05568 (9.36%) | loss: 2.967622 | lrm: 1.00 | dt: 5058.14ms | tok/sec: 207,304 | bf16_mfu: 50.05 | epoch: 1 pq: 12 rg: 20 | total time: 43.91m | eta: 433.7m
step 00522/05568 (9.38%) | loss: 2.988032 | lrm: 1.00 | dt: 5059.69ms | tok/sec: 207,240 | bf16_mfu: 50.03 | epoch: 1 pq: 12 rg: 22 | total time: 44.00m | eta: 433.6m
step 00523/05568 (9.39%) | loss: 2.978901 | lrm: 1.00 | dt: 5053.28ms | tok/sec: 207,504 | bf16_mfu: 50.10 | epoch: 1 pq: 12 rg: 24 | total time: 44.08m | eta: 433.5m
step 00524/05568 (9.41%) | loss: 2.979026 | lrm: 1.00 | dt: 5040.25ms | tok/sec: 208,040 | bf16_mfu: 50.22 | epoch: 1 pq: 12 rg: 26 | total time: 44.16m | eta: 433.4m
step 00525/05568 (9.43%) | loss: 2.977175 | lrm: 1.00 | dt: 5048.30ms | tok/sec: 207,708 | bf16_mfu: 50.14 | epoch: 1 pq: 12 rg: 28 | total time: 44.25m | eta: 433.3m
step 00526/05568 (9.45%) | loss: 2.974365 | lrm: 1.00 | dt: 5056.84ms | tok/sec: 207,357 | bf16_mfu: 50.06 | epoch: 1 pq: 12 rg: 30 | total time: 44.33m | eta: 433.2m
step 00527/05568 (9.46%) | loss: 2.980093 | lrm: 1.00 | dt: 5052.82ms | tok/sec: 207,523 | bf16_mfu: 50.10 | epoch: 1 pq: 12 rg: 32 | total time: 44.42m | eta: 433.1m
step 00528/05568 (9.48%) | loss: 2.978960 | lrm: 1.00 | dt: 5068.08ms | tok/sec: 206,898 | bf16_mfu: 49.95 | epoch: 1 pq: 12 rg: 34 | total time: 44.50m | eta: 433.0m
step 00529/05568 (9.50%) | loss: 2.980478 | lrm: 1.00 | dt: 5049.77ms | tok/sec: 207,648 | bf16_mfu: 50.13 | epoch: 1 pq: 12 rg: 36 | total time: 44.58m | eta: 432.9m
step 00530/05568 (9.52%) | loss: 2.984232 | lrm: 1.00 | dt: 5045.99ms | tok/sec: 207,803 | bf16_mfu: 50.17 | epoch: 1 pq: 12 rg: 38 | total time: 44.67m | eta: 432.8m
step 00531/05568 (9.54%) | loss: 2.985331 | lrm: 1.00 | dt: 5054.59ms | tok/sec: 207,450 | bf16_mfu: 50.08 | epoch: 1 pq: 12 rg: 40 | total time: 44.75m | eta: 432.7m
step 00532/05568 (9.55%) | loss: 2.956719 | lrm: 1.00 | dt: 5047.84ms | tok/sec: 207,727 | bf16_mfu: 50.15 | epoch: 1 pq: 12 rg: 42 | total time: 44.84m | eta: 432.6m
step 00533/05568 (9.57%) | loss: 2.976631 | lrm: 1.00 | dt: 5047.78ms | tok/sec: 207,730 | bf16_mfu: 50.15 | epoch: 1 pq: 12 rg: 44 | total time: 44.92m | eta: 432.5m
step 00534/05568 (9.59%) | loss: 2.977111 | lrm: 1.00 | dt: 5057.96ms | tok/sec: 207,312 | bf16_mfu: 50.05 | epoch: 1 pq: 12 rg: 46 | total time: 45.01m | eta: 432.4m
step 00535/05568 (9.61%) | loss: 2.973034 | lrm: 1.00 | dt: 5059.77ms | tok/sec: 207,237 | bf16_mfu: 50.03 | epoch: 1 pq: 12 rg: 48 | total time: 45.09m | eta: 432.3m
step 00536/05568 (9.63%) | loss: 2.964023 | lrm: 1.00 | dt: 5052.90ms | tok/sec: 207,519 | bf16_mfu: 50.10 | epoch: 1 pq: 12 rg: 50 | total time: 45.17m | eta: 432.2m
step 00537/05568 (9.64%) | loss: 2.944675 | lrm: 1.00 | dt: 5052.64ms | tok/sec: 207,530 | bf16_mfu: 50.10 | epoch: 1 pq: 12 rg: 52 | total time: 45.26m | eta: 432.1m
step 00538/05568 (9.66%) | loss: 2.939712 | lrm: 1.00 | dt: 5055.40ms | tok/sec: 207,416 | bf16_mfu: 50.07 | epoch: 1 pq: 12 rg: 54 | total time: 45.34m | eta: 432.0m
step 00539/05568 (9.68%) | loss: 2.935212 | lrm: 1.00 | dt: 5051.58ms | tok/sec: 207,574 | bf16_mfu: 50.11 | epoch: 1 pq: 12 rg: 56 | total time: 45.43m | eta: 431.9m
step 00540/05568 (9.70%) | loss: 2.931090 | lrm: 1.00 | dt: 5050.72ms | tok/sec: 207,609 | bf16_mfu: 50.12 | epoch: 1 pq: 12 rg: 58 | total time: 45.51m | eta: 431.8m
step 00541/05568 (9.72%) | loss: 2.935114 | lrm: 1.00 | dt: 5047.08ms | tok/sec: 207,758 | bf16_mfu: 50.16 | epoch: 1 pq: 12 rg: 60 | total time: 45.60m | eta: 431.7m
step 00542/05568 (9.73%) | loss: 2.950020 | lrm: 1.00 | dt: 5051.64ms | tok/sec: 207,571 | bf16_mfu: 50.11 | epoch: 1 pq: 12 rg: 62 | total time: 45.68m | eta: 431.6m
step 00543/05568 (9.75%) | loss: 2.954293 | lrm: 1.00 | dt: 5055.90ms | tok/sec: 207,396 | bf16_mfu: 50.07 | epoch: 1 pq: 12 rg: 64 | total time: 45.76m | eta: 431.5m
step 00544/05568 (9.77%) | loss: 2.951991 | lrm: 1.00 | dt: 5049.46ms | tok/sec: 207,660 | bf16_mfu: 50.13 | epoch: 1 pq: 12 rg: 66 | total time: 45.85m | eta: 431.3m
step 00545/05568 (9.79%) | loss: 2.954183 | lrm: 1.00 | dt: 5048.85ms | tok/sec: 207,686 | bf16_mfu: 50.14 | epoch: 1 pq: 12 rg: 68 | total time: 45.93m | eta: 431.2m
step 00546/05568 (9.81%) | loss: 2.954736 | lrm: 1.00 | dt: 5065.29ms | tok/sec: 207,012 | bf16_mfu: 49.98 | epoch: 1 pq: 12 rg: 70 | total time: 46.02m | eta: 431.1m
step 00547/05568 (9.82%) | loss: 2.964329 | lrm: 1.00 | dt: 5046.94ms | tok/sec: 207,764 | bf16_mfu: 50.16 | epoch: 1 pq: 12 rg: 72 | total time: 46.10m | eta: 431.0m
step 00548/05568 (9.84%) | loss: 2.945944 | lrm: 1.00 | dt: 5052.11ms | tok/sec: 207,551 | bf16_mfu: 50.11 | epoch: 1 pq: 12 rg: 74 | total time: 46.18m | eta: 430.9m
step 00549/05568 (9.86%) | loss: 2.934868 | lrm: 1.00 | dt: 5051.15ms | tok/sec: 207,591 | bf16_mfu: 50.12 | epoch: 1 pq: 12 rg: 76 | total time: 46.27m | eta: 430.8m
step 00550/05568 (9.88%) | loss: 2.939528 | lrm: 1.00 | dt: 5202.85ms | tok/sec: 201,538 | bf16_mfu: 48.65 | epoch: 1 pq: 12 rg: 78 | total time: 46.36m | eta: 430.8m
step 00551/05568 (9.90%) | loss: 2.951555 | lrm: 1.00 | dt: 5080.17ms | tok/sec: 206,405 | bf16_mfu: 49.83 | epoch: 1 pq: 12 rg: 80 | total time: 46.44m | eta: 430.7m
step 00552/05568 (9.91%) | loss: 2.959948 | lrm: 1.00 | dt: 5046.41ms | tok/sec: 207,786 | bf16_mfu: 50.16 | epoch: 1 pq: 13 rg: 0 | total time: 46.52m | eta: 430.6m
step 00553/05568 (9.93%) | loss: 2.961303 | lrm: 1.00 | dt: 5048.94ms | tok/sec: 207,682 | bf16_mfu: 50.14 | epoch: 1 pq: 13 rg: 0 | total time: 46.61m | eta: 430.5m
step 00554/05568 (9.95%) | loss: 2.948929 | lrm: 1.00 | dt: 5048.20ms | tok/sec: 207,712 | bf16_mfu: 50.15 | epoch: 1 pq: 13 rg: 2 | total time: 46.69m | eta: 430.4m
step 00555/05568 (9.97%) | loss: 2.942981 | lrm: 1.00 | dt: 5050.11ms | tok/sec: 207,634 | bf16_mfu: 50.13 | epoch: 1 pq: 13 rg: 4 | total time: 46.78m | eta: 430.3m
step 00556/05568 (9.99%) | loss: 2.938099 | lrm: 1.00 | dt: 5038.22ms | tok/sec: 208,124 | bf16_mfu: 50.24 | epoch: 1 pq: 13 rg: 6 | total time: 46.86m | eta: 430.2m
step 00557/05568 (10.00%) | loss: 2.927050 | lrm: 1.00 | dt: 5043.64ms | tok/sec: 207,900 | bf16_mfu: 50.19 | epoch: 1 pq: 13 rg: 8 | total time: 46.95m | eta: 430.1m
step 00558/05568 (10.02%) | loss: 2.913950 | lrm: 1.00 | dt: 5042.56ms | tok/sec: 207,945 | bf16_mfu: 50.20 | epoch: 1 pq: 13 rg: 10 | total time: 47.03m | eta: 430.0m
step 00559/05568 (10.04%) | loss: 2.911816 | lrm: 1.00 | dt: 5044.75ms | tok/sec: 207,854 | bf16_mfu: 50.18 | epoch: 1 pq: 13 rg: 12 | total time: 47.11m | eta: 429.9m
step 00560/05568 (10.06%) | loss: 2.899837 | lrm: 1.00 | dt: 5046.02ms | tok/sec: 207,802 | bf16_mfu: 50.17 | epoch: 1 pq: 13 rg: 14 | total time: 47.20m | eta: 429.8m
step 00561/05568 (10.08%) | loss: 2.902344 | lrm: 1.00 | dt: 5059.13ms | tok/sec: 207,264 | bf16_mfu: 50.04 | epoch: 1 pq: 13 rg: 16 | total time: 47.28m | eta: 429.7m
step 00562/05568 (10.09%) | loss: 2.898024 | lrm: 1.00 | dt: 8122.81ms | tok/sec: 129,090 | bf16_mfu: 31.16 | epoch: 1 pq: 13 rg: 18 | total time: 47.42m | eta: 430.0m
step 00563/05568 (10.11%) | loss: 2.891762 | lrm: 1.00 | dt: 4998.66ms | tok/sec: 209,771 | bf16_mfu: 50.64 | epoch: 1 pq: 13 rg: 20 | total time: 47.50m | eta: 429.9m
step 00564/05568 (10.13%) | loss: 2.915779 | lrm: 1.00 | dt: 5039.18ms | tok/sec: 208,084 | bf16_mfu: 50.24 | epoch: 1 pq: 13 rg: 22 | total time: 47.58m | eta: 429.8m
step 00565/05568 (10.15%) | loss: 2.919658 | lrm: 1.00 | dt: 5044.42ms | tok/sec: 207,868 | bf16_mfu: 50.18 | epoch: 1 pq: 13 rg: 24 | total time: 47.67m | eta: 429.7m
step 00566/05568 (10.17%) | loss: 2.936155 | lrm: 1.00 | dt: 5044.06ms | tok/sec: 207,883 | bf16_mfu: 50.19 | epoch: 1 pq: 13 rg: 26 | total time: 47.75m | eta: 429.6m
step 00567/05568 (10.18%) | loss: 2.932057 | lrm: 1.00 | dt: 5040.31ms | tok/sec: 208,038 | bf16_mfu: 50.22 | epoch: 1 pq: 13 rg: 28 | total time: 47.84m | eta: 429.5m
step 00568/05568 (10.20%) | loss: 2.941640 | lrm: 1.00 | dt: 5046.88ms | tok/sec: 207,767 | bf16_mfu: 50.16 | epoch: 1 pq: 13 rg: 30 | total time: 47.92m | eta: 429.4m
step 00569/05568 (10.22%) | loss: 2.937740 | lrm: 1.00 | dt: 5050.23ms | tok/sec: 207,629 | bf16_mfu: 50.13 | epoch: 1 pq: 13 rg: 32 | total time: 48.00m | eta: 429.3m
step 00570/05568 (10.24%) | loss: 2.949683 | lrm: 1.00 | dt: 5040.53ms | tok/sec: 208,028 | bf16_mfu: 50.22 | epoch: 1 pq: 13 rg: 34 | total time: 48.09m | eta: 429.2m
step 00571/05568 (10.26%) | loss: 2.945154 | lrm: 1.00 | dt: 5055.70ms | tok/sec: 207,404 | bf16_mfu: 50.07 | epoch: 1 pq: 13 rg: 36 | total time: 48.17m | eta: 429.1m
step 00572/05568 (10.27%) | loss: 2.942485 | lrm: 1.00 | dt: 5046.01ms | tok/sec: 207,802 | bf16_mfu: 50.17 | epoch: 1 pq: 13 rg: 38 | total time: 48.26m | eta: 429.0m
step 00573/05568 (10.29%) | loss: 2.939685 | lrm: 1.00 | dt: 5046.42ms | tok/sec: 207,786 | bf16_mfu: 50.16 | epoch: 1 pq: 13 rg: 40 | total time: 48.34m | eta: 428.9m
step 00574/05568 (10.31%) | loss: 2.935747 | lrm: 1.00 | dt: 5047.15ms | tok/sec: 207,756 | bf16_mfu: 50.16 | epoch: 1 pq: 13 rg: 42 | total time: 48.43m | eta: 428.8m
step 00575/05568 (10.33%) | loss: 2.937254 | lrm: 1.00 | dt: 5039.78ms | tok/sec: 208,060 | bf16_mfu: 50.23 | epoch: 1 pq: 13 rg: 44 | total time: 48.51m | eta: 428.7m
step 00576/05568 (10.34%) | loss: 2.941525 | lrm: 1.00 | dt: 5052.79ms | tok/sec: 207,524 | bf16_mfu: 50.10 | epoch: 1 pq: 13 rg: 46 | total time: 48.59m | eta: 428.6m
step 00577/05568 (10.36%) | loss: 2.940394 | lrm: 1.00 | dt: 5049.50ms | tok/sec: 207,659 | bf16_mfu: 50.13 | epoch: 1 pq: 13 rg: 48 | total time: 48.68m | eta: 428.5m
step 00578/05568 (10.38%) | loss: 2.943420 | lrm: 1.00 | dt: 5051.26ms | tok/sec: 207,587 | bf16_mfu: 50.12 | epoch: 1 pq: 13 rg: 50 | total time: 48.76m | eta: 428.4m
step 00579/05568 (10.40%) | loss: 2.952525 | lrm: 1.00 | dt: 5049.17ms | tok/sec: 207,673 | bf16_mfu: 50.14 | epoch: 1 pq: 13 rg: 52 | total time: 48.85m | eta: 428.3m
step 00580/05568 (10.42%) | loss: 2.944762 | lrm: 1.00 | dt: 5048.75ms | tok/sec: 207,690 | bf16_mfu: 50.14 | epoch: 1 pq: 13 rg: 54 | total time: 48.93m | eta: 428.2m
step 00581/05568 (10.43%) | loss: 2.948920 | lrm: 1.00 | dt: 5050.73ms | tok/sec: 207,608 | bf16_mfu: 50.12 | epoch: 1 pq: 13 rg: 56 | total time: 49.01m | eta: 428.1m
step 00582/05568 (10.45%) | loss: 2.943137 | lrm: 1.00 | dt: 5038.22ms | tok/sec: 208,124 | bf16_mfu: 50.24 | epoch: 1 pq: 13 rg: 58 | total time: 49.10m | eta: 428.0m
step 00583/05568 (10.47%) | loss: 2.927831 | lrm: 1.00 | dt: 5055.75ms | tok/sec: 207,402 | bf16_mfu: 50.07 | epoch: 1 pq: 13 rg: 60 | total time: 49.18m | eta: 427.9m
step 00584/05568 (10.49%) | loss: 2.919558 | lrm: 1.00 | dt: 5050.43ms | tok/sec: 207,621 | bf16_mfu: 50.12 | epoch: 1 pq: 13 rg: 62 | total time: 49.27m | eta: 427.8m
step 00585/05568 (10.51%) | loss: 2.936133 | lrm: 1.00 | dt: 5038.42ms | tok/sec: 208,115 | bf16_mfu: 50.24 | epoch: 1 pq: 13 rg: 64 | total time: 49.35m | eta: 427.7m
step 00586/05568 (10.52%) | loss: 2.921394 | lrm: 1.00 | dt: 5047.92ms | tok/sec: 207,724 | bf16_mfu: 50.15 | epoch: 1 pq: 13 rg: 66 | total time: 49.43m | eta: 427.6m
step 00587/05568 (10.54%) | loss: 2.922380 | lrm: 1.00 | dt: 5058.14ms | tok/sec: 207,304 | bf16_mfu: 50.05 | epoch: 1 pq: 13 rg: 68 | total time: 49.52m | eta: 427.5m
step 00588/05568 (10.56%) | loss: 2.930920 | lrm: 1.00 | dt: 5053.14ms | tok/sec: 207,509 | bf16_mfu: 50.10 | epoch: 1 pq: 13 rg: 70 | total time: 49.60m | eta: 427.4m
step 00589/05568 (10.58%) | loss: 2.938850 | lrm: 1.00 | dt: 5051.44ms | tok/sec: 207,579 | bf16_mfu: 50.11 | epoch: 1 pq: 13 rg: 72 | total time: 49.69m | eta: 427.3m
step 00590/05568 (10.60%) | loss: 2.933555 | lrm: 1.00 | dt: 5049.85ms | tok/sec: 207,644 | bf16_mfu: 50.13 | epoch: 1 pq: 13 rg: 74 | total time: 49.77m | eta: 427.2m
step 00591/05568 (10.61%) | loss: 2.937737 | lrm: 1.00 | dt: 5263.12ms | tok/sec: 199,230 | bf16_mfu: 48.10 | epoch: 1 pq: 13 rg: 76 | total time: 49.86m | eta: 427.1m
step 00592/05568 (10.63%) | loss: 2.937965 | lrm: 1.00 | dt: 5019.92ms | tok/sec: 208,883 | bf16_mfu: 50.43 | epoch: 1 pq: 13 rg: 78 | total time: 49.94m | eta: 427.0m
step 00593/05568 (10.65%) | loss: 2.929071 | lrm: 1.00 | dt: 5045.07ms | tok/sec: 207,841 | bf16_mfu: 50.18 | epoch: 1 pq: 13 rg: 80 | total time: 50.03m | eta: 426.9m
step 00594/05568 (10.67%) | loss: 2.912354 | lrm: 1.00 | dt: 5040.96ms | tok/sec: 208,011 | bf16_mfu: 50.22 | epoch: 1 pq: 13 rg: 80 | total time: 50.11m | eta: 426.8m
step 00595/05568 (10.69%) | loss: 2.914483 | lrm: 1.00 | dt: 5044.47ms | tok/sec: 207,866 | bf16_mfu: 50.18 | epoch: 1 pq: 13 rg: 82 | total time: 50.20m | eta: 426.7m
step 00596/05568 (10.70%) | loss: 2.917340 | lrm: 1.00 | dt: 5047.70ms | tok/sec: 207,733 | bf16_mfu: 50.15 | epoch: 1 pq: 14 rg: 0 | total time: 50.28m | eta: 426.6m
step 00597/05568 (10.72%) | loss: 2.919548 | lrm: 1.00 | dt: 5035.96ms | tok/sec: 208,217 | bf16_mfu: 50.27 | epoch: 1 pq: 14 rg: 2 | total time: 50.36m | eta: 426.5m
step 00598/05568 (10.74%) | loss: 2.914744 | lrm: 1.00 | dt: 5037.27ms | tok/sec: 208,163 | bf16_mfu: 50.25 | epoch: 1 pq: 14 rg: 4 | total time: 50.45m | eta: 426.4m
step 00599/05568 (10.76%) | loss: 2.914227 | lrm: 1.00 | dt: 5044.18ms | tok/sec: 207,878 | bf16_mfu: 50.19 | epoch: 1 pq: 14 rg: 6 | total time: 50.53m | eta: 426.3m
step 00600/05568 (10.78%) | loss: 2.917029 | lrm: 1.00 | dt: 4986.71ms | tok/sec: 210,274 | bf16_mfu: 50.76 | epoch: 1 pq: 14 rg: 8 | total time: 50.61m | eta: 426.2m
step 00601/05568 (10.79%) | loss: 2.896940 | lrm: 1.00 | dt: 5038.52ms | tok/sec: 208,112 | bf16_mfu: 50.24 | epoch: 1 pq: 14 rg: 10 | total time: 50.70m | eta: 426.1m
step 00602/05568 (10.81%) | loss: 2.892401 | lrm: 1.00 | dt: 5042.92ms | tok/sec: 207,930 | bf16_mfu: 50.20 | epoch: 1 pq: 14 rg: 12 | total time: 50.78m | eta: 426.0m
step 00603/05568 (10.83%) | loss: 2.900830 | lrm: 1.00 | dt: 5045.62ms | tok/sec: 207,818 | bf16_mfu: 50.17 | epoch: 1 pq: 14 rg: 14 | total time: 50.87m | eta: 425.9m
step 00604/05568 (10.85%) | loss: 2.910661 | lrm: 1.00 | dt: 5035.09ms | tok/sec: 208,253 | bf16_mfu: 50.28 | epoch: 1 pq: 14 rg: 16 | total time: 50.95m | eta: 425.8m
step 00605/05568 (10.87%) | loss: 2.925485 | lrm: 1.00 | dt: 5035.52ms | tok/sec: 208,235 | bf16_mfu: 50.27 | epoch: 1 pq: 14 rg: 18 | total time: 51.03m | eta: 425.7m
step 00606/05568 (10.88%) | loss: 2.938467 | lrm: 1.00 | dt: 5038.08ms | tok/sec: 208,130 | bf16_mfu: 50.25 | epoch: 1 pq: 14 rg: 20 | total time: 51.12m | eta: 425.6m
step 00607/05568 (10.90%) | loss: 2.930268 | lrm: 1.00 | dt: 5042.13ms | tok/sec: 207,962 | bf16_mfu: 50.21 | epoch: 1 pq: 14 rg: 22 | total time: 51.20m | eta: 425.5m
step 00608/05568 (10.92%) | loss: 2.944731 | lrm: 1.00 | dt: 5051.60ms | tok/sec: 207,573 | bf16_mfu: 50.11 | epoch: 1 pq: 14 rg: 24 | total time: 51.29m | eta: 425.4m
step 00609/05568 (10.94%) | loss: 2.928702 | lrm: 1.00 | dt: 5041.84ms | tok/sec: 207,974 | bf16_mfu: 50.21 | epoch: 1 pq: 14 rg: 26 | total time: 51.37m | eta: 425.3m
step 00610/05568 (10.96%) | loss: 2.924987 | lrm: 1.00 | dt: 5030.66ms | tok/sec: 208,437 | bf16_mfu: 50.32 | epoch: 1 pq: 14 rg: 28 | total time: 51.45m | eta: 425.2m
step 00611/05568 (10.97%) | loss: 2.914169 | lrm: 1.00 | dt: 5040.53ms | tok/sec: 208,028 | bf16_mfu: 50.22 | epoch: 1 pq: 14 rg: 30 | total time: 51.54m | eta: 425.1m
step 00612/05568 (10.99%) | loss: 2.911957 | lrm: 1.00 | dt: 5042.90ms | tok/sec: 207,931 | bf16_mfu: 50.20 | epoch: 1 pq: 14 rg: 32 | total time: 51.62m | eta: 425.0m
step 00613/05568 (11.01%) | loss: 2.914078 | lrm: 1.00 | dt: 5045.65ms | tok/sec: 207,817 | bf16_mfu: 50.17 | epoch: 1 pq: 14 rg: 34 | total time: 51.71m | eta: 424.9m
step 00614/05568 (11.03%) | loss: 2.902791 | lrm: 1.00 | dt: 5315.17ms | tok/sec: 197,279 | bf16_mfu: 47.63 | epoch: 1 pq: 14 rg: 36 | total time: 51.80m | eta: 424.8m
step 00615/05568 (11.05%) | loss: 2.895218 | lrm: 1.00 | dt: 5038.66ms | tok/sec: 208,105 | bf16_mfu: 50.24 | epoch: 1 pq: 14 rg: 38 | total time: 51.88m | eta: 424.7m
step 00616/05568 (11.06%) | loss: 2.891569 | lrm: 1.00 | dt: 5041.04ms | tok/sec: 208,007 | bf16_mfu: 50.22 | epoch: 1 pq: 14 rg: 40 | total time: 51.96m | eta: 424.6m
step 00617/05568 (11.08%) | loss: 2.889895 | lrm: 1.00 | dt: 5035.06ms | tok/sec: 208,255 | bf16_mfu: 50.28 | epoch: 1 pq: 14 rg: 42 | total time: 52.05m | eta: 424.5m
step 00618/05568 (11.10%) | loss: 2.883936 | lrm: 1.00 | dt: 5043.44ms | tok/sec: 207,908 | bf16_mfu: 50.19 | epoch: 1 pq: 14 rg: 44 | total time: 52.13m | eta: 424.4m
step 00619/05568 (11.12%) | loss: 2.899274 | lrm: 1.00 | dt: 5034.56ms | tok/sec: 208,275 | bf16_mfu: 50.28 | epoch: 1 pq: 14 rg: 46 | total time: 52.22m | eta: 424.3m
step 00620/05568 (11.14%) | loss: 2.901165 | lrm: 1.00 | dt: 5039.13ms | tok/sec: 208,086 | bf16_mfu: 50.24 | epoch: 1 pq: 14 rg: 48 | total time: 52.30m | eta: 424.2m
step 00621/05568 (11.15%) | loss: 2.903695 | lrm: 1.00 | dt: 5046.07ms | tok/sec: 207,800 | bf16_mfu: 50.17 | epoch: 1 pq: 14 rg: 50 | total time: 52.38m | eta: 424.1m
step 00622/05568 (11.17%) | loss: 2.903876 | lrm: 1.00 | dt: 5034.51ms | tok/sec: 208,277 | bf16_mfu: 50.28 | epoch: 1 pq: 14 rg: 52 | total time: 52.47m | eta: 424.0m
step 00623/05568 (11.19%) | loss: 2.905932 | lrm: 1.00 | dt: 5036.22ms | tok/sec: 208,207 | bf16_mfu: 50.26 | epoch: 1 pq: 14 rg: 54 | total time: 52.55m | eta: 423.9m
step 00624/05568 (11.21%) | loss: 2.912007 | lrm: 1.00 | dt: 5039.57ms | tok/sec: 208,068 | bf16_mfu: 50.23 | epoch: 1 pq: 14 rg: 56 | total time: 52.64m | eta: 423.8m
step 00625/05568 (11.22%) | loss: 2.918301 | lrm: 1.00 | dt: 5046.50ms | tok/sec: 207,782 | bf16_mfu: 50.16 | epoch: 1 pq: 14 rg: 58 | total time: 52.72m | eta: 423.7m
step 00626/05568 (11.24%) | loss: 2.927814 | lrm: 1.00 | dt: 5052.68ms | tok/sec: 207,528 | bf16_mfu: 50.10 | epoch: 1 pq: 14 rg: 60 | total time: 52.80m | eta: 423.6m
step 00627/05568 (11.26%) | loss: 2.926969 | lrm: 1.00 | dt: 5047.86ms | tok/sec: 207,726 | bf16_mfu: 50.15 | epoch: 1 pq: 14 rg: 62 | total time: 52.89m | eta: 423.5m
step 00628/05568 (11.28%) | loss: 2.928414 | lrm: 1.00 | dt: 5040.64ms | tok/sec: 208,024 | bf16_mfu: 50.22 | epoch: 1 pq: 14 rg: 64 | total time: 52.97m | eta: 423.4m
step 00629/05568 (11.30%) | loss: 2.934582 | lrm: 1.00 | dt: 5038.23ms | tok/sec: 208,123 | bf16_mfu: 50.24 | epoch: 1 pq: 14 rg: 64 | total time: 53.06m | eta: 423.3m
step 00630/05568 (11.31%) | loss: 2.934135 | lrm: 1.00 | dt: 5046.50ms | tok/sec: 207,782 | bf16_mfu: 50.16 | epoch: 1 pq: 14 rg: 66 | total time: 53.14m | eta: 423.2m
step 00631/05568 (11.33%) | loss: 2.930216 | lrm: 1.00 | dt: 5040.63ms | tok/sec: 208,024 | bf16_mfu: 50.22 | epoch: 1 pq: 14 rg: 68 | total time: 53.22m | eta: 423.1m
step 00632/05568 (11.35%) | loss: 2.923022 | lrm: 1.00 | dt: 5043.59ms | tok/sec: 207,902 | bf16_mfu: 50.19 | epoch: 1 pq: 14 rg: 70 | total time: 53.31m | eta: 423.0m
step 00633/05568 (11.37%) | loss: 2.924863 | lrm: 1.00 | dt: 5036.57ms | tok/sec: 208,192 | bf16_mfu: 50.26 | epoch: 1 pq: 14 rg: 72 | total time: 53.39m | eta: 422.9m
step 00634/05568 (11.39%) | loss: 2.947160 | lrm: 1.00 | dt: 5039.52ms | tok/sec: 208,070 | bf16_mfu: 50.23 | epoch: 1 pq: 14 rg: 74 | total time: 53.48m | eta: 422.8m
step 00635/05568 (11.40%) | loss: 2.956299 | lrm: 1.00 | dt: 5049.24ms | tok/sec: 207,670 | bf16_mfu: 50.14 | epoch: 1 pq: 14 rg: 76 | total time: 53.56m | eta: 422.7m
step 00636/05568 (11.42%) | loss: 2.944195 | lrm: 1.00 | dt: 5036.94ms | tok/sec: 208,177 | bf16_mfu: 50.26 | epoch: 1 pq: 14 rg: 78 | total time: 53.64m | eta: 422.6m
step 00637/05568 (11.44%) | loss: 2.951364 | lrm: 1.00 | dt: 5042.99ms | tok/sec: 207,927 | bf16_mfu: 50.20 | epoch: 1 pq: 14 rg: 80 | total time: 53.73m | eta: 422.5m
step 00638/05568 (11.46%) | loss: 2.957567 | lrm: 1.00 | dt: 5037.00ms | tok/sec: 208,174 | bf16_mfu: 50.26 | epoch: 1 pq: 14 rg: 82 | total time: 53.81m | eta: 422.4m
step 00639/05568 (11.48%) | loss: 2.963849 | lrm: 1.00 | dt: 5037.27ms | tok/sec: 208,163 | bf16_mfu: 50.25 | epoch: 1 pq: 15 rg: 0 | total time: 53.90m | eta: 422.3m
step 00640/05568 (11.49%) | loss: 2.941819 | lrm: 1.00 | dt: 5042.13ms | tok/sec: 207,962 | bf16_mfu: 50.21 | epoch: 1 pq: 15 rg: 2 | total time: 53.98m | eta: 422.2m
step 00641/05568 (11.51%) | loss: 2.932551 | lrm: 1.00 | dt: 5036.38ms | tok/sec: 208,200 | bf16_mfu: 50.26 | epoch: 1 pq: 15 rg: 4 | total time: 54.06m | eta: 422.1m
step 00642/05568 (11.53%) | loss: 2.919988 | lrm: 1.00 | dt: 5034.89ms | tok/sec: 208,261 | bf16_mfu: 50.28 | epoch: 1 pq: 15 rg: 6 | total time: 54.15m | eta: 422.0m
step 00643/05568 (11.55%) | loss: 2.922589 | lrm: 1.00 | dt: 5037.57ms | tok/sec: 208,151 | bf16_mfu: 50.25 | epoch: 1 pq: 15 rg: 8 | total time: 54.23m | eta: 421.9m
step 00644/05568 (11.57%) | loss: 2.925065 | lrm: 1.00 | dt: 5041.82ms | tok/sec: 207,975 | bf16_mfu: 50.21 | epoch: 1 pq: 15 rg: 10 | total time: 54.32m | eta: 421.8m
step 00645/05568 (11.58%) | loss: 2.910756 | lrm: 1.00 | dt: 5036.88ms | tok/sec: 208,179 | bf16_mfu: 50.26 | epoch: 1 pq: 15 rg: 12 | total time: 54.40m | eta: 421.7m
step 00646/05568 (11.60%) | loss: 2.894672 | lrm: 1.00 | dt: 5046.58ms | tok/sec: 207,779 | bf16_mfu: 50.16 | epoch: 1 pq: 15 rg: 14 | total time: 54.48m | eta: 421.6m
step 00647/05568 (11.62%) | loss: 2.901935 | lrm: 1.00 | dt: 5049.20ms | tok/sec: 207,671 | bf16_mfu: 50.14 | epoch: 1 pq: 15 rg: 16 | total time: 54.57m | eta: 421.6m
step 00648/05568 (11.64%) | loss: 2.891017 | lrm: 1.00 | dt: 5041.65ms | tok/sec: 207,982 | bf16_mfu: 50.21 | epoch: 1 pq: 15 rg: 18 | total time: 54.65m | eta: 421.5m
step 00649/05568 (11.66%) | loss: 2.901492 | lrm: 1.00 | dt: 5036.54ms | tok/sec: 208,193 | bf16_mfu: 50.26 | epoch: 1 pq: 15 rg: 20 | total time: 54.74m | eta: 421.4m
step 00650/05568 (11.67%) | loss: 2.899259 | lrm: 1.00 | dt: 5043.43ms | tok/sec: 207,909 | bf16_mfu: 50.19 | epoch: 1 pq: 15 rg: 22 | total time: 54.82m | eta: 421.3m
step 00651/05568 (11.69%) | loss: 2.894396 | lrm: 1.00 | dt: 5035.36ms | tok/sec: 208,242 | bf16_mfu: 50.27 | epoch: 1 pq: 15 rg: 24 | total time: 54.90m | eta: 421.2m
step 00652/05568 (11.71%) | loss: 2.884249 | lrm: 1.00 | dt: 5039.90ms | tok/sec: 208,054 | bf16_mfu: 50.23 | epoch: 1 pq: 15 rg: 26 | total time: 54.99m | eta: 421.1m
step 00653/05568 (11.73%) | loss: 2.855510 | lrm: 1.00 | dt: 5042.94ms | tok/sec: 207,929 | bf16_mfu: 50.20 | epoch: 1 pq: 15 rg: 28 | total time: 55.07m | eta: 421.0m
step 00654/05568 (11.75%) | loss: 2.863479 | lrm: 1.00 | dt: 5033.88ms | tok/sec: 208,303 | bf16_mfu: 50.29 | epoch: 1 pq: 15 rg: 30 | total time: 55.16m | eta: 420.9m
step 00655/05568 (11.76%) | loss: 2.866973 | lrm: 1.00 | dt: 5047.21ms | tok/sec: 207,753 | bf16_mfu: 50.16 | epoch: 1 pq: 15 rg: 32 | total time: 55.24m | eta: 420.8m
step 00656/05568 (11.78%) | loss: 2.872066 | lrm: 1.00 | dt: 5033.99ms | tok/sec: 208,299 | bf16_mfu: 50.29 | epoch: 1 pq: 15 rg: 34 | total time: 55.32m | eta: 420.7m
step 00657/05568 (11.80%) | loss: 2.866523 | lrm: 1.00 | dt: 5045.85ms | tok/sec: 207,809 | bf16_mfu: 50.17 | epoch: 1 pq: 15 rg: 36 | total time: 55.41m | eta: 420.6m
step 00658/05568 (11.82%) | loss: 2.868048 | lrm: 1.00 | dt: 5035.10ms | tok/sec: 208,253 | bf16_mfu: 50.28 | epoch: 1 pq: 15 rg: 38 | total time: 55.49m | eta: 420.5m
step 00659/05568 (11.84%) | loss: 2.877934 | lrm: 1.00 | dt: 5045.31ms | tok/sec: 207,831 | bf16_mfu: 50.17 | epoch: 1 pq: 15 rg: 40 | total time: 55.58m | eta: 420.4m
step 00660/05568 (11.85%) | loss: 2.874674 | lrm: 1.00 | dt: 5040.61ms | tok/sec: 208,025 | bf16_mfu: 50.22 | epoch: 1 pq: 15 rg: 42 | total time: 55.66m | eta: 420.3m
step 00661/05568 (11.87%) | loss: 2.887901 | lrm: 1.00 | dt: 5037.42ms | tok/sec: 208,157 | bf16_mfu: 50.25 | epoch: 1 pq: 15 rg: 44 | total time: 55.74m | eta: 420.2m
step 00662/05568 (11.89%) | loss: 2.883585 | lrm: 1.00 | dt: 5035.18ms | tok/sec: 208,250 | bf16_mfu: 50.28 | epoch: 1 pq: 15 rg: 46 | total time: 55.83m | eta: 420.1m
step 00663/05568 (11.91%) | loss: 2.881815 | lrm: 1.00 | dt: 5048.98ms | tok/sec: 207,680 | bf16_mfu: 50.14 | epoch: 1 pq: 15 rg: 48 | total time: 55.91m | eta: 420.0m
step 00664/05568 (11.93%) | loss: 2.871384 | lrm: 1.00 | dt: 5044.97ms | tok/sec: 207,845 | bf16_mfu: 50.18 | epoch: 1 pq: 15 rg: 50 | total time: 56.00m | eta: 419.9m
step 00665/05568 (11.94%) | loss: 2.868916 | lrm: 1.00 | dt: 5043.89ms | tok/sec: 207,890 | bf16_mfu: 50.19 | epoch: 1 pq: 15 rg: 50 | total time: 56.08m | eta: 419.8m
step 00666/05568 (11.96%) | loss: 2.881378 | lrm: 1.00 | dt: 5043.08ms | tok/sec: 207,923 | bf16_mfu: 50.20 | epoch: 1 pq: 15 rg: 52 | total time: 56.16m | eta: 419.7m
step 00667/05568 (11.98%) | loss: 2.875852 | lrm: 1.00 | dt: 5082.82ms | tok/sec: 206,297 | bf16_mfu: 49.80 | epoch: 1 pq: 15 rg: 54 | total time: 56.25m | eta: 419.6m
step 00668/05568 (12.00%) | loss: 2.886049 | lrm: 1.00 | dt: 5049.50ms | tok/sec: 207,659 | bf16_mfu: 50.13 | epoch: 1 pq: 15 rg: 56 | total time: 56.33m | eta: 419.5m
step 00669/05568 (12.02%) | loss: 2.897322 | lrm: 1.00 | dt: 5045.30ms | tok/sec: 207,832 | bf16_mfu: 50.17 | epoch: 1 pq: 15 rg: 58 | total time: 56.42m | eta: 419.4m
step 00670/05568 (12.03%) | loss: 2.888601 | lrm: 1.00 | dt: 5047.79ms | tok/sec: 207,729 | bf16_mfu: 50.15 | epoch: 1 pq: 15 rg: 60 | total time: 56.50m | eta: 419.3m
step 00671/05568 (12.05%) | loss: 2.885670 | lrm: 1.00 | dt: 5067.13ms | tok/sec: 206,937 | bf16_mfu: 49.96 | epoch: 1 pq: 15 rg: 62 | total time: 56.59m | eta: 419.2m
step 00672/05568 (12.07%) | loss: 2.887760 | lrm: 1.00 | dt: 5047.83ms | tok/sec: 207,728 | bf16_mfu: 50.15 | epoch: 1 pq: 15 rg: 64 | total time: 56.67m | eta: 419.1m
step 00673/05568 (12.09%) | loss: 2.891000 | lrm: 1.00 | dt: 5046.08ms | tok/sec: 207,800 | bf16_mfu: 50.17 | epoch: 1 pq: 15 rg: 66 | total time: 56.75m | eta: 419.0m
step 00674/05568 (12.10%) | loss: 2.890007 | lrm: 1.00 | dt: 5045.28ms | tok/sec: 207,833 | bf16_mfu: 50.17 | epoch: 1 pq: 15 rg: 68 | total time: 56.84m | eta: 418.9m
step 00675/05568 (12.12%) | loss: 2.883969 | lrm: 1.00 | dt: 5046.23ms | tok/sec: 207,793 | bf16_mfu: 50.16 | epoch: 1 pq: 15 rg: 70 | total time: 56.92m | eta: 418.8m
step 00676/05568 (12.14%) | loss: 2.869699 | lrm: 1.00 | dt: 5035.58ms | tok/sec: 208,233 | bf16_mfu: 50.27 | epoch: 1 pq: 15 rg: 72 | total time: 57.01m | eta: 418.7m
step 00677/05568 (12.16%) | loss: 2.866617 | lrm: 1.00 | dt: 6021.39ms | tok/sec: 174,141 | bf16_mfu: 42.04 | epoch: 1 pq: 15 rg: 74 | total time: 57.11m | eta: 418.8m
step 00678/05568 (12.18%) | loss: 2.864878 | lrm: 1.00 | dt: 5046.94ms | tok/sec: 207,764 | bf16_mfu: 50.16 | epoch: 1 pq: 15 rg: 76 | total time: 57.19m | eta: 418.7m
step 00679/05568 (12.19%) | loss: 2.874456 | lrm: 1.00 | dt: 5048.81ms | tok/sec: 207,687 | bf16_mfu: 50.14 | epoch: 1 pq: 15 rg: 78 | total time: 57.27m | eta: 418.6m
step 00680/05568 (12.21%) | loss: 2.894907 | lrm: 1.00 | dt: 5033.37ms | tok/sec: 208,324 | bf16_mfu: 50.29 | epoch: 1 pq: 15 rg: 80 | total time: 57.36m | eta: 418.5m
step 00681/05568 (12.23%) | loss: 2.881769 | lrm: 1.00 | dt: 5034.59ms | tok/sec: 208,274 | bf16_mfu: 50.28 | epoch: 1 pq: 15 rg: 82 | total time: 57.44m | eta: 418.4m
step 00682/05568 (12.25%) | loss: 2.872805 | lrm: 1.00 | dt: 5301.95ms | tok/sec: 197,771 | bf16_mfu: 47.75 | epoch: 1 pq: 16 rg: 0 | total time: 57.53m | eta: 418.3m
step 00683/05568 (12.27%) | loss: 2.872076 | lrm: 1.00 | dt: 5136.70ms | tok/sec: 204,134 | bf16_mfu: 49.28 | epoch: 1 pq: 16 rg: 2 | total time: 57.62m | eta: 418.2m
step 00684/05568 (12.28%) | loss: 2.894283 | lrm: 1.00 | dt: 5039.91ms | tok/sec: 208,054 | bf16_mfu: 50.23 | epoch: 1 pq: 16 rg: 4 | total time: 57.70m | eta: 418.1m
step 00685/05568 (12.30%) | loss: 2.915693 | lrm: 1.00 | dt: 5038.83ms | tok/sec: 208,099 | bf16_mfu: 50.24 | epoch: 1 pq: 16 rg: 6 | total time: 57.78m | eta: 418.0m
step 00686/05568 (12.32%) | loss: 2.916444 | lrm: 1.00 | dt: 5043.05ms | tok/sec: 207,925 | bf16_mfu: 50.20 | epoch: 1 pq: 16 rg: 8 | total time: 57.87m | eta: 417.9m
step 00687/05568 (12.34%) | loss: 2.909042 | lrm: 1.00 | dt: 5044.59ms | tok/sec: 207,861 | bf16_mfu: 50.18 | epoch: 1 pq: 16 rg: 10 | total time: 57.95m | eta: 417.8m
step 00688/05568 (12.36%) | loss: 2.888081 | lrm: 1.00 | dt: 5030.57ms | tok/sec: 208,440 | bf16_mfu: 50.32 | epoch: 1 pq: 16 rg: 12 | total time: 58.04m | eta: 417.7m
step 00689/05568 (12.37%) | loss: 2.886170 | lrm: 1.00 | dt: 5043.14ms | tok/sec: 207,921 | bf16_mfu: 50.20 | epoch: 1 pq: 16 rg: 14 | total time: 58.12m | eta: 417.6m
step 00690/05568 (12.39%) | loss: 2.885951 | lrm: 1.00 | dt: 5036.86ms | tok/sec: 208,180 | bf16_mfu: 50.26 | epoch: 1 pq: 16 rg: 16 | total time: 58.20m | eta: 417.5m
step 00691/05568 (12.41%) | loss: 2.883424 | lrm: 1.00 | dt: 5039.49ms | tok/sec: 208,071 | bf16_mfu: 50.23 | epoch: 1 pq: 16 rg: 18 | total time: 58.29m | eta: 417.4m
step 00692/05568 (12.43%) | loss: 2.896822 | lrm: 1.00 | dt: 5049.27ms | tok/sec: 207,668 | bf16_mfu: 50.13 | epoch: 1 pq: 16 rg: 20 | total time: 58.37m | eta: 417.3m
step 00693/05568 (12.45%) | loss: 2.903397 | lrm: 1.00 | dt: 5039.31ms | tok/sec: 208,079 | bf16_mfu: 50.23 | epoch: 1 pq: 16 rg: 22 | total time: 58.46m | eta: 417.2m
step 00694/05568 (12.46%) | loss: 2.901553 | lrm: 1.00 | dt: 5042.57ms | tok/sec: 207,944 | bf16_mfu: 50.20 | epoch: 1 pq: 16 rg: 24 | total time: 58.54m | eta: 417.1m
step 00695/05568 (12.48%) | loss: 2.893447 | lrm: 1.00 | dt: 5048.56ms | tok/sec: 207,698 | bf16_mfu: 50.14 | epoch: 1 pq: 16 rg: 26 | total time: 58.62m | eta: 417.0m
step 00696/05568 (12.50%) | loss: 2.911758 | lrm: 1.00 | dt: 5039.66ms | tok/sec: 208,064 | bf16_mfu: 50.23 | epoch: 1 pq: 16 rg: 28 | total time: 58.71m | eta: 417.0m
step 00697/05568 (12.52%) | loss: 2.906397 | lrm: 1.00 | dt: 5038.65ms | tok/sec: 208,106 | bf16_mfu: 50.24 | epoch: 1 pq: 16 rg: 30 | total time: 58.79m | eta: 416.9m
step 00698/05568 (12.54%) | loss: 2.904894 | lrm: 1.00 | dt: 5038.23ms | tok/sec: 208,124 | bf16_mfu: 50.24 | epoch: 1 pq: 16 rg: 32 | total time: 58.88m | eta: 416.8m
step 00699/05568 (12.55%) | loss: 2.888824 | lrm: 1.00 | dt: 5033.94ms | tok/sec: 208,301 | bf16_mfu: 50.29 | epoch: 1 pq: 16 rg: 34 | total time: 58.96m | eta: 416.7m
step 00700/05568 (12.57%) | loss: 2.882898 | lrm: 1.00 | dt: 5038.17ms | tok/sec: 208,126 | bf16_mfu: 50.25 | epoch: 1 pq: 16 rg: 36 | total time: 59.04m | eta: 416.6m
step 00701/05568 (12.59%) | loss: 2.873711 | lrm: 1.00 | dt: 5034.79ms | tok/sec: 208,266 | bf16_mfu: 50.28 | epoch: 1 pq: 16 rg: 38 | total time: 59.13m | eta: 416.5m
step 00702/05568 (12.61%) | loss: 2.873153 | lrm: 1.00 | dt: 5036.45ms | tok/sec: 208,197 | bf16_mfu: 50.26 | epoch: 1 pq: 16 rg: 40 | total time: 59.21m | eta: 416.4m
step 00703/05568 (12.63%) | loss: 2.881935 | lrm: 1.00 | dt: 5041.04ms | tok/sec: 208,007 | bf16_mfu: 50.22 | epoch: 1 pq: 16 rg: 42 | total time: 59.30m | eta: 416.3m
step 00704/05568 (12.64%) | loss: 2.889303 | lrm: 1.00 | dt: 5040.35ms | tok/sec: 208,036 | bf16_mfu: 50.22 | epoch: 1 pq: 16 rg: 42 | total time: 59.38m | eta: 416.2m
step 00705/05568 (12.66%) | loss: 2.875013 | lrm: 1.00 | dt: 5033.93ms | tok/sec: 208,301 | bf16_mfu: 50.29 | epoch: 1 pq: 16 rg: 44 | total time: 59.46m | eta: 416.1m
step 00706/05568 (12.68%) | loss: 2.886271 | lrm: 1.00 | dt: 5042.23ms | tok/sec: 207,958 | bf16_mfu: 50.20 | epoch: 1 pq: 16 rg: 46 | total time: 59.55m | eta: 416.0m
step 00707/05568 (12.70%) | loss: 2.887649 | lrm: 1.00 | dt: 5040.82ms | tok/sec: 208,016 | bf16_mfu: 50.22 | epoch: 1 pq: 16 rg: 48 | total time: 59.63m | eta: 415.9m
step 00708/05568 (12.72%) | loss: 2.895473 | lrm: 1.00 | dt: 5035.63ms | tok/sec: 208,231 | bf16_mfu: 50.27 | epoch: 1 pq: 16 rg: 50 | total time: 59.72m | eta: 415.8m
step 00709/05568 (12.73%) | loss: 2.910490 | lrm: 1.00 | dt: 5043.23ms | tok/sec: 207,917 | bf16_mfu: 50.19 | epoch: 1 pq: 16 rg: 52 | total time: 59.80m | eta: 415.7m
step 00710/05568 (12.75%) | loss: 2.911608 | lrm: 1.00 | dt: 5036.09ms | tok/sec: 208,212 | bf16_mfu: 50.27 | epoch: 1 pq: 16 rg: 54 | total time: 59.88m | eta: 415.6m
step 00711/05568 (12.77%) | loss: 2.894224 | lrm: 1.00 | dt: 5043.87ms | tok/sec: 207,891 | bf16_mfu: 50.19 | epoch: 1 pq: 16 rg: 56 | total time: 59.97m | eta: 415.5m
step 00712/05568 (12.79%) | loss: 2.907019 | lrm: 1.00 | dt: 5040.94ms | tok/sec: 208,011 | bf16_mfu: 50.22 | epoch: 1 pq: 16 rg: 58 | total time: 60.05m | eta: 415.4m
step 00713/05568 (12.81%) | loss: 2.902282 | lrm: 1.00 | dt: 5041.09ms | tok/sec: 208,005 | bf16_mfu: 50.22 | epoch: 1 pq: 16 rg: 60 | total time: 60.14m | eta: 415.3m
step 00714/05568 (12.82%) | loss: 2.912548 | lrm: 1.00 | dt: 5040.73ms | tok/sec: 208,020 | bf16_mfu: 50.22 | epoch: 1 pq: 16 rg: 62 | total time: 60.22m | eta: 415.2m
step 00715/05568 (12.84%) | loss: 2.910709 | lrm: 1.00 | dt: 5040.26ms | tok/sec: 208,040 | bf16_mfu: 50.22 | epoch: 1 pq: 16 rg: 64 | total time: 60.30m | eta: 415.1m
step 00716/05568 (12.86%) | loss: 2.891502 | lrm: 1.00 | dt: 5048.52ms | tok/sec: 207,699 | bf16_mfu: 50.14 | epoch: 1 pq: 16 rg: 66 | total time: 60.39m | eta: 415.0m
step 00717/05568 (12.88%) | loss: 2.874964 | lrm: 1.00 | dt: 10194.80ms | tok/sec: 102,854 | bf16_mfu: 24.83 | epoch: 1 pq: 16 rg: 68 | total time: 60.56m | eta: 415.5m
step 00718/05568 (12.90%) | loss: 2.874191 | lrm: 1.00 | dt: 5002.22ms | tok/sec: 209,622 | bf16_mfu: 50.61 | epoch: 1 pq: 16 rg: 70 | total time: 60.64m | eta: 415.4m
step 00719/05568 (12.91%) | loss: 2.856395 | lrm: 1.00 | dt: 5046.13ms | tok/sec: 207,797 | bf16_mfu: 50.17 | epoch: 1 pq: 16 rg: 72 | total time: 60.73m | eta: 415.3m
step 00720/05568 (12.93%) | loss: 2.833694 | lrm: 1.00 | dt: 5053.98ms | tok/sec: 207,475 | bf16_mfu: 50.09 | epoch: 1 pq: 16 rg: 74 | total time: 60.81m | eta: 415.2m
step 00721/05568 (12.95%) | loss: 2.835110 | lrm: 1.00 | dt: 5046.63ms | tok/sec: 207,777 | bf16_mfu: 50.16 | epoch: 1 pq: 16 rg: 76 | total time: 60.89m | eta: 415.1m
step 00722/05568 (12.97%) | loss: 2.826642 | lrm: 1.00 | dt: 5035.89ms | tok/sec: 208,220 | bf16_mfu: 50.27 | epoch: 1 pq: 16 rg: 78 | total time: 60.98m | eta: 415.0m
step 00723/05568 (12.98%) | loss: 2.815630 | lrm: 1.00 | dt: 5046.97ms | tok/sec: 207,763 | bf16_mfu: 50.16 | epoch: 1 pq: 16 rg: 80 | total time: 61.06m | eta: 414.9m
step 00724/05568 (13.00%) | loss: 2.824698 | lrm: 1.00 | dt: 5045.18ms | tok/sec: 207,837 | bf16_mfu: 50.18 | epoch: 1 pq: 16 rg: 80 | total time: 61.15m | eta: 414.8m
step 00725/05568 (13.02%) | loss: 2.839413 | lrm: 1.00 | dt: 5046.43ms | tok/sec: 207,785 | bf16_mfu: 50.16 | epoch: 1 pq: 16 rg: 82 | total time: 61.23m | eta: 414.7m
step 00726/05568 (13.04%) | loss: 2.849738 | lrm: 1.00 | dt: 5045.86ms | tok/sec: 207,808 | bf16_mfu: 50.17 | epoch: 1 pq: 17 rg: 0 | total time: 61.31m | eta: 414.6m
step 00727/05568 (13.06%) | loss: 2.837707 | lrm: 1.00 | dt: 5072.36ms | tok/sec: 206,723 | bf16_mfu: 49.91 | epoch: 1 pq: 17 rg: 2 | total time: 61.40m | eta: 414.6m
step 00728/05568 (13.07%) | loss: 2.837663 | lrm: 1.00 | dt: 5036.28ms | tok/sec: 208,204 | bf16_mfu: 50.26 | epoch: 1 pq: 17 rg: 4 | total time: 61.48m | eta: 414.5m
step 00729/05568 (13.09%) | loss: 2.850023 | lrm: 1.00 | dt: 5043.54ms | tok/sec: 207,904 | bf16_mfu: 50.19 | epoch: 1 pq: 17 rg: 6 | total time: 61.57m | eta: 414.4m
step 00730/05568 (13.11%) | loss: 2.873879 | lrm: 1.00 | dt: 5038.16ms | tok/sec: 208,126 | bf16_mfu: 50.25 | epoch: 1 pq: 17 rg: 8 | total time: 61.65m | eta: 414.3m
step 00731/05568 (13.13%) | loss: 2.882624 | lrm: 1.00 | dt: 5034.94ms | tok/sec: 208,259 | bf16_mfu: 50.28 | epoch: 1 pq: 17 rg: 10 | total time: 61.73m | eta: 414.2m
step 00732/05568 (13.15%) | loss: 2.868265 | lrm: 1.00 | dt: 5046.50ms | tok/sec: 207,782 | bf16_mfu: 50.16 | epoch: 1 pq: 17 rg: 12 | total time: 61.82m | eta: 414.1m
step 00733/05568 (13.16%) | loss: 2.867675 | lrm: 1.00 | dt: 5026.74ms | tok/sec: 208,599 | bf16_mfu: 50.36 | epoch: 1 pq: 17 rg: 14 | total time: 61.90m | eta: 414.0m
step 00734/05568 (13.18%) | loss: 2.881566 | lrm: 1.00 | dt: 5040.53ms | tok/sec: 208,028 | bf16_mfu: 50.22 | epoch: 1 pq: 17 rg: 16 | total time: 61.99m | eta: 413.9m
step 00735/05568 (13.20%) | loss: 2.889877 | lrm: 1.00 | dt: 5041.94ms | tok/sec: 207,970 | bf16_mfu: 50.21 | epoch: 1 pq: 17 rg: 18 | total time: 62.07m | eta: 413.8m
step 00736/05568 (13.22%) | loss: 2.882808 | lrm: 1.00 | dt: 5038.07ms | tok/sec: 208,130 | bf16_mfu: 50.25 | epoch: 1 pq: 17 rg: 20 | total time: 62.15m | eta: 413.7m
step 00737/05568 (13.24%) | loss: 2.872753 | lrm: 1.00 | dt: 5044.05ms | tok/sec: 207,883 | bf16_mfu: 50.19 | epoch: 1 pq: 17 rg: 22 | total time: 62.24m | eta: 413.6m
step 00738/05568 (13.25%) | loss: 2.885307 | lrm: 1.00 | dt: 5047.18ms | tok/sec: 207,754 | bf16_mfu: 50.16 | epoch: 1 pq: 17 rg: 24 | total time: 62.32m | eta: 413.5m
step 00739/05568 (13.27%) | loss: 2.879579 | lrm: 1.00 | dt: 5039.68ms | tok/sec: 208,064 | bf16_mfu: 50.23 | epoch: 1 pq: 17 rg: 26 | total time: 62.41m | eta: 413.4m
step 00740/05568 (13.29%) | loss: 2.864512 | lrm: 1.00 | dt: 5038.96ms | tok/sec: 208,093 | bf16_mfu: 50.24 | epoch: 1 pq: 17 rg: 28 | total time: 62.49m | eta: 413.3m
step 00741/05568 (13.31%) | loss: 2.866579 | lrm: 1.00 | dt: 5031.55ms | tok/sec: 208,400 | bf16_mfu: 50.31 | epoch: 1 pq: 17 rg: 30 | total time: 62.57m | eta: 413.2m
step 00742/05568 (13.33%) | loss: 2.866665 | lrm: 1.00 | dt: 5045.36ms | tok/sec: 207,829 | bf16_mfu: 50.17 | epoch: 1 pq: 17 rg: 32 | total time: 62.66m | eta: 413.1m
step 00743/05568 (13.34%) | loss: 2.870001 | lrm: 1.00 | dt: 5045.14ms | tok/sec: 207,838 | bf16_mfu: 50.18 | epoch: 1 pq: 17 rg: 34 | total time: 62.74m | eta: 413.0m
step 00744/05568 (13.36%) | loss: 2.883302 | lrm: 1.00 | dt: 5043.28ms | tok/sec: 207,915 | bf16_mfu: 50.19 | epoch: 1 pq: 17 rg: 36 | total time: 62.83m | eta: 412.9m
step 00745/05568 (13.38%) | loss: 2.865299 | lrm: 1.00 | dt: 5044.19ms | tok/sec: 207,878 | bf16_mfu: 50.19 | epoch: 1 pq: 17 rg: 38 | total time: 62.91m | eta: 412.8m
step 00746/05568 (13.40%) | loss: 2.848897 | lrm: 1.00 | dt: 5042.68ms | tok/sec: 207,940 | bf16_mfu: 50.20 | epoch: 1 pq: 17 rg: 40 | total time: 63.00m | eta: 412.7m
step 00747/05568 (13.42%) | loss: 2.833514 | lrm: 1.00 | dt: 5035.40ms | tok/sec: 208,240 | bf16_mfu: 50.27 | epoch: 1 pq: 17 rg: 42 | total time: 63.08m | eta: 412.6m
step 00748/05568 (13.43%) | loss: 2.836938 | lrm: 1.00 | dt: 5042.48ms | tok/sec: 207,948 | bf16_mfu: 50.20 | epoch: 1 pq: 17 rg: 44 | total time: 63.16m | eta: 412.5m
step 00749/05568 (13.45%) | loss: 2.831115 | lrm: 1.00 | dt: 5042.37ms | tok/sec: 207,953 | bf16_mfu: 50.20 | epoch: 1 pq: 17 rg: 46 | total time: 63.25m | eta: 412.4m
Step 00750 | Validation bpb: 0.867769
step 00750/05568 (13.47%) | loss: 2.808457 | lrm: 1.00 | dt: 5030.14ms | tok/sec: 208,458 | bf16_mfu: 50.33 | epoch: 1 pq: 17 rg: 48 | total time: 63.33m | eta: 412.3m
step 00751/05568 (13.49%) | loss: 2.814953 | lrm: 1.00 | dt: 5038.91ms | tok/sec: 208,095 | bf16_mfu: 50.24 | epoch: 1 pq: 17 rg: 50 | total time: 63.41m | eta: 412.2m
step 00752/05568 (13.51%) | loss: 2.807171 | lrm: 1.00 | dt: 5056.25ms | tok/sec: 207,382 | bf16_mfu: 50.07 | epoch: 1 pq: 17 rg: 52 | total time: 63.50m | eta: 412.1m
step 00753/05568 (13.52%) | loss: 2.820701 | lrm: 1.00 | dt: 5045.04ms | tok/sec: 207,842 | bf16_mfu: 50.18 | epoch: 1 pq: 17 rg: 54 | total time: 63.58m | eta: 412.1m
step 00754/05568 (13.54%) | loss: 2.818563 | lrm: 1.00 | dt: 5037.35ms | tok/sec: 208,160 | bf16_mfu: 50.25 | epoch: 1 pq: 17 rg: 54 | total time: 63.67m | eta: 412.0m
step 00755/05568 (13.56%) | loss: 2.830212 | lrm: 1.00 | dt: 5042.21ms | tok/sec: 207,959 | bf16_mfu: 50.20 | epoch: 1 pq: 17 rg: 56 | total time: 63.75m | eta: 411.9m
step 00756/05568 (13.58%) | loss: 2.826333 | lrm: 1.00 | dt: 5040.24ms | tok/sec: 208,040 | bf16_mfu: 50.22 | epoch: 1 pq: 17 rg: 58 | total time: 63.84m | eta: 411.8m
step 00757/05568 (13.60%) | loss: 2.827827 | lrm: 1.00 | dt: 5039.45ms | tok/sec: 208,073 | bf16_mfu: 50.23 | epoch: 1 pq: 17 rg: 60 | total time: 63.92m | eta: 411.7m
step 00758/05568 (13.61%) | loss: 2.840814 | lrm: 1.00 | dt: 5043.36ms | tok/sec: 207,912 | bf16_mfu: 50.19 | epoch: 1 pq: 17 rg: 62 | total time: 64.00m | eta: 411.6m
step 00759/05568 (13.63%) | loss: 2.844701 | lrm: 1.00 | dt: 5039.10ms | tok/sec: 208,087 | bf16_mfu: 50.24 | epoch: 1 pq: 17 rg: 64 | total time: 64.09m | eta: 411.5m
step 00760/05568 (13.65%) | loss: 2.843526 | lrm: 1.00 | dt: 5047.54ms | tok/sec: 207,739 | bf16_mfu: 50.15 | epoch: 1 pq: 17 rg: 66 | total time: 64.17m | eta: 411.4m
step 00761/05568 (13.67%) | loss: 2.841647 | lrm: 1.00 | dt: 5038.31ms | tok/sec: 208,120 | bf16_mfu: 50.24 | epoch: 1 pq: 17 rg: 68 | total time: 64.26m | eta: 411.3m
step 00762/05568 (13.69%) | loss: 2.847233 | lrm: 1.00 | dt: 5035.71ms | tok/sec: 208,227 | bf16_mfu: 50.27 | epoch: 1 pq: 17 rg: 70 | total time: 64.34m | eta: 411.2m
step 00763/05568 (13.70%) | loss: 2.851924 | lrm: 1.00 | dt: 5042.53ms | tok/sec: 207,946 | bf16_mfu: 50.20 | epoch: 1 pq: 17 rg: 72 | total time: 64.42m | eta: 411.1m
step 00764/05568 (13.72%) | loss: 2.851190 | lrm: 1.00 | dt: 5038.37ms | tok/sec: 208,118 | bf16_mfu: 50.24 | epoch: 1 pq: 17 rg: 74 | total time: 64.51m | eta: 411.0m
step 00765/05568 (13.74%) | loss: 2.848319 | lrm: 1.00 | dt: 5032.17ms | tok/sec: 208,374 | bf16_mfu: 50.31 | epoch: 1 pq: 17 rg: 76 | total time: 64.59m | eta: 410.9m
step 00766/05568 (13.76%) | loss: 2.859551 | lrm: 1.00 | dt: 5042.38ms | tok/sec: 207,952 | bf16_mfu: 50.20 | epoch: 1 pq: 17 rg: 78 | total time: 64.68m | eta: 410.8m
step 00767/05568 (13.78%) | loss: 2.858972 | lrm: 1.00 | dt: 5038.01ms | tok/sec: 208,132 | bf16_mfu: 50.25 | epoch: 1 pq: 17 rg: 80 | total time: 64.76m | eta: 410.7m
step 00768/05568 (13.79%) | loss: 2.855203 | lrm: 1.00 | dt: 5043.98ms | tok/sec: 207,886 | bf16_mfu: 50.19 | epoch: 1 pq: 17 rg: 82 | total time: 64.84m | eta: 410.6m
step 00769/05568 (13.81%) | loss: 2.852614 | lrm: 1.00 | dt: 5037.01ms | tok/sec: 208,174 | bf16_mfu: 50.26 | epoch: 1 pq: 18 rg: 0 | total time: 64.93m | eta: 410.5m
step 00770/05568 (13.83%) | loss: 2.844243 | lrm: 1.00 | dt: 5037.16ms | tok/sec: 208,168 | bf16_mfu: 50.26 | epoch: 1 pq: 18 rg: 2 | total time: 65.01m | eta: 410.4m
step 00771/05568 (13.85%) | loss: 2.841294 | lrm: 1.00 | dt: 5040.45ms | tok/sec: 208,032 | bf16_mfu: 50.22 | epoch: 1 pq: 18 rg: 4 | total time: 65.10m | eta: 410.3m
step 00772/05568 (13.86%) | loss: 2.854597 | lrm: 1.00 | dt: 5038.27ms | tok/sec: 208,122 | bf16_mfu: 50.24 | epoch: 1 pq: 18 rg: 6 | total time: 65.18m | eta: 410.2m
step 00773/05568 (13.88%) | loss: 2.841741 | lrm: 1.00 | dt: 5045.73ms | tok/sec: 207,814 | bf16_mfu: 50.17 | epoch: 1 pq: 18 rg: 8 | total time: 65.26m | eta: 410.1m
step 00774/05568 (13.90%) | loss: 2.826239 | lrm: 1.00 | dt: 5039.12ms | tok/sec: 208,086 | bf16_mfu: 50.24 | epoch: 1 pq: 18 rg: 10 | total time: 65.35m | eta: 410.0m
step 00775/05568 (13.92%) | loss: 2.833409 | lrm: 1.00 | dt: 5033.68ms | tok/sec: 208,312 | bf16_mfu: 50.29 | epoch: 1 pq: 18 rg: 12 | total time: 65.43m | eta: 409.9m
step 00776/05568 (13.94%) | loss: 2.838095 | lrm: 1.00 | dt: 5038.90ms | tok/sec: 208,096 | bf16_mfu: 50.24 | epoch: 1 pq: 18 rg: 14 | total time: 65.52m | eta: 409.9m
step 00777/05568 (13.95%) | loss: 2.834989 | lrm: 1.00 | dt: 5038.63ms | tok/sec: 208,107 | bf16_mfu: 50.24 | epoch: 1 pq: 18 rg: 16 | total time: 65.60m | eta: 409.8m
step 00778/05568 (13.97%) | loss: 2.840920 | lrm: 1.00 | dt: 5038.50ms | tok/sec: 208,112 | bf16_mfu: 50.24 | epoch: 1 pq: 18 rg: 16 | total time: 65.68m | eta: 409.7m
step 00779/05568 (13.99%) | loss: 2.827140 | lrm: 1.00 | dt: 5065.39ms | tok/sec: 207,007 | bf16_mfu: 49.98 | epoch: 1 pq: 18 rg: 18 | total time: 65.77m | eta: 409.6m
step 00780/05568 (14.01%) | loss: 2.825821 | lrm: 1.00 | dt: 5115.31ms | tok/sec: 204,987 | bf16_mfu: 49.49 | epoch: 1 pq: 18 rg: 20 | total time: 65.85m | eta: 409.5m
step 00781/05568 (14.03%) | loss: 2.854256 | lrm: 1.00 | dt: 5020.73ms | tok/sec: 208,849 | bf16_mfu: 50.42 | epoch: 1 pq: 18 rg: 22 | total time: 65.94m | eta: 409.4m
step 00782/05568 (14.04%) | loss: 2.855629 | lrm: 1.00 | dt: 5032.73ms | tok/sec: 208,351 | bf16_mfu: 50.30 | epoch: 1 pq: 18 rg: 24 | total time: 66.02m | eta: 409.3m
step 00783/05568 (14.06%) | loss: 2.849509 | lrm: 1.00 | dt: 5032.32ms | tok/sec: 208,368 | bf16_mfu: 50.30 | epoch: 1 pq: 18 rg: 26 | total time: 66.10m | eta: 409.2m
step 00784/05568 (14.08%) | loss: 2.881385 | lrm: 1.00 | dt: 5037.53ms | tok/sec: 208,152 | bf16_mfu: 50.25 | epoch: 1 pq: 18 rg: 28 | total time: 66.19m | eta: 409.1m
step 00785/05568 (14.10%) | loss: 2.902127 | lrm: 1.00 | dt: 5746.34ms | tok/sec: 182,477 | bf16_mfu: 44.05 | epoch: 1 pq: 18 rg: 30 | total time: 66.28m | eta: 409.1m
step 00786/05568 (14.12%) | loss: 2.888061 | lrm: 1.00 | dt: 5008.95ms | tok/sec: 209,340 | bf16_mfu: 50.54 | epoch: 1 pq: 18 rg: 32 | total time: 66.37m | eta: 409.0m
step 00787/05568 (14.13%) | loss: 2.889012 | lrm: 1.00 | dt: 5175.09ms | tok/sec: 202,619 | bf16_mfu: 48.92 | epoch: 1 pq: 18 rg: 34 | total time: 66.45m | eta: 408.9m
step 00788/05568 (14.15%) | loss: 2.872370 | lrm: 1.00 | dt: 5038.67ms | tok/sec: 208,105 | bf16_mfu: 50.24 | epoch: 1 pq: 18 rg: 36 | total time: 66.54m | eta: 408.8m
step 00789/05568 (14.17%) | loss: 2.864168 | lrm: 1.00 | dt: 5036.65ms | tok/sec: 208,189 | bf16_mfu: 50.26 | epoch: 1 pq: 18 rg: 38 | total time: 66.62m | eta: 408.7m
step 00790/05568 (14.19%) | loss: 2.870845 | lrm: 1.00 | dt: 5042.07ms | tok/sec: 207,965 | bf16_mfu: 50.21 | epoch: 1 pq: 18 rg: 40 | total time: 66.71m | eta: 408.6m
step 00791/05568 (14.21%) | loss: 2.872489 | lrm: 1.00 | dt: 5039.22ms | tok/sec: 208,083 | bf16_mfu: 50.23 | epoch: 1 pq: 18 rg: 42 | total time: 66.79m | eta: 408.5m
step 00792/05568 (14.22%) | loss: 2.877333 | lrm: 1.00 | dt: 5033.68ms | tok/sec: 208,312 | bf16_mfu: 50.29 | epoch: 1 pq: 18 rg: 44 | total time: 66.87m | eta: 408.4m
step 00793/05568 (14.24%) | loss: 2.879153 | lrm: 1.00 | dt: 5032.65ms | tok/sec: 208,354 | bf16_mfu: 50.30 | epoch: 1 pq: 18 rg: 46 | total time: 66.96m | eta: 408.3m
step 00794/05568 (14.26%) | loss: 2.867246 | lrm: 1.00 | dt: 5033.23ms | tok/sec: 208,330 | bf16_mfu: 50.29 | epoch: 1 pq: 18 rg: 48 | total time: 67.04m | eta: 408.2m
step 00795/05568 (14.28%) | loss: 2.870184 | lrm: 1.00 | dt: 5039.14ms | tok/sec: 208,086 | bf16_mfu: 50.24 | epoch: 1 pq: 18 rg: 50 | total time: 67.13m | eta: 408.1m
step 00796/05568 (14.30%) | loss: 2.881598 | lrm: 1.00 | dt: 5042.79ms | tok/sec: 207,935 | bf16_mfu: 50.20 | epoch: 1 pq: 18 rg: 52 | total time: 67.21m | eta: 408.0m
step 00797/05568 (14.31%) | loss: 2.851044 | lrm: 1.00 | dt: 5036.29ms | tok/sec: 208,204 | bf16_mfu: 50.26 | epoch: 1 pq: 18 rg: 54 | total time: 67.29m | eta: 407.9m
step 00798/05568 (14.33%) | loss: 2.851912 | lrm: 1.00 | dt: 5033.21ms | tok/sec: 208,331 | bf16_mfu: 50.29 | epoch: 1 pq: 18 rg: 56 | total time: 67.38m | eta: 407.9m
step 00799/05568 (14.35%) | loss: 2.817066 | lrm: 1.00 | dt: 5036.54ms | tok/sec: 208,193 | bf16_mfu: 50.26 | epoch: 1 pq: 18 rg: 58 | total time: 67.46m | eta: 407.8m
step 00800/05568 (14.37%) | loss: 2.810440 | lrm: 1.00 | dt: 4970.54ms | tok/sec: 210,957 | bf16_mfu: 50.93 | epoch: 1 pq: 18 rg: 60 | total time: 67.54m | eta: 407.7m
step 00801/05568 (14.39%) | loss: 2.816032 | lrm: 1.00 | dt: 5004.94ms | tok/sec: 209,508 | bf16_mfu: 50.58 | epoch: 1 pq: 18 rg: 62 | total time: 67.63m | eta: 407.6m
step 00802/05568 (14.40%) | loss: 2.837118 | lrm: 1.00 | dt: 5185.32ms | tok/sec: 202,219 | bf16_mfu: 48.82 | epoch: 1 pq: 18 rg: 64 | total time: 67.71m | eta: 407.5m
step 00803/05568 (14.42%) | loss: 2.835119 | lrm: 1.00 | dt: 5013.09ms | tok/sec: 209,167 | bf16_mfu: 50.50 | epoch: 1 pq: 18 rg: 66 | total time: 67.80m | eta: 407.4m
step 00804/05568 (14.44%) | loss: 2.842298 | lrm: 1.00 | dt: 5026.86ms | tok/sec: 208,594 | bf16_mfu: 50.36 | epoch: 1 pq: 18 rg: 68 | total time: 67.88m | eta: 407.3m
step 00805/05568 (14.46%) | loss: 2.852927 | lrm: 1.00 | dt: 5025.43ms | tok/sec: 208,654 | bf16_mfu: 50.37 | epoch: 1 pq: 18 rg: 70 | total time: 67.96m | eta: 407.2m
step 00806/05568 (14.48%) | loss: 2.861306 | lrm: 1.00 | dt: 5035.57ms | tok/sec: 208,233 | bf16_mfu: 50.27 | epoch: 1 pq: 18 rg: 72 | total time: 68.05m | eta: 407.1m
step 00807/05568 (14.49%) | loss: 2.859301 | lrm: 1.00 | dt: 5040.82ms | tok/sec: 208,016 | bf16_mfu: 50.22 | epoch: 1 pq: 18 rg: 72 | total time: 68.13m | eta: 407.0m
step 00808/05568 (14.51%) | loss: 2.845155 | lrm: 1.00 | dt: 5035.01ms | tok/sec: 208,257 | bf16_mfu: 50.28 | epoch: 1 pq: 18 rg: 74 | total time: 68.22m | eta: 406.9m
step 00809/05568 (14.53%) | loss: 2.841578 | lrm: 1.00 | dt: 5029.81ms | tok/sec: 208,472 | bf16_mfu: 50.33 | epoch: 1 pq: 18 rg: 76 | total time: 68.30m | eta: 406.8m
step 00810/05568 (14.55%) | loss: 2.839725 | lrm: 1.00 | dt: 5035.02ms | tok/sec: 208,256 | bf16_mfu: 50.28 | epoch: 1 pq: 18 rg: 78 | total time: 68.38m | eta: 406.7m
step 00811/05568 (14.57%) | loss: 2.823110 | lrm: 1.00 | dt: 5025.52ms | tok/sec: 208,650 | bf16_mfu: 50.37 | epoch: 1 pq: 18 rg: 80 | total time: 68.47m | eta: 406.6m
step 00812/05568 (14.58%) | loss: 2.819045 | lrm: 1.00 | dt: 5033.52ms | tok/sec: 208,318 | bf16_mfu: 50.29 | epoch: 1 pq: 18 rg: 82 | total time: 68.55m | eta: 406.5m
step 00813/05568 (14.60%) | loss: 2.812238 | lrm: 1.00 | dt: 5042.38ms | tok/sec: 207,952 | bf16_mfu: 50.20 | epoch: 1 pq: 19 rg: 0 | total time: 68.64m | eta: 406.4m
step 00814/05568 (14.62%) | loss: 2.817734 | lrm: 1.00 | dt: 5036.59ms | tok/sec: 208,191 | bf16_mfu: 50.26 | epoch: 1 pq: 19 rg: 2 | total time: 68.72m | eta: 406.3m
step 00815/05568 (14.64%) | loss: 2.835893 | lrm: 1.00 | dt: 5033.21ms | tok/sec: 208,331 | bf16_mfu: 50.29 | epoch: 1 pq: 19 rg: 4 | total time: 68.80m | eta: 406.2m
step 00816/05568 (14.66%) | loss: 2.830040 | lrm: 1.00 | dt: 5028.25ms | tok/sec: 208,536 | bf16_mfu: 50.34 | epoch: 1 pq: 19 rg: 6 | total time: 68.89m | eta: 406.1m
step 00817/05568 (14.67%) | loss: 2.858705 | lrm: 1.00 | dt: 5036.85ms | tok/sec: 208,181 | bf16_mfu: 50.26 | epoch: 1 pq: 19 rg: 8 | total time: 68.97m | eta: 406.1m
step 00818/05568 (14.69%) | loss: 2.840478 | lrm: 1.00 | dt: 5033.82ms | tok/sec: 208,306 | bf16_mfu: 50.29 | epoch: 1 pq: 19 rg: 10 | total time: 69.06m | eta: 406.0m
step 00819/05568 (14.71%) | loss: 2.843334 | lrm: 1.00 | dt: 5033.26ms | tok/sec: 208,329 | bf16_mfu: 50.29 | epoch: 1 pq: 19 rg: 12 | total time: 69.14m | eta: 405.9m
step 00820/05568 (14.73%) | loss: 2.840918 | lrm: 1.00 | dt: 5034.44ms | tok/sec: 208,280 | bf16_mfu: 50.28 | epoch: 1 pq: 19 rg: 14 | total time: 69.22m | eta: 405.8m
step 00821/05568 (14.74%) | loss: 2.847375 | lrm: 1.00 | dt: 5037.73ms | tok/sec: 208,144 | bf16_mfu: 50.25 | epoch: 1 pq: 19 rg: 16 | total time: 69.31m | eta: 405.7m
step 00822/05568 (14.76%) | loss: 2.845898 | lrm: 1.00 | dt: 5025.45ms | tok/sec: 208,653 | bf16_mfu: 50.37 | epoch: 1 pq: 19 rg: 18 | total time: 69.39m | eta: 405.6m
step 00823/05568 (14.78%) | loss: 2.836676 | lrm: 1.00 | dt: 5026.12ms | tok/sec: 208,625 | bf16_mfu: 50.37 | epoch: 1 pq: 19 rg: 20 | total time: 69.47m | eta: 405.5m
step 00824/05568 (14.80%) | loss: 2.836404 | lrm: 1.00 | dt: 5036.27ms | tok/sec: 208,204 | bf16_mfu: 50.26 | epoch: 1 pq: 19 rg: 22 | total time: 69.56m | eta: 405.4m
step 00825/05568 (14.82%) | loss: 2.839083 | lrm: 1.00 | dt: 5028.96ms | tok/sec: 208,507 | bf16_mfu: 50.34 | epoch: 1 pq: 19 rg: 24 | total time: 69.64m | eta: 405.3m
step 00826/05568 (14.83%) | loss: 2.856671 | lrm: 1.00 | dt: 5029.94ms | tok/sec: 208,467 | bf16_mfu: 50.33 | epoch: 1 pq: 19 rg: 26 | total time: 69.73m | eta: 405.2m
step 00827/05568 (14.85%) | loss: 2.851904 | lrm: 1.00 | dt: 5033.95ms | tok/sec: 208,300 | bf16_mfu: 50.29 | epoch: 1 pq: 19 rg: 28 | total time: 69.81m | eta: 405.1m
step 00828/05568 (14.87%) | loss: 2.830746 | lrm: 1.00 | dt: 5030.41ms | tok/sec: 208,447 | bf16_mfu: 50.32 | epoch: 1 pq: 19 rg: 30 | total time: 69.89m | eta: 405.0m
step 00829/05568 (14.89%) | loss: 2.836677 | lrm: 1.00 | dt: 5033.91ms | tok/sec: 208,302 | bf16_mfu: 50.29 | epoch: 1 pq: 19 rg: 32 | total time: 69.98m | eta: 404.9m
step 00830/05568 (14.91%) | loss: 2.825027 | lrm: 1.00 | dt: 5035.30ms | tok/sec: 208,244 | bf16_mfu: 50.27 | epoch: 1 pq: 19 rg: 34 | total time: 70.06m | eta: 404.8m
step 00831/05568 (14.92%) | loss: 2.811289 | lrm: 1.00 | dt: 5029.18ms | tok/sec: 208,498 | bf16_mfu: 50.33 | epoch: 1 pq: 19 rg: 36 | total time: 70.15m | eta: 404.7m
step 00832/05568 (14.94%) | loss: 2.801338 | lrm: 1.00 | dt: 5029.79ms | tok/sec: 208,473 | bf16_mfu: 50.33 | epoch: 1 pq: 19 rg: 38 | total time: 70.23m | eta: 404.6m
step 00833/05568 (14.96%) | loss: 2.806466 | lrm: 1.00 | dt: 5032.53ms | tok/sec: 208,359 | bf16_mfu: 50.30 | epoch: 1 pq: 19 rg: 40 | total time: 70.31m | eta: 404.5m
step 00834/05568 (14.98%) | loss: 2.822505 | lrm: 1.00 | dt: 5032.60ms | tok/sec: 208,356 | bf16_mfu: 50.30 | epoch: 1 pq: 19 rg: 42 | total time: 70.40m | eta: 404.4m
step 00835/05568 (15.00%) | loss: 2.832965 | lrm: 1.00 | dt: 5038.74ms | tok/sec: 208,102 | bf16_mfu: 50.24 | epoch: 1 pq: 19 rg: 44 | total time: 70.48m | eta: 404.3m
step 00836/05568 (15.01%) | loss: 2.828312 | lrm: 1.00 | dt: 5029.92ms | tok/sec: 208,467 | bf16_mfu: 50.33 | epoch: 1 pq: 19 rg: 46 | total time: 70.57m | eta: 404.3m
step 00837/05568 (15.03%) | loss: 2.829314 | lrm: 1.00 | dt: 5034.29ms | tok/sec: 208,286 | bf16_mfu: 50.28 | epoch: 1 pq: 19 rg: 48 | total time: 70.65m | eta: 404.2m
step 00838/05568 (15.05%) | loss: 2.817808 | lrm: 1.00 | dt: 5036.10ms | tok/sec: 208,211 | bf16_mfu: 50.27 | epoch: 1 pq: 19 rg: 50 | total time: 70.73m | eta: 404.1m
step 00839/05568 (15.07%) | loss: 2.804569 | lrm: 1.00 | dt: 5039.99ms | tok/sec: 208,051 | bf16_mfu: 50.23 | epoch: 1 pq: 19 rg: 50 | total time: 70.82m | eta: 404.0m
step 00840/05568 (15.09%) | loss: 2.790211 | lrm: 1.00 | dt: 5035.36ms | tok/sec: 208,242 | bf16_mfu: 50.27 | epoch: 1 pq: 19 rg: 52 | total time: 70.90m | eta: 403.9m
step 00841/05568 (15.10%) | loss: 2.791953 | lrm: 1.00 | dt: 5040.85ms | tok/sec: 208,015 | bf16_mfu: 50.22 | epoch: 1 pq: 19 rg: 54 | total time: 70.99m | eta: 403.8m
step 00842/05568 (15.12%) | loss: 2.802288 | lrm: 1.00 | dt: 5035.36ms | tok/sec: 208,242 | bf16_mfu: 50.27 | epoch: 1 pq: 19 rg: 56 | total time: 71.07m | eta: 403.7m
step 00843/05568 (15.14%) | loss: 2.794391 | lrm: 1.00 | dt: 5029.32ms | tok/sec: 208,492 | bf16_mfu: 50.33 | epoch: 1 pq: 19 rg: 58 | total time: 71.15m | eta: 403.6m
step 00844/05568 (15.16%) | loss: 2.813565 | lrm: 1.00 | dt: 5038.31ms | tok/sec: 208,120 | bf16_mfu: 50.24 | epoch: 1 pq: 19 rg: 60 | total time: 71.24m | eta: 403.5m
step 00845/05568 (15.18%) | loss: 2.814294 | lrm: 1.00 | dt: 5033.60ms | tok/sec: 208,315 | bf16_mfu: 50.29 | epoch: 1 pq: 19 rg: 62 | total time: 71.32m | eta: 403.4m
step 00846/05568 (15.19%) | loss: 2.809444 | lrm: 1.00 | dt: 5030.40ms | tok/sec: 208,448 | bf16_mfu: 50.32 | epoch: 1 pq: 19 rg: 64 | total time: 71.40m | eta: 403.3m
step 00847/05568 (15.21%) | loss: 2.821872 | lrm: 1.00 | dt: 5034.64ms | tok/sec: 208,272 | bf16_mfu: 50.28 | epoch: 1 pq: 19 rg: 66 | total time: 71.49m | eta: 403.2m
step 00848/05568 (15.23%) | loss: 2.815441 | lrm: 1.00 | dt: 5036.61ms | tok/sec: 208,190 | bf16_mfu: 50.26 | epoch: 1 pq: 19 rg: 68 | total time: 71.57m | eta: 403.1m
step 00849/05568 (15.25%) | loss: 2.811978 | lrm: 1.00 | dt: 5025.40ms | tok/sec: 208,655 | bf16_mfu: 50.37 | epoch: 1 pq: 19 rg: 70 | total time: 71.66m | eta: 403.0m
step 00850/05568 (15.27%) | loss: 2.822773 | lrm: 1.00 | dt: 5033.91ms | tok/sec: 208,302 | bf16_mfu: 50.29 | epoch: 1 pq: 19 rg: 72 | total time: 71.74m | eta: 402.9m
step 00851/05568 (15.28%) | loss: 2.817390 | lrm: 1.00 | dt: 5031.46ms | tok/sec: 208,404 | bf16_mfu: 50.31 | epoch: 1 pq: 19 rg: 74 | total time: 71.82m | eta: 402.8m
step 00852/05568 (15.30%) | loss: 2.822327 | lrm: 1.00 | dt: 5880.45ms | tok/sec: 178,315 | bf16_mfu: 43.05 | epoch: 1 pq: 19 rg: 76 | total time: 71.92m | eta: 402.8m
step 00853/05568 (15.32%) | loss: 2.836555 | lrm: 1.00 | dt: 5409.06ms | tok/sec: 193,855 | bf16_mfu: 46.80 | epoch: 1 pq: 19 rg: 78 | total time: 72.01m | eta: 402.8m
step 00854/05568 (15.34%) | loss: 2.831381 | lrm: 1.00 | dt: 5028.38ms | tok/sec: 208,531 | bf16_mfu: 50.34 | epoch: 1 pq: 19 rg: 80 | total time: 72.10m | eta: 402.7m
step 00855/05568 (15.36%) | loss: 2.828417 | lrm: 1.00 | dt: 5045.12ms | tok/sec: 207,839 | bf16_mfu: 50.18 | epoch: 1 pq: 20 rg: 0 | total time: 72.18m | eta: 402.6m
step 00856/05568 (15.37%) | loss: 2.833484 | lrm: 1.00 | dt: 5047.14ms | tok/sec: 207,756 | bf16_mfu: 50.16 | epoch: 1 pq: 20 rg: 2 | total time: 72.26m | eta: 402.5m
step 00857/05568 (15.39%) | loss: 2.844131 | lrm: 1.00 | dt: 5041.31ms | tok/sec: 207,996 | bf16_mfu: 50.21 | epoch: 1 pq: 20 rg: 4 | total time: 72.35m | eta: 402.4m
step 00858/05568 (15.41%) | loss: 2.840817 | lrm: 1.00 | dt: 5030.87ms | tok/sec: 208,428 | bf16_mfu: 50.32 | epoch: 1 pq: 20 rg: 6 | total time: 72.43m | eta: 402.3m
step 00859/05568 (15.43%) | loss: 2.826825 | lrm: 1.00 | dt: 5040.58ms | tok/sec: 208,026 | bf16_mfu: 50.22 | epoch: 1 pq: 20 rg: 8 | total time: 72.52m | eta: 402.2m
step 00860/05568 (15.45%) | loss: 2.819702 | lrm: 1.00 | dt: 5034.59ms | tok/sec: 208,274 | bf16_mfu: 50.28 | epoch: 1 pq: 20 rg: 10 | total time: 72.60m | eta: 402.1m
step 00861/05568 (15.46%) | loss: 2.831219 | lrm: 1.00 | dt: 5033.64ms | tok/sec: 208,313 | bf16_mfu: 50.29 | epoch: 1 pq: 20 rg: 12 | total time: 72.68m | eta: 402.0m
step 00862/05568 (15.48%) | loss: 2.827539 | lrm: 1.00 | dt: 5028.54ms | tok/sec: 208,524 | bf16_mfu: 50.34 | epoch: 1 pq: 20 rg: 14 | total time: 72.77m | eta: 401.9m
step 00863/05568 (15.50%) | loss: 2.795873 | lrm: 1.00 | dt: 5032.78ms | tok/sec: 208,349 | bf16_mfu: 50.30 | epoch: 1 pq: 20 rg: 16 | total time: 72.85m | eta: 401.8m
step 00864/05568 (15.52%) | loss: 2.774178 | lrm: 1.00 | dt: 5039.10ms | tok/sec: 208,087 | bf16_mfu: 50.24 | epoch: 1 pq: 20 rg: 18 | total time: 72.94m | eta: 401.7m
step 00865/05568 (15.54%) | loss: 2.783909 | lrm: 1.00 | dt: 5037.55ms | tok/sec: 208,152 | bf16_mfu: 50.25 | epoch: 1 pq: 20 rg: 20 | total time: 73.02m | eta: 401.6m
step 00866/05568 (15.55%) | loss: 2.810234 | lrm: 1.00 | dt: 5035.76ms | tok/sec: 208,225 | bf16_mfu: 50.27 | epoch: 1 pq: 20 rg: 22 | total time: 73.10m | eta: 401.6m
step 00867/05568 (15.57%) | loss: 2.812213 | lrm: 1.00 | dt: 5035.07ms | tok/sec: 208,254 | bf16_mfu: 50.28 | epoch: 1 pq: 20 rg: 24 | total time: 73.19m | eta: 401.5m
step 00868/05568 (15.59%) | loss: 2.814931 | lrm: 1.00 | dt: 5032.72ms | tok/sec: 208,351 | bf16_mfu: 50.30 | epoch: 1 pq: 20 rg: 26 | total time: 73.27m | eta: 401.4m
step 00869/05568 (15.61%) | loss: 2.832354 | lrm: 1.00 | dt: 5041.03ms | tok/sec: 208,008 | bf16_mfu: 50.22 | epoch: 1 pq: 20 rg: 26 | total time: 73.36m | eta: 401.3m
step 00870/05568 (15.62%) | loss: 2.836857 | lrm: 1.00 | dt: 5037.30ms | tok/sec: 208,162 | bf16_mfu: 50.25 | epoch: 1 pq: 20 rg: 28 | total time: 73.44m | eta: 401.2m
step 00871/05568 (15.64%) | loss: 2.831274 | lrm: 1.00 | dt: 5031.94ms | tok/sec: 208,384 | bf16_mfu: 50.31 | epoch: 1 pq: 20 rg: 30 | total time: 73.52m | eta: 401.1m
step 00872/05568 (15.66%) | loss: 2.814281 | lrm: 1.00 | dt: 5037.33ms | tok/sec: 208,161 | bf16_mfu: 50.25 | epoch: 1 pq: 20 rg: 32 | total time: 73.61m | eta: 401.0m
step 00873/05568 (15.68%) | loss: 2.823194 | lrm: 1.00 | dt: 5035.04ms | tok/sec: 208,255 | bf16_mfu: 50.28 | epoch: 1 pq: 20 rg: 34 | total time: 73.69m | eta: 400.9m
step 00874/05568 (15.70%) | loss: 2.837021 | lrm: 1.00 | dt: 5029.37ms | tok/sec: 208,490 | bf16_mfu: 50.33 | epoch: 1 pq: 20 rg: 36 | total time: 73.77m | eta: 400.8m
step 00875/05568 (15.71%) | loss: 2.850079 | lrm: 1.00 | dt: 5039.81ms | tok/sec: 208,058 | bf16_mfu: 50.23 | epoch: 1 pq: 20 rg: 38 | total time: 73.86m | eta: 400.7m
step 00876/05568 (15.73%) | loss: 2.836597 | lrm: 1.00 | dt: 5040.58ms | tok/sec: 208,026 | bf16_mfu: 50.22 | epoch: 1 pq: 20 rg: 40 | total time: 73.94m | eta: 400.6m
step 00877/05568 (15.75%) | loss: 2.860853 | lrm: 1.00 | dt: 5033.14ms | tok/sec: 208,334 | bf16_mfu: 50.30 | epoch: 1 pq: 20 rg: 42 | total time: 74.03m | eta: 400.5m
step 00878/05568 (15.77%) | loss: 2.855911 | lrm: 1.00 | dt: 5036.69ms | tok/sec: 208,187 | bf16_mfu: 50.26 | epoch: 1 pq: 20 rg: 44 | total time: 74.11m | eta: 400.4m
step 00879/05568 (15.79%) | loss: 2.851035 | lrm: 1.00 | dt: 5034.02ms | tok/sec: 208,297 | bf16_mfu: 50.29 | epoch: 1 pq: 20 rg: 46 | total time: 74.19m | eta: 400.3m
step 00880/05568 (15.80%) | loss: 2.851413 | lrm: 1.00 | dt: 5029.79ms | tok/sec: 208,473 | bf16_mfu: 50.33 | epoch: 1 pq: 20 rg: 48 | total time: 74.28m | eta: 400.2m
step 00881/05568 (15.82%) | loss: 2.852506 | lrm: 1.00 | dt: 5117.37ms | tok/sec: 204,905 | bf16_mfu: 49.47 | epoch: 1 pq: 20 rg: 50 | total time: 74.36m | eta: 400.2m
step 00882/05568 (15.84%) | loss: 2.855794 | lrm: 1.00 | dt: 8097.67ms | tok/sec: 129,491 | bf16_mfu: 31.26 | epoch: 1 pq: 20 rg: 52 | total time: 74.50m | eta: 400.3m
step 00883/05568 (15.86%) | loss: 2.845845 | lrm: 1.00 | dt: 5001.62ms | tok/sec: 209,647 | bf16_mfu: 50.61 | epoch: 1 pq: 20 rg: 54 | total time: 74.58m | eta: 400.2m
step 00884/05568 (15.88%) | loss: 2.831380 | lrm: 1.00 | dt: 5029.16ms | tok/sec: 208,499 | bf16_mfu: 50.34 | epoch: 1 pq: 20 rg: 56 | total time: 74.67m | eta: 400.2m
step 00885/05568 (15.89%) | loss: 2.837337 | lrm: 1.00 | dt: 5027.61ms | tok/sec: 208,563 | bf16_mfu: 50.35 | epoch: 1 pq: 20 rg: 58 | total time: 74.75m | eta: 400.1m
step 00886/05568 (15.91%) | loss: 2.817963 | lrm: 1.00 | dt: 5029.58ms | tok/sec: 208,481 | bf16_mfu: 50.33 | epoch: 1 pq: 20 rg: 60 | total time: 74.83m | eta: 400.0m
step 00887/05568 (15.93%) | loss: 2.809051 | lrm: 1.00 | dt: 5036.74ms | tok/sec: 208,185 | bf16_mfu: 50.26 | epoch: 1 pq: 20 rg: 62 | total time: 74.92m | eta: 399.9m
step 00888/05568 (15.95%) | loss: 2.794682 | lrm: 1.00 | dt: 5031.74ms | tok/sec: 208,392 | bf16_mfu: 50.31 | epoch: 1 pq: 20 rg: 64 | total time: 75.00m | eta: 399.8m
step 00889/05568 (15.97%) | loss: 2.803745 | lrm: 1.00 | dt: 5030.37ms | tok/sec: 208,448 | bf16_mfu: 50.32 | epoch: 1 pq: 20 rg: 66 | total time: 75.08m | eta: 399.7m
step 00890/05568 (15.98%) | loss: 2.786704 | lrm: 1.00 | dt: 5032.77ms | tok/sec: 208,349 | bf16_mfu: 50.30 | epoch: 1 pq: 20 rg: 68 | total time: 75.17m | eta: 399.6m
step 00891/05568 (16.00%) | loss: 2.791660 | lrm: 1.00 | dt: 5028.92ms | tok/sec: 208,509 | bf16_mfu: 50.34 | epoch: 1 pq: 20 rg: 70 | total time: 75.25m | eta: 399.5m
step 00892/05568 (16.02%) | loss: 2.792901 | lrm: 1.00 | dt: 5035.81ms | tok/sec: 208,223 | bf16_mfu: 50.27 | epoch: 1 pq: 20 rg: 72 | total time: 75.34m | eta: 399.4m
step 00893/05568 (16.04%) | loss: 2.802201 | lrm: 1.00 | dt: 5039.62ms | tok/sec: 208,066 | bf16_mfu: 50.23 | epoch: 1 pq: 20 rg: 74 | total time: 75.42m | eta: 399.3m
step 00894/05568 (16.06%) | loss: 2.805670 | lrm: 1.00 | dt: 5030.21ms | tok/sec: 208,455 | bf16_mfu: 50.32 | epoch: 1 pq: 20 rg: 76 | total time: 75.50m | eta: 399.2m
step 00895/05568 (16.07%) | loss: 2.800394 | lrm: 1.00 | dt: 5033.00ms | tok/sec: 208,340 | bf16_mfu: 50.30 | epoch: 1 pq: 20 rg: 78 | total time: 75.59m | eta: 399.1m
step 00896/05568 (16.09%) | loss: 2.802990 | lrm: 1.00 | dt: 5625.53ms | tok/sec: 186,395 | bf16_mfu: 45.00 | epoch: 1 pq: 20 rg: 80 | total time: 75.68m | eta: 399.1m
step 00897/05568 (16.11%) | loss: 2.816157 | lrm: 1.00 | dt: 5005.26ms | tok/sec: 209,494 | bf16_mfu: 50.58 | epoch: 1 pq: 20 rg: 82 | total time: 75.77m | eta: 399.0m
step 00898/05568 (16.13%) | loss: 2.817865 | lrm: 1.00 | dt: 5325.22ms | tok/sec: 196,907 | bf16_mfu: 47.54 | epoch: 1 pq: 21 rg: 0 | total time: 75.85m | eta: 398.9m
step 00899/05568 (16.15%) | loss: 2.809814 | lrm: 1.00 | dt: 5019.25ms | tok/sec: 208,910 | bf16_mfu: 50.43 | epoch: 1 pq: 21 rg: 2 | total time: 75.94m | eta: 398.8m
step 00900/05568 (16.16%) | loss: 2.819980 | lrm: 1.00 | dt: 5028.42ms | tok/sec: 208,529 | bf16_mfu: 50.34 | epoch: 1 pq: 21 rg: 4 | total time: 76.02m | eta: 398.7m
step 00901/05568 (16.18%) | loss: 2.832339 | lrm: 1.00 | dt: 5026.12ms | tok/sec: 208,625 | bf16_mfu: 50.37 | epoch: 1 pq: 21 rg: 6 | total time: 76.11m | eta: 398.6m
step 00902/05568 (16.20%) | loss: 2.839274 | lrm: 1.00 | dt: 5391.15ms | tok/sec: 194,499 | bf16_mfu: 46.96 | epoch: 1 pq: 21 rg: 8 | total time: 76.20m | eta: 398.6m
step 00903/05568 (16.22%) | loss: 2.837647 | lrm: 1.00 | dt: 5023.20ms | tok/sec: 208,746 | bf16_mfu: 50.39 | epoch: 1 pq: 21 rg: 10 | total time: 76.28m | eta: 398.5m
step 00904/05568 (16.24%) | loss: 2.826443 | lrm: 1.00 | dt: 5022.51ms | tok/sec: 208,775 | bf16_mfu: 50.40 | epoch: 1 pq: 21 rg: 10 | total time: 76.36m | eta: 398.4m
step 00905/05568 (16.25%) | loss: 2.812607 | lrm: 1.00 | dt: 5034.04ms | tok/sec: 208,297 | bf16_mfu: 50.29 | epoch: 1 pq: 21 rg: 12 | total time: 76.45m | eta: 398.3m
step 00906/05568 (16.27%) | loss: 2.807001 | lrm: 1.00 | dt: 5034.56ms | tok/sec: 208,275 | bf16_mfu: 50.28 | epoch: 1 pq: 21 rg: 14 | total time: 76.53m | eta: 398.2m
step 00907/05568 (16.29%) | loss: 2.829817 | lrm: 1.00 | dt: 5023.93ms | tok/sec: 208,716 | bf16_mfu: 50.39 | epoch: 1 pq: 21 rg: 16 | total time: 76.61m | eta: 398.1m
step 00908/05568 (16.31%) | loss: 2.822242 | lrm: 1.00 | dt: 5037.29ms | tok/sec: 208,162 | bf16_mfu: 50.25 | epoch: 1 pq: 21 rg: 18 | total time: 76.70m | eta: 398.0m
step 00909/05568 (16.33%) | loss: 2.820660 | lrm: 1.00 | dt: 5033.41ms | tok/sec: 208,323 | bf16_mfu: 50.29 | epoch: 1 pq: 21 rg: 20 | total time: 76.78m | eta: 397.9m
step 00910/05568 (16.34%) | loss: 2.816307 | lrm: 1.00 | dt: 5034.24ms | tok/sec: 208,288 | bf16_mfu: 50.28 | epoch: 1 pq: 21 rg: 22 | total time: 76.87m | eta: 397.8m
step 00911/05568 (16.36%) | loss: 2.803693 | lrm: 1.00 | dt: 5029.56ms | tok/sec: 208,482 | bf16_mfu: 50.33 | epoch: 1 pq: 21 rg: 24 | total time: 76.95m | eta: 397.7m
step 00912/05568 (16.38%) | loss: 2.799899 | lrm: 1.00 | dt: 5034.28ms | tok/sec: 208,287 | bf16_mfu: 50.28 | epoch: 1 pq: 21 rg: 26 | total time: 77.03m | eta: 397.6m
step 00913/05568 (16.40%) | loss: 2.811484 | lrm: 1.00 | dt: 5023.61ms | tok/sec: 208,729 | bf16_mfu: 50.39 | epoch: 1 pq: 21 rg: 28 | total time: 77.12m | eta: 397.5m
step 00914/05568 (16.42%) | loss: 2.817854 | lrm: 1.00 | dt: 5034.71ms | tok/sec: 208,269 | bf16_mfu: 50.28 | epoch: 1 pq: 21 rg: 30 | total time: 77.20m | eta: 397.5m
step 00915/05568 (16.43%) | loss: 2.809007 | lrm: 1.00 | dt: 5024.61ms | tok/sec: 208,687 | bf16_mfu: 50.38 | epoch: 1 pq: 21 rg: 32 | total time: 77.29m | eta: 397.4m
step 00916/05568 (16.45%) | loss: 2.794064 | lrm: 1.00 | dt: 5030.34ms | tok/sec: 208,450 | bf16_mfu: 50.32 | epoch: 1 pq: 21 rg: 34 | total time: 77.37m | eta: 397.3m
step 00917/05568 (16.47%) | loss: 2.787521 | lrm: 1.00 | dt: 5024.20ms | tok/sec: 208,705 | bf16_mfu: 50.38 | epoch: 1 pq: 21 rg: 36 | total time: 77.45m | eta: 397.2m
step 00918/05568 (16.49%) | loss: 2.786811 | lrm: 1.00 | dt: 5030.96ms | tok/sec: 208,424 | bf16_mfu: 50.32 | epoch: 1 pq: 21 rg: 38 | total time: 77.54m | eta: 397.1m
step 00919/05568 (16.51%) | loss: 2.787104 | lrm: 1.00 | dt: 5027.59ms | tok/sec: 208,564 | bf16_mfu: 50.35 | epoch: 1 pq: 21 rg: 40 | total time: 77.62m | eta: 397.0m
step 00920/05568 (16.52%) | loss: 2.780805 | lrm: 1.00 | dt: 5027.28ms | tok/sec: 208,577 | bf16_mfu: 50.35 | epoch: 1 pq: 21 rg: 42 | total time: 77.70m | eta: 396.9m
step 00921/05568 (16.54%) | loss: 2.764393 | lrm: 1.00 | dt: 5036.58ms | tok/sec: 208,192 | bf16_mfu: 50.26 | epoch: 1 pq: 21 rg: 44 | total time: 77.79m | eta: 396.8m
step 00922/05568 (16.56%) | loss: 2.759972 | lrm: 1.00 | dt: 5035.70ms | tok/sec: 208,228 | bf16_mfu: 50.27 | epoch: 1 pq: 21 rg: 46 | total time: 77.87m | eta: 396.7m
step 00923/05568 (16.58%) | loss: 2.789988 | lrm: 1.00 | dt: 5027.35ms | tok/sec: 208,574 | bf16_mfu: 50.35 | epoch: 1 pq: 21 rg: 48 | total time: 77.96m | eta: 396.6m
step 00924/05568 (16.59%) | loss: 2.770219 | lrm: 1.00 | dt: 5031.76ms | tok/sec: 208,391 | bf16_mfu: 50.31 | epoch: 1 pq: 21 rg: 50 | total time: 78.04m | eta: 396.5m
step 00925/05568 (16.61%) | loss: 2.776738 | lrm: 1.00 | dt: 5036.90ms | tok/sec: 208,179 | bf16_mfu: 50.26 | epoch: 1 pq: 21 rg: 52 | total time: 78.12m | eta: 396.4m
step 00926/05568 (16.63%) | loss: 2.770230 | lrm: 1.00 | dt: 5032.63ms | tok/sec: 208,355 | bf16_mfu: 50.30 | epoch: 1 pq: 21 rg: 54 | total time: 78.21m | eta: 396.3m
step 00927/05568 (16.65%) | loss: 2.788082 | lrm: 1.00 | dt: 5034.37ms | tok/sec: 208,283 | bf16_mfu: 50.28 | epoch: 1 pq: 21 rg: 56 | total time: 78.29m | eta: 396.2m
step 00928/05568 (16.67%) | loss: 2.771367 | lrm: 1.00 | dt: 5038.27ms | tok/sec: 208,122 | bf16_mfu: 50.24 | epoch: 1 pq: 21 rg: 58 | total time: 78.38m | eta: 396.1m
step 00929/05568 (16.68%) | loss: 2.779288 | lrm: 1.00 | dt: 5026.99ms | tok/sec: 208,589 | bf16_mfu: 50.36 | epoch: 1 pq: 21 rg: 60 | total time: 78.46m | eta: 396.1m
step 00930/05568 (16.70%) | loss: 2.768581 | lrm: 1.00 | dt: 5042.26ms | tok/sec: 207,957 | bf16_mfu: 50.20 | epoch: 1 pq: 21 rg: 62 | total time: 78.54m | eta: 396.0m
step 00931/05568 (16.72%) | loss: 2.761432 | lrm: 1.00 | dt: 5034.69ms | tok/sec: 208,270 | bf16_mfu: 50.28 | epoch: 1 pq: 21 rg: 64 | total time: 78.63m | eta: 395.9m
step 00932/05568 (16.74%) | loss: 2.775528 | lrm: 1.00 | dt: 5027.42ms | tok/sec: 208,571 | bf16_mfu: 50.35 | epoch: 1 pq: 21 rg: 66 | total time: 78.71m | eta: 395.8m
step 00933/05568 (16.76%) | loss: 2.803937 | lrm: 1.00 | dt: 5036.60ms | tok/sec: 208,191 | bf16_mfu: 50.26 | epoch: 1 pq: 21 rg: 68 | total time: 78.79m | eta: 395.7m
step 00934/05568 (16.77%) | loss: 2.810586 | lrm: 1.00 | dt: 5042.08ms | tok/sec: 207,965 | bf16_mfu: 50.21 | epoch: 1 pq: 21 rg: 68 | total time: 78.88m | eta: 395.6m
step 00935/05568 (16.79%) | loss: 2.804594 | lrm: 1.00 | dt: 5031.71ms | tok/sec: 208,393 | bf16_mfu: 50.31 | epoch: 1 pq: 21 rg: 70 | total time: 78.96m | eta: 395.5m
step 00936/05568 (16.81%) | loss: 2.792063 | lrm: 1.00 | dt: 5211.08ms | tok/sec: 201,220 | bf16_mfu: 48.58 | epoch: 1 pq: 21 rg: 72 | total time: 79.05m | eta: 395.4m
step 00937/05568 (16.83%) | loss: 2.786978 | lrm: 1.00 | dt: 5023.19ms | tok/sec: 208,747 | bf16_mfu: 50.40 | epoch: 1 pq: 21 rg: 74 | total time: 79.13m | eta: 395.3m
step 00938/05568 (16.85%) | loss: 2.782159 | lrm: 1.00 | dt: 5032.29ms | tok/sec: 208,369 | bf16_mfu: 50.30 | epoch: 1 pq: 21 rg: 76 | total time: 79.22m | eta: 395.2m
step 00939/05568 (16.86%) | loss: 2.785670 | lrm: 1.00 | dt: 5024.17ms | tok/sec: 208,706 | bf16_mfu: 50.39 | epoch: 1 pq: 21 rg: 78 | total time: 79.30m | eta: 395.1m
step 00940/05568 (16.88%) | loss: 2.789639 | lrm: 1.00 | dt: 5027.69ms | tok/sec: 208,560 | bf16_mfu: 50.35 | epoch: 1 pq: 21 rg: 80 | total time: 79.38m | eta: 395.0m
step 00941/05568 (16.90%) | loss: 2.789175 | lrm: 1.00 | dt: 5038.36ms | tok/sec: 208,118 | bf16_mfu: 50.24 | epoch: 1 pq: 21 rg: 82 | total time: 79.47m | eta: 395.0m
step 00942/05568 (16.92%) | loss: 2.802270 | lrm: 1.00 | dt: 5024.28ms | tok/sec: 208,701 | bf16_mfu: 50.38 | epoch: 1 pq: 22 rg: 0 | total time: 79.55m | eta: 394.9m
step 00943/05568 (16.94%) | loss: 2.799668 | lrm: 1.00 | dt: 5037.09ms | tok/sec: 208,170 | bf16_mfu: 50.26 | epoch: 1 pq: 22 rg: 2 | total time: 79.64m | eta: 394.8m
step 00944/05568 (16.95%) | loss: 2.802135 | lrm: 1.00 | dt: 5032.27ms | tok/sec: 208,370 | bf16_mfu: 50.30 | epoch: 1 pq: 22 rg: 4 | total time: 79.72m | eta: 394.7m
step 00945/05568 (16.97%) | loss: 2.790592 | lrm: 1.00 | dt: 5029.37ms | tok/sec: 208,490 | bf16_mfu: 50.33 | epoch: 1 pq: 22 rg: 6 | total time: 79.80m | eta: 394.6m
step 00946/05568 (16.99%) | loss: 2.796811 | lrm: 1.00 | dt: 5032.94ms | tok/sec: 208,342 | bf16_mfu: 50.30 | epoch: 1 pq: 22 rg: 8 | total time: 79.89m | eta: 394.5m
step 00947/05568 (17.01%) | loss: 2.781283 | lrm: 1.00 | dt: 5035.09ms | tok/sec: 208,253 | bf16_mfu: 50.28 | epoch: 1 pq: 22 rg: 10 | total time: 79.97m | eta: 394.4m
step 00948/05568 (17.03%) | loss: 2.768377 | lrm: 1.00 | dt: 5026.05ms | tok/sec: 208,628 | bf16_mfu: 50.37 | epoch: 1 pq: 22 rg: 12 | total time: 80.06m | eta: 394.3m
step 00949/05568 (17.04%) | loss: 2.762289 | lrm: 1.00 | dt: 5038.55ms | tok/sec: 208,110 | bf16_mfu: 50.24 | epoch: 1 pq: 22 rg: 14 | total time: 80.14m | eta: 394.2m
step 00950/05568 (17.06%) | loss: 2.763267 | lrm: 1.00 | dt: 5032.02ms | tok/sec: 208,380 | bf16_mfu: 50.31 | epoch: 1 pq: 22 rg: 16 | total time: 80.22m | eta: 394.1m
step 00951/05568 (17.08%) | loss: 2.757443 | lrm: 1.00 | dt: 5026.38ms | tok/sec: 208,614 | bf16_mfu: 50.36 | epoch: 1 pq: 22 rg: 18 | total time: 80.31m | eta: 394.0m
step 00952/05568 (17.10%) | loss: 2.771075 | lrm: 1.00 | dt: 5024.59ms | tok/sec: 208,688 | bf16_mfu: 50.38 | epoch: 1 pq: 22 rg: 20 | total time: 80.39m | eta: 393.9m
step 00953/05568 (17.12%) | loss: 2.783259 | lrm: 1.00 | dt: 5042.59ms | tok/sec: 207,943 | bf16_mfu: 50.20 | epoch: 1 pq: 22 rg: 22 | total time: 80.47m | eta: 393.8m
step 00954/05568 (17.13%) | loss: 2.766279 | lrm: 1.00 | dt: 5036.66ms | tok/sec: 208,188 | bf16_mfu: 50.26 | epoch: 1 pq: 22 rg: 24 | total time: 80.56m | eta: 393.7m
step 00955/05568 (17.15%) | loss: 2.750217 | lrm: 1.00 | dt: 5033.33ms | tok/sec: 208,326 | bf16_mfu: 50.29 | epoch: 1 pq: 22 rg: 26 | total time: 80.64m | eta: 393.7m
step 00956/05568 (17.17%) | loss: 2.749189 | lrm: 1.00 | dt: 5033.27ms | tok/sec: 208,329 | bf16_mfu: 50.29 | epoch: 1 pq: 22 rg: 28 | total time: 80.73m | eta: 393.6m
step 00957/05568 (17.19%) | loss: 2.736432 | lrm: 1.00 | dt: 5035.62ms | tok/sec: 208,231 | bf16_mfu: 50.27 | epoch: 1 pq: 22 rg: 30 | total time: 80.81m | eta: 393.5m
step 00958/05568 (17.21%) | loss: 2.756430 | lrm: 1.00 | dt: 5029.63ms | tok/sec: 208,479 | bf16_mfu: 50.33 | epoch: 1 pq: 22 rg: 32 | total time: 80.89m | eta: 393.4m
step 00959/05568 (17.22%) | loss: 2.760437 | lrm: 1.00 | dt: 5029.14ms | tok/sec: 208,499 | bf16_mfu: 50.34 | epoch: 1 pq: 22 rg: 34 | total time: 80.98m | eta: 393.3m
step 00960/05568 (17.24%) | loss: 2.767045 | lrm: 1.00 | dt: 5032.47ms | tok/sec: 208,362 | bf16_mfu: 50.30 | epoch: 1 pq: 22 rg: 36 | total time: 81.06m | eta: 393.2m
step 00961/05568 (17.26%) | loss: 2.762406 | lrm: 1.00 | dt: 5035.01ms | tok/sec: 208,257 | bf16_mfu: 50.28 | epoch: 1 pq: 22 rg: 38 | total time: 81.15m | eta: 393.1m
step 00962/05568 (17.28%) | loss: 2.758768 | lrm: 1.00 | dt: 5030.65ms | tok/sec: 208,437 | bf16_mfu: 50.32 | epoch: 1 pq: 22 rg: 40 | total time: 81.23m | eta: 393.0m
step 00963/05568 (17.30%) | loss: 2.755197 | lrm: 1.00 | dt: 5034.56ms | tok/sec: 208,275 | bf16_mfu: 50.28 | epoch: 1 pq: 22 rg: 42 | total time: 81.31m | eta: 392.9m
step 00964/05568 (17.31%) | loss: 2.769540 | lrm: 1.00 | dt: 5032.02ms | tok/sec: 208,380 | bf16_mfu: 50.31 | epoch: 1 pq: 22 rg: 44 | total time: 81.40m | eta: 392.8m
step 00965/05568 (17.33%) | loss: 2.771840 | lrm: 1.00 | dt: 5035.55ms | tok/sec: 208,234 | bf16_mfu: 50.27 | epoch: 1 pq: 22 rg: 46 | total time: 81.48m | eta: 392.7m
step 00966/05568 (17.35%) | loss: 2.776003 | lrm: 1.00 | dt: 5038.38ms | tok/sec: 208,117 | bf16_mfu: 50.24 | epoch: 1 pq: 22 rg: 48 | total time: 81.57m | eta: 392.6m
step 00967/05568 (17.37%) | loss: 2.777832 | lrm: 1.00 | dt: 5026.37ms | tok/sec: 208,615 | bf16_mfu: 50.36 | epoch: 1 pq: 22 rg: 50 | total time: 81.65m | eta: 392.5m
step 00968/05568 (17.39%) | loss: 2.750979 | lrm: 1.00 | dt: 5618.10ms | tok/sec: 186,642 | bf16_mfu: 45.06 | epoch: 1 pq: 22 rg: 52 | total time: 81.74m | eta: 392.5m
step 00969/05568 (17.40%) | loss: 2.746572 | lrm: 1.00 | dt: 5027.65ms | tok/sec: 208,561 | bf16_mfu: 50.35 | epoch: 1 pq: 22 rg: 54 | total time: 81.83m | eta: 392.4m
step 00970/05568 (17.42%) | loss: 2.761003 | lrm: 1.00 | dt: 5036.34ms | tok/sec: 208,201 | bf16_mfu: 50.26 | epoch: 1 pq: 22 rg: 56 | total time: 81.91m | eta: 392.3m
step 00971/05568 (17.44%) | loss: 2.759796 | lrm: 1.00 | dt: 5031.93ms | tok/sec: 208,384 | bf16_mfu: 50.31 | epoch: 1 pq: 22 rg: 58 | total time: 81.99m | eta: 392.2m
step 00972/05568 (17.46%) | loss: 2.763160 | lrm: 1.00 | dt: 5038.00ms | tok/sec: 208,133 | bf16_mfu: 50.25 | epoch: 1 pq: 22 rg: 60 | total time: 82.08m | eta: 392.1m
step 00973/05568 (17.47%) | loss: 2.779008 | lrm: 1.00 | dt: 5240.08ms | tok/sec: 200,106 | bf16_mfu: 48.31 | epoch: 1 pq: 22 rg: 62 | total time: 82.17m | eta: 392.1m
step 00974/05568 (17.49%) | loss: 2.786045 | lrm: 1.00 | dt: 5027.11ms | tok/sec: 208,584 | bf16_mfu: 50.36 | epoch: 1 pq: 22 rg: 64 | total time: 82.25m | eta: 392.0m
step 00975/05568 (17.51%) | loss: 2.782770 | lrm: 1.00 | dt: 5033.76ms | tok/sec: 208,308 | bf16_mfu: 50.29 | epoch: 1 pq: 22 rg: 64 | total time: 82.33m | eta: 391.9m
step 00976/05568 (17.53%) | loss: 2.777996 | lrm: 1.00 | dt: 5038.86ms | tok/sec: 208,098 | bf16_mfu: 50.24 | epoch: 1 pq: 22 rg: 66 | total time: 82.42m | eta: 391.8m
step 00977/05568 (17.55%) | loss: 2.791578 | lrm: 1.00 | dt: 5035.10ms | tok/sec: 208,253 | bf16_mfu: 50.28 | epoch: 1 pq: 22 rg: 68 | total time: 82.50m | eta: 391.7m
step 00978/05568 (17.56%) | loss: 2.816047 | lrm: 1.00 | dt: 5036.95ms | tok/sec: 208,176 | bf16_mfu: 50.26 | epoch: 1 pq: 22 rg: 70 | total time: 82.59m | eta: 391.6m
step 00979/05568 (17.58%) | loss: 2.806100 | lrm: 1.00 | dt: 5028.89ms | tok/sec: 208,510 | bf16_mfu: 50.34 | epoch: 1 pq: 22 rg: 72 | total time: 82.67m | eta: 391.5m
step 00980/05568 (17.60%) | loss: 2.794584 | lrm: 1.00 | dt: 5029.49ms | tok/sec: 208,485 | bf16_mfu: 50.33 | epoch: 1 pq: 22 rg: 74 | total time: 82.75m | eta: 391.4m
step 00981/05568 (17.62%) | loss: 2.800068 | lrm: 1.00 | dt: 5027.57ms | tok/sec: 208,565 | bf16_mfu: 50.35 | epoch: 1 pq: 22 rg: 76 | total time: 82.84m | eta: 391.3m
step 00982/05568 (17.64%) | loss: 2.785938 | lrm: 1.00 | dt: 5032.28ms | tok/sec: 208,369 | bf16_mfu: 50.30 | epoch: 1 pq: 22 rg: 78 | total time: 82.92m | eta: 391.2m
step 00983/05568 (17.65%) | loss: 2.782938 | lrm: 1.00 | dt: 5035.77ms | tok/sec: 208,225 | bf16_mfu: 50.27 | epoch: 1 pq: 22 rg: 80 | total time: 83.00m | eta: 391.1m
step 00984/05568 (17.67%) | loss: 2.782547 | lrm: 1.00 | dt: 5028.26ms | tok/sec: 208,536 | bf16_mfu: 50.34 | epoch: 1 pq: 22 rg: 82 | total time: 83.09m | eta: 391.0m
step 00985/05568 (17.69%) | loss: 2.798706 | lrm: 1.00 | dt: 5072.92ms | tok/sec: 206,700 | bf16_mfu: 49.90 | epoch: 1 pq: 23 rg: 0 | total time: 83.17m | eta: 391.0m
step 00986/05568 (17.71%) | loss: 2.793027 | lrm: 1.00 | dt: 5032.41ms | tok/sec: 208,364 | bf16_mfu: 50.30 | epoch: 1 pq: 23 rg: 2 | total time: 83.26m | eta: 390.9m
step 00987/05568 (17.73%) | loss: 2.795051 | lrm: 1.00 | dt: 5030.95ms | tok/sec: 208,425 | bf16_mfu: 50.32 | epoch: 1 pq: 23 rg: 4 | total time: 83.34m | eta: 390.8m
step 00988/05568 (17.74%) | loss: 2.790858 | lrm: 1.00 | dt: 5027.94ms | tok/sec: 208,549 | bf16_mfu: 50.35 | epoch: 1 pq: 23 rg: 6 | total time: 83.42m | eta: 390.7m
step 00989/05568 (17.76%) | loss: 2.791700 | lrm: 1.00 | dt: 5030.76ms | tok/sec: 208,433 | bf16_mfu: 50.32 | epoch: 1 pq: 23 rg: 8 | total time: 83.51m | eta: 390.6m
step 00990/05568 (17.78%) | loss: 2.804074 | lrm: 1.00 | dt: 5034.94ms | tok/sec: 208,260 | bf16_mfu: 50.28 | epoch: 1 pq: 23 rg: 10 | total time: 83.59m | eta: 390.5m
step 00991/05568 (17.80%) | loss: 2.811813 | lrm: 1.00 | dt: 5047.58ms | tok/sec: 207,738 | bf16_mfu: 50.15 | epoch: 1 pq: 23 rg: 12 | total time: 83.68m | eta: 390.4m
step 00992/05568 (17.82%) | loss: 2.821255 | lrm: 1.00 | dt: 5041.46ms | tok/sec: 207,990 | bf16_mfu: 50.21 | epoch: 1 pq: 23 rg: 14 | total time: 83.76m | eta: 390.3m
step 00993/05568 (17.83%) | loss: 2.810835 | lrm: 1.00 | dt: 5034.41ms | tok/sec: 208,281 | bf16_mfu: 50.28 | epoch: 1 pq: 23 rg: 16 | total time: 83.84m | eta: 390.2m
step 00994/05568 (17.85%) | loss: 2.820517 | lrm: 1.00 | dt: 5035.38ms | tok/sec: 208,241 | bf16_mfu: 50.27 | epoch: 1 pq: 23 rg: 18 | total time: 83.93m | eta: 390.1m
step 00995/05568 (17.87%) | loss: 2.817010 | lrm: 1.00 | dt: 5039.17ms | tok/sec: 208,084 | bf16_mfu: 50.24 | epoch: 1 pq: 23 rg: 20 | total time: 84.01m | eta: 390.0m
step 00996/05568 (17.89%) | loss: 2.804408 | lrm: 1.00 | dt: 5037.57ms | tok/sec: 208,151 | bf16_mfu: 50.25 | epoch: 1 pq: 23 rg: 22 | total time: 84.10m | eta: 389.9m
step 00997/05568 (17.91%) | loss: 2.829321 | lrm: 1.00 | dt: 5030.99ms | tok/sec: 208,423 | bf16_mfu: 50.32 | epoch: 1 pq: 23 rg: 24 | total time: 84.18m | eta: 389.9m
step 00998/05568 (17.92%) | loss: 2.800298 | lrm: 1.00 | dt: 5032.55ms | tok/sec: 208,358 | bf16_mfu: 50.30 | epoch: 1 pq: 23 rg: 26 | total time: 84.26m | eta: 389.8m
step 00999/05568 (17.94%) | loss: 2.797873 | lrm: 1.00 | dt: 5027.12ms | tok/sec: 208,583 | bf16_mfu: 50.36 | epoch: 1 pq: 23 rg: 28 | total time: 84.35m | eta: 389.7m
Step 01000 | Validation bpb: 0.846695
step 01000/05568 (17.96%) | loss: 2.804840 | lrm: 1.00 | dt: 4960.08ms | tok/sec: 211,402 | bf16_mfu: 51.04 | epoch: 1 pq: 23 rg: 30 | total time: 84.43m | eta: 389.6m
step 01001/05568 (17.98%) | loss: 2.796717 | lrm: 1.00 | dt: 5015.51ms | tok/sec: 209,066 | bf16_mfu: 50.47 | epoch: 1 pq: 23 rg: 32 | total time: 84.51m | eta: 389.5m
step 01002/05568 (18.00%) | loss: 2.786505 | lrm: 1.00 | dt: 5026.06ms | tok/sec: 208,627 | bf16_mfu: 50.37 | epoch: 1 pq: 23 rg: 34 | total time: 84.60m | eta: 389.4m
step 01003/05568 (18.01%) | loss: 2.802870 | lrm: 1.00 | dt: 5029.47ms | tok/sec: 208,486 | bf16_mfu: 50.33 | epoch: 1 pq: 23 rg: 36 | total time: 84.68m | eta: 389.3m
step 01004/05568 (18.03%) | loss: 2.811360 | lrm: 1.00 | dt: 5029.04ms | tok/sec: 208,504 | bf16_mfu: 50.34 | epoch: 1 pq: 23 rg: 38 | total time: 84.77m | eta: 389.2m
step 01005/05568 (18.05%) | loss: 2.819424 | lrm: 1.00 | dt: 5027.76ms | tok/sec: 208,557 | bf16_mfu: 50.35 | epoch: 1 pq: 23 rg: 40 | total time: 84.85m | eta: 389.1m
step 01006/05568 (18.07%) | loss: 2.833901 | lrm: 1.00 | dt: 5034.44ms | tok/sec: 208,280 | bf16_mfu: 50.28 | epoch: 1 pq: 23 rg: 42 | total time: 84.93m | eta: 389.0m
step 01007/05568 (18.09%) | loss: 2.833754 | lrm: 1.00 | dt: 5027.22ms | tok/sec: 208,579 | bf16_mfu: 50.35 | epoch: 1 pq: 23 rg: 44 | total time: 85.02m | eta: 388.9m
step 01008/05568 (18.10%) | loss: 2.817351 | lrm: 1.00 | dt: 5025.03ms | tok/sec: 208,670 | bf16_mfu: 50.38 | epoch: 1 pq: 23 rg: 46 | total time: 85.10m | eta: 388.8m
step 01009/05568 (18.12%) | loss: 2.815359 | lrm: 1.00 | dt: 5024.92ms | tok/sec: 208,675 | bf16_mfu: 50.38 | epoch: 1 pq: 23 rg: 48 | total time: 85.18m | eta: 388.7m
step 01010/05568 (18.14%) | loss: 2.818479 | lrm: 1.00 | dt: 5027.01ms | tok/sec: 208,588 | bf16_mfu: 50.36 | epoch: 1 pq: 23 rg: 50 | total time: 85.27m | eta: 388.7m
step 01011/05568 (18.16%) | loss: 2.825344 | lrm: 1.00 | dt: 5025.90ms | tok/sec: 208,634 | bf16_mfu: 50.37 | epoch: 1 pq: 23 rg: 52 | total time: 85.35m | eta: 388.6m
step 01012/05568 (18.18%) | loss: 2.814661 | lrm: 1.00 | dt: 5026.04ms | tok/sec: 208,628 | bf16_mfu: 50.37 | epoch: 1 pq: 23 rg: 54 | total time: 85.44m | eta: 388.5m
step 01013/05568 (18.19%) | loss: 2.808394 | lrm: 1.00 | dt: 5026.26ms | tok/sec: 208,619 | bf16_mfu: 50.36 | epoch: 1 pq: 23 rg: 56 | total time: 85.52m | eta: 388.4m
step 01014/05568 (18.21%) | loss: 2.808793 | lrm: 1.00 | dt: 5028.80ms | tok/sec: 208,514 | bf16_mfu: 50.34 | epoch: 1 pq: 23 rg: 56 | total time: 85.60m | eta: 388.3m
step 01015/05568 (18.23%) | loss: 2.773995 | lrm: 1.00 | dt: 5233.53ms | tok/sec: 200,357 | bf16_mfu: 48.37 | epoch: 1 pq: 23 rg: 58 | total time: 85.69m | eta: 388.2m
step 01016/05568 (18.25%) | loss: 2.777590 | lrm: 1.00 | dt: 5005.46ms | tok/sec: 209,486 | bf16_mfu: 50.57 | epoch: 1 pq: 23 rg: 60 | total time: 85.77m | eta: 388.1m
step 01017/05568 (18.27%) | loss: 2.804806 | lrm: 1.00 | dt: 5027.04ms | tok/sec: 208,586 | bf16_mfu: 50.36 | epoch: 1 pq: 23 rg: 62 | total time: 85.86m | eta: 388.0m
step 01018/05568 (18.28%) | loss: 2.793410 | lrm: 1.00 | dt: 5029.06ms | tok/sec: 208,503 | bf16_mfu: 50.34 | epoch: 1 pq: 23 rg: 64 | total time: 85.94m | eta: 387.9m
step 01019/05568 (18.30%) | loss: 2.786849 | lrm: 1.00 | dt: 5026.16ms | tok/sec: 208,623 | bf16_mfu: 50.37 | epoch: 1 pq: 23 rg: 66 | total time: 86.03m | eta: 387.8m
step 01020/05568 (18.32%) | loss: 2.769536 | lrm: 1.00 | dt: 5030.53ms | tok/sec: 208,442 | bf16_mfu: 50.32 | epoch: 1 pq: 23 rg: 68 | total time: 86.11m | eta: 387.7m
step 01021/05568 (18.34%) | loss: 2.770393 | lrm: 1.00 | dt: 5023.78ms | tok/sec: 208,722 | bf16_mfu: 50.39 | epoch: 1 pq: 23 rg: 70 | total time: 86.19m | eta: 387.7m
step 01022/05568 (18.35%) | loss: 2.749680 | lrm: 1.00 | dt: 5038.07ms | tok/sec: 208,130 | bf16_mfu: 50.25 | epoch: 1 pq: 23 rg: 72 | total time: 86.28m | eta: 387.6m
step 01023/05568 (18.37%) | loss: 2.734433 | lrm: 1.00 | dt: 5037.56ms | tok/sec: 208,151 | bf16_mfu: 50.25 | epoch: 1 pq: 23 rg: 74 | total time: 86.36m | eta: 387.5m
step 01024/05568 (18.39%) | loss: 2.739036 | lrm: 1.00 | dt: 5036.95ms | tok/sec: 208,176 | bf16_mfu: 50.26 | epoch: 1 pq: 23 rg: 76 | total time: 86.44m | eta: 387.4m
step 01025/05568 (18.41%) | loss: 2.736955 | lrm: 1.00 | dt: 5026.89ms | tok/sec: 208,593 | bf16_mfu: 50.36 | epoch: 1 pq: 23 rg: 78 | total time: 86.53m | eta: 387.3m
step 01026/05568 (18.43%) | loss: 2.736537 | lrm: 1.00 | dt: 5038.63ms | tok/sec: 208,107 | bf16_mfu: 50.24 | epoch: 1 pq: 23 rg: 80 | total time: 86.61m | eta: 387.2m
step 01027/05568 (18.44%) | loss: 2.752022 | lrm: 1.00 | dt: 5032.14ms | tok/sec: 208,375 | bf16_mfu: 50.31 | epoch: 1 pq: 23 rg: 82 | total time: 86.70m | eta: 387.1m
step 01028/05568 (18.46%) | loss: 2.762598 | lrm: 1.00 | dt: 5035.79ms | tok/sec: 208,224 | bf16_mfu: 50.27 | epoch: 1 pq: 24 rg: 0 | total time: 86.78m | eta: 387.0m
step 01029/05568 (18.48%) | loss: 2.762002 | lrm: 1.00 | dt: 5031.30ms | tok/sec: 208,410 | bf16_mfu: 50.31 | epoch: 1 pq: 24 rg: 2 | total time: 86.86m | eta: 386.9m
step 01030/05568 (18.50%) | loss: 2.767101 | lrm: 1.00 | dt: 5035.55ms | tok/sec: 208,234 | bf16_mfu: 50.27 | epoch: 1 pq: 24 rg: 4 | total time: 86.95m | eta: 386.8m
step 01031/05568 (18.52%) | loss: 2.766617 | lrm: 1.00 | dt: 5033.46ms | tok/sec: 208,320 | bf16_mfu: 50.29 | epoch: 1 pq: 24 rg: 6 | total time: 87.03m | eta: 386.7m
step 01032/05568 (18.53%) | loss: 2.767260 | lrm: 1.00 | dt: 5037.46ms | tok/sec: 208,155 | bf16_mfu: 50.25 | epoch: 1 pq: 24 rg: 8 | total time: 87.12m | eta: 386.7m
step 01033/05568 (18.55%) | loss: 2.766627 | lrm: 1.00 | dt: 5026.63ms | tok/sec: 208,603 | bf16_mfu: 50.36 | epoch: 1 pq: 24 rg: 10 | total time: 87.20m | eta: 386.6m
step 01034/05568 (18.57%) | loss: 2.764470 | lrm: 1.00 | dt: 5032.02ms | tok/sec: 208,380 | bf16_mfu: 50.31 | epoch: 1 pq: 24 rg: 12 | total time: 87.28m | eta: 386.5m
step 01035/05568 (18.59%) | loss: 2.773672 | lrm: 1.00 | dt: 5035.70ms | tok/sec: 208,228 | bf16_mfu: 50.27 | epoch: 1 pq: 24 rg: 14 | total time: 87.37m | eta: 386.4m
step 01036/05568 (18.61%) | loss: 2.769108 | lrm: 1.00 | dt: 5026.61ms | tok/sec: 208,605 | bf16_mfu: 50.36 | epoch: 1 pq: 24 rg: 16 | total time: 87.45m | eta: 386.3m
step 01037/05568 (18.62%) | loss: 2.776106 | lrm: 1.00 | dt: 5021.49ms | tok/sec: 208,817 | bf16_mfu: 50.41 | epoch: 1 pq: 24 rg: 18 | total time: 87.53m | eta: 386.2m
step 01038/05568 (18.64%) | loss: 2.773589 | lrm: 1.00 | dt: 5035.31ms | tok/sec: 208,244 | bf16_mfu: 50.27 | epoch: 1 pq: 24 rg: 20 | total time: 87.62m | eta: 386.1m
step 01039/05568 (18.66%) | loss: 2.792358 | lrm: 1.00 | dt: 5138.12ms | tok/sec: 204,077 | bf16_mfu: 49.27 | epoch: 1 pq: 24 rg: 22 | total time: 87.70m | eta: 386.0m
step 01040/05568 (18.68%) | loss: 2.793582 | lrm: 1.00 | dt: 5025.98ms | tok/sec: 208,631 | bf16_mfu: 50.37 | epoch: 1 pq: 24 rg: 24 | total time: 87.79m | eta: 385.9m
step 01041/05568 (18.70%) | loss: 2.814619 | lrm: 1.00 | dt: 5034.80ms | tok/sec: 208,265 | bf16_mfu: 50.28 | epoch: 1 pq: 24 rg: 24 | total time: 87.87m | eta: 385.8m
step 01042/05568 (18.71%) | loss: 2.793108 | lrm: 1.00 | dt: 5027.30ms | tok/sec: 208,576 | bf16_mfu: 50.35 | epoch: 1 pq: 24 rg: 26 | total time: 87.96m | eta: 385.7m
step 01043/05568 (18.73%) | loss: 2.794941 | lrm: 1.00 | dt: 5029.86ms | tok/sec: 208,470 | bf16_mfu: 50.33 | epoch: 1 pq: 24 rg: 28 | total time: 88.04m | eta: 385.7m
step 01044/05568 (18.75%) | loss: 2.794241 | lrm: 1.00 | dt: 5029.97ms | tok/sec: 208,465 | bf16_mfu: 50.33 | epoch: 1 pq: 24 rg: 30 | total time: 88.12m | eta: 385.6m
step 01045/05568 (18.77%) | loss: 2.796750 | lrm: 1.00 | dt: 5033.76ms | tok/sec: 208,308 | bf16_mfu: 50.29 | epoch: 1 pq: 24 rg: 32 | total time: 88.21m | eta: 385.5m
step 01046/05568 (18.79%) | loss: 2.802230 | lrm: 1.00 | dt: 5030.57ms | tok/sec: 208,440 | bf16_mfu: 50.32 | epoch: 1 pq: 24 rg: 34 | total time: 88.29m | eta: 385.4m
step 01047/05568 (18.80%) | loss: 2.794992 | lrm: 1.00 | dt: 5022.52ms | tok/sec: 208,774 | bf16_mfu: 50.40 | epoch: 1 pq: 24 rg: 36 | total time: 88.38m | eta: 385.3m
step 01048/05568 (18.82%) | loss: 2.790015 | lrm: 1.00 | dt: 5031.93ms | tok/sec: 208,384 | bf16_mfu: 50.31 | epoch: 1 pq: 24 rg: 38 | total time: 88.46m | eta: 385.2m
step 01049/05568 (18.84%) | loss: 2.776396 | lrm: 1.00 | dt: 5032.34ms | tok/sec: 208,367 | bf16_mfu: 50.30 | epoch: 1 pq: 24 rg: 40 | total time: 88.54m | eta: 385.1m
step 01050/05568 (18.86%) | loss: 2.764682 | lrm: 1.00 | dt: 5038.77ms | tok/sec: 208,101 | bf16_mfu: 50.24 | epoch: 1 pq: 24 rg: 42 | total time: 88.63m | eta: 385.0m
step 01051/05568 (18.88%) | loss: 2.763556 | lrm: 1.00 | dt: 5029.81ms | tok/sec: 208,472 | bf16_mfu: 50.33 | epoch: 1 pq: 24 rg: 44 | total time: 88.71m | eta: 384.9m
step 01052/05568 (18.89%) | loss: 2.770585 | lrm: 1.00 | dt: 5027.56ms | tok/sec: 208,565 | bf16_mfu: 50.35 | epoch: 1 pq: 24 rg: 46 | total time: 88.79m | eta: 384.8m
step 01053/05568 (18.91%) | loss: 2.767482 | lrm: 1.00 | dt: 5039.90ms | tok/sec: 208,054 | bf16_mfu: 50.23 | epoch: 1 pq: 24 rg: 48 | total time: 88.88m | eta: 384.7m
step 01054/05568 (18.93%) | loss: 2.762893 | lrm: 1.00 | dt: 5021.98ms | tok/sec: 208,797 | bf16_mfu: 50.41 | epoch: 1 pq: 24 rg: 50 | total time: 88.96m | eta: 384.7m
step 01055/05568 (18.95%) | loss: 2.764113 | lrm: 1.00 | dt: 5023.92ms | tok/sec: 208,716 | bf16_mfu: 50.39 | epoch: 1 pq: 24 rg: 52 | total time: 89.05m | eta: 384.6m
step 01056/05568 (18.97%) | loss: 2.776048 | lrm: 1.00 | dt: 5031.57ms | tok/sec: 208,399 | bf16_mfu: 50.31 | epoch: 1 pq: 24 rg: 54 | total time: 89.13m | eta: 384.5m
step 01057/05568 (18.98%) | loss: 2.788625 | lrm: 1.00 | dt: 5030.03ms | tok/sec: 208,463 | bf16_mfu: 50.33 | epoch: 1 pq: 24 rg: 56 | total time: 89.21m | eta: 384.4m
step 01058/05568 (19.00%) | loss: 2.780997 | lrm: 1.00 | dt: 5027.79ms | tok/sec: 208,556 | bf16_mfu: 50.35 | epoch: 1 pq: 24 rg: 58 | total time: 89.30m | eta: 384.3m
step 01059/05568 (19.02%) | loss: 2.768638 | lrm: 1.00 | dt: 5039.27ms | tok/sec: 208,080 | bf16_mfu: 50.23 | epoch: 1 pq: 24 rg: 60 | total time: 89.38m | eta: 384.2m
step 01060/05568 (19.04%) | loss: 2.749191 | lrm: 1.00 | dt: 5029.54ms | tok/sec: 208,483 | bf16_mfu: 50.33 | epoch: 1 pq: 24 rg: 62 | total time: 89.47m | eta: 384.1m
step 01061/05568 (19.06%) | loss: 2.747923 | lrm: 1.00 | dt: 5029.71ms | tok/sec: 208,476 | bf16_mfu: 50.33 | epoch: 1 pq: 24 rg: 64 | total time: 89.55m | eta: 384.0m
step 01062/05568 (19.07%) | loss: 2.758047 | lrm: 1.00 | dt: 5029.78ms | tok/sec: 208,473 | bf16_mfu: 50.33 | epoch: 1 pq: 24 rg: 66 | total time: 89.63m | eta: 383.9m
step 01063/05568 (19.09%) | loss: 2.775522 | lrm: 1.00 | dt: 5037.97ms | tok/sec: 208,134 | bf16_mfu: 50.25 | epoch: 1 pq: 24 rg: 68 | total time: 89.72m | eta: 383.8m
step 01064/05568 (19.11%) | loss: 2.769627 | lrm: 1.00 | dt: 5030.53ms | tok/sec: 208,442 | bf16_mfu: 50.32 | epoch: 1 pq: 24 rg: 70 | total time: 89.80m | eta: 383.7m
step 01065/05568 (19.13%) | loss: 2.767315 | lrm: 1.00 | dt: 5023.33ms | tok/sec: 208,741 | bf16_mfu: 50.39 | epoch: 1 pq: 24 rg: 72 | total time: 89.88m | eta: 383.6m
step 01066/05568 (19.15%) | loss: 2.770031 | lrm: 1.00 | dt: 5023.94ms | tok/sec: 208,716 | bf16_mfu: 50.39 | epoch: 1 pq: 24 rg: 74 | total time: 89.97m | eta: 383.6m
step 01067/05568 (19.16%) | loss: 2.755681 | lrm: 1.00 | dt: 5029.19ms | tok/sec: 208,498 | bf16_mfu: 50.33 | epoch: 1 pq: 24 rg: 76 | total time: 90.05m | eta: 383.5m
step 01068/05568 (19.18%) | loss: 2.744893 | lrm: 1.00 | dt: 5033.23ms | tok/sec: 208,330 | bf16_mfu: 50.29 | epoch: 1 pq: 24 rg: 76 | total time: 90.14m | eta: 383.4m
step 01069/05568 (19.20%) | loss: 2.739741 | lrm: 1.00 | dt: 5032.28ms | tok/sec: 208,369 | bf16_mfu: 50.30 | epoch: 1 pq: 24 rg: 78 | total time: 90.22m | eta: 383.3m
step 01070/05568 (19.22%) | loss: 2.748485 | lrm: 1.00 | dt: 5035.26ms | tok/sec: 208,246 | bf16_mfu: 50.27 | epoch: 1 pq: 24 rg: 80 | total time: 90.30m | eta: 383.2m
step 01071/05568 (19.23%) | loss: 2.755155 | lrm: 1.00 | dt: 5028.00ms | tok/sec: 208,547 | bf16_mfu: 50.35 | epoch: 1 pq: 24 rg: 82 | total time: 90.39m | eta: 383.1m
step 01072/05568 (19.25%) | loss: 2.750791 | lrm: 1.00 | dt: 5036.04ms | tok/sec: 208,214 | bf16_mfu: 50.27 | epoch: 1 pq: 25 rg: 0 | total time: 90.47m | eta: 383.0m
step 01073/05568 (19.27%) | loss: 2.746690 | lrm: 1.00 | dt: 5027.96ms | tok/sec: 208,549 | bf16_mfu: 50.35 | epoch: 1 pq: 25 rg: 2 | total time: 90.56m | eta: 382.9m
step 01074/05568 (19.29%) | loss: 2.740286 | lrm: 1.00 | dt: 5033.78ms | tok/sec: 208,307 | bf16_mfu: 50.29 | epoch: 1 pq: 25 rg: 4 | total time: 90.64m | eta: 382.8m
step 01075/05568 (19.31%) | loss: 2.742847 | lrm: 1.00 | dt: 5035.66ms | tok/sec: 208,230 | bf16_mfu: 50.27 | epoch: 1 pq: 25 rg: 6 | total time: 90.72m | eta: 382.7m
step 01076/05568 (19.32%) | loss: 2.756840 | lrm: 1.00 | dt: 5106.49ms | tok/sec: 205,341 | bf16_mfu: 49.57 | epoch: 1 pq: 25 rg: 8 | total time: 90.81m | eta: 382.7m
step 01077/05568 (19.34%) | loss: 2.761862 | lrm: 1.00 | dt: 5027.00ms | tok/sec: 208,588 | bf16_mfu: 50.36 | epoch: 1 pq: 25 rg: 10 | total time: 90.89m | eta: 382.6m
step 01078/05568 (19.36%) | loss: 2.753370 | lrm: 1.00 | dt: 5030.19ms | tok/sec: 208,456 | bf16_mfu: 50.32 | epoch: 1 pq: 25 rg: 12 | total time: 90.98m | eta: 382.5m
step 01079/05568 (19.38%) | loss: 2.744371 | lrm: 1.00 | dt: 5033.87ms | tok/sec: 208,304 | bf16_mfu: 50.29 | epoch: 1 pq: 25 rg: 14 | total time: 91.06m | eta: 382.4m
step 01080/05568 (19.40%) | loss: 2.756746 | lrm: 1.00 | dt: 5027.44ms | tok/sec: 208,570 | bf16_mfu: 50.35 | epoch: 1 pq: 25 rg: 16 | total time: 91.14m | eta: 382.3m
step 01081/05568 (19.41%) | loss: 2.743291 | lrm: 1.00 | dt: 5034.80ms | tok/sec: 208,265 | bf16_mfu: 50.28 | epoch: 1 pq: 25 rg: 18 | total time: 91.23m | eta: 382.2m
step 01082/05568 (19.43%) | loss: 2.735072 | lrm: 1.00 | dt: 5032.66ms | tok/sec: 208,354 | bf16_mfu: 50.30 | epoch: 1 pq: 25 rg: 20 | total time: 91.31m | eta: 382.1m
step 01083/05568 (19.45%) | loss: 2.742970 | lrm: 1.00 | dt: 5034.42ms | tok/sec: 208,281 | bf16_mfu: 50.28 | epoch: 1 pq: 25 rg: 22 | total time: 91.40m | eta: 382.0m
step 01084/05568 (19.47%) | loss: 2.745488 | lrm: 1.00 | dt: 5033.27ms | tok/sec: 208,329 | bf16_mfu: 50.29 | epoch: 1 pq: 25 rg: 24 | total time: 91.48m | eta: 381.9m
step 01085/05568 (19.49%) | loss: 2.765210 | lrm: 1.00 | dt: 5025.75ms | tok/sec: 208,640 | bf16_mfu: 50.37 | epoch: 1 pq: 25 rg: 26 | total time: 91.56m | eta: 381.8m
step 01086/05568 (19.50%) | loss: 2.783377 | lrm: 1.00 | dt: 5037.29ms | tok/sec: 208,162 | bf16_mfu: 50.25 | epoch: 1 pq: 25 rg: 28 | total time: 91.65m | eta: 381.7m
step 01087/05568 (19.52%) | loss: 2.791766 | lrm: 1.00 | dt: 5024.74ms | tok/sec: 208,682 | bf16_mfu: 50.38 | epoch: 1 pq: 25 rg: 30 | total time: 91.73m | eta: 381.7m
step 01088/05568 (19.54%) | loss: 2.798465 | lrm: 1.00 | dt: 5031.30ms | tok/sec: 208,410 | bf16_mfu: 50.31 | epoch: 1 pq: 25 rg: 32 | total time: 91.81m | eta: 381.6m
step 01089/05568 (19.56%) | loss: 2.793671 | lrm: 1.00 | dt: 5031.13ms | tok/sec: 208,417 | bf16_mfu: 50.32 | epoch: 1 pq: 25 rg: 34 | total time: 91.90m | eta: 381.5m
step 01090/05568 (19.58%) | loss: 2.786358 | lrm: 1.00 | dt: 5028.97ms | tok/sec: 208,507 | bf16_mfu: 50.34 | epoch: 1 pq: 25 rg: 36 | total time: 91.98m | eta: 381.4m
step 01091/05568 (19.59%) | loss: 2.792032 | lrm: 1.00 | dt: 5034.86ms | tok/sec: 208,263 | bf16_mfu: 50.28 | epoch: 1 pq: 25 rg: 38 | total time: 92.07m | eta: 381.3m
step 01092/05568 (19.61%) | loss: 2.794875 | lrm: 1.00 | dt: 5028.35ms | tok/sec: 208,532 | bf16_mfu: 50.34 | epoch: 1 pq: 25 rg: 40 | total time: 92.15m | eta: 381.2m
step 01093/05568 (19.63%) | loss: 2.765617 | lrm: 1.00 | dt: 5026.32ms | tok/sec: 208,616 | bf16_mfu: 50.36 | epoch: 1 pq: 25 rg: 42 | total time: 92.23m | eta: 381.1m
step 01094/05568 (19.65%) | loss: 2.764245 | lrm: 1.00 | dt: 5033.61ms | tok/sec: 208,314 | bf16_mfu: 50.29 | epoch: 1 pq: 25 rg: 44 | total time: 92.32m | eta: 381.0m
step 01095/05568 (19.67%) | loss: 2.765789 | lrm: 1.00 | dt: 5028.79ms | tok/sec: 208,514 | bf16_mfu: 50.34 | epoch: 1 pq: 25 rg: 44 | total time: 92.40m | eta: 380.9m
step 01096/05568 (19.68%) | loss: 2.776517 | lrm: 1.00 | dt: 5040.48ms | tok/sec: 208,031 | bf16_mfu: 50.22 | epoch: 1 pq: 25 rg: 46 | total time: 92.49m | eta: 380.8m
step 01097/05568 (19.70%) | loss: 2.769312 | lrm: 1.00 | dt: 6415.46ms | tok/sec: 163,445 | bf16_mfu: 39.46 | epoch: 1 pq: 25 rg: 48 | total time: 92.59m | eta: 380.8m
step 01098/05568 (19.72%) | loss: 2.773634 | lrm: 1.00 | dt: 4998.74ms | tok/sec: 209,768 | bf16_mfu: 50.64 | epoch: 1 pq: 25 rg: 50 | total time: 92.68m | eta: 380.8m
step 01099/05568 (19.74%) | loss: 2.774664 | lrm: 1.00 | dt: 5027.01ms | tok/sec: 208,588 | bf16_mfu: 50.36 | epoch: 1 pq: 25 rg: 52 | total time: 92.76m | eta: 380.7m
step 01100/05568 (19.76%) | loss: 2.761074 | lrm: 1.00 | dt: 5033.67ms | tok/sec: 208,312 | bf16_mfu: 50.29 | epoch: 1 pq: 25 rg: 54 | total time: 92.84m | eta: 380.6m
step 01101/05568 (19.77%) | loss: 2.757062 | lrm: 1.00 | dt: 5026.20ms | tok/sec: 208,622 | bf16_mfu: 50.36 | epoch: 1 pq: 25 rg: 56 | total time: 92.93m | eta: 380.5m
step 01102/05568 (19.79%) | loss: 2.768609 | lrm: 1.00 | dt: 5031.71ms | tok/sec: 208,393 | bf16_mfu: 50.31 | epoch: 1 pq: 25 rg: 58 | total time: 93.01m | eta: 380.4m
step 01103/05568 (19.81%) | loss: 2.764203 | lrm: 1.00 | dt: 5025.55ms | tok/sec: 208,649 | bf16_mfu: 50.37 | epoch: 1 pq: 25 rg: 60 | total time: 93.09m | eta: 380.3m
step 01104/05568 (19.83%) | loss: 2.770676 | lrm: 1.00 | dt: 6377.78ms | tok/sec: 164,410 | bf16_mfu: 39.69 | epoch: 1 pq: 25 rg: 62 | total time: 93.20m | eta: 380.3m
step 01105/05568 (19.85%) | loss: 2.759289 | lrm: 1.00 | dt: 5026.27ms | tok/sec: 208,619 | bf16_mfu: 50.36 | epoch: 1 pq: 25 rg: 64 | total time: 93.28m | eta: 380.2m
step 01106/05568 (19.86%) | loss: 2.767009 | lrm: 1.00 | dt: 5024.87ms | tok/sec: 208,677 | bf16_mfu: 50.38 | epoch: 1 pq: 25 rg: 66 | total time: 93.37m | eta: 380.1m
step 01107/05568 (19.88%) | loss: 2.762265 | lrm: 1.00 | dt: 5032.00ms | tok/sec: 208,381 | bf16_mfu: 50.31 | epoch: 1 pq: 25 rg: 68 | total time: 93.45m | eta: 380.0m
step 01108/05568 (19.90%) | loss: 2.760159 | lrm: 1.00 | dt: 5026.39ms | tok/sec: 208,614 | bf16_mfu: 50.36 | epoch: 1 pq: 25 rg: 70 | total time: 93.54m | eta: 379.9m
step 01109/05568 (19.92%) | loss: 2.751071 | lrm: 1.00 | dt: 5031.92ms | tok/sec: 208,384 | bf16_mfu: 50.31 | epoch: 1 pq: 25 rg: 72 | total time: 93.62m | eta: 379.8m
step 01110/05568 (19.94%) | loss: 2.758665 | lrm: 1.00 | dt: 5029.18ms | tok/sec: 208,498 | bf16_mfu: 50.34 | epoch: 1 pq: 25 rg: 74 | total time: 93.70m | eta: 379.8m
step 01111/05568 (19.95%) | loss: 2.761212 | lrm: 1.00 | dt: 5028.93ms | tok/sec: 208,508 | bf16_mfu: 50.34 | epoch: 1 pq: 25 rg: 76 | total time: 93.79m | eta: 379.7m
step 01112/05568 (19.97%) | loss: 2.755646 | lrm: 1.00 | dt: 5026.43ms | tok/sec: 208,612 | bf16_mfu: 50.36 | epoch: 1 pq: 25 rg: 78 | total time: 93.87m | eta: 379.6m
step 01113/05568 (19.99%) | loss: 2.745837 | lrm: 1.00 | dt: 5029.34ms | tok/sec: 208,491 | bf16_mfu: 50.33 | epoch: 1 pq: 25 rg: 80 | total time: 93.95m | eta: 379.5m
step 01114/05568 (20.01%) | loss: 2.755759 | lrm: 1.00 | dt: 5025.46ms | tok/sec: 208,652 | bf16_mfu: 50.37 | epoch: 1 pq: 25 rg: 82 | total time: 94.04m | eta: 379.4m
step 01115/05568 (20.03%) | loss: 2.764432 | lrm: 1.00 | dt: 5024.91ms | tok/sec: 208,675 | bf16_mfu: 50.38 | epoch: 1 pq: 26 rg: 0 | total time: 94.12m | eta: 379.3m
step 01116/05568 (20.04%) | loss: 2.764585 | lrm: 1.00 | dt: 5024.52ms | tok/sec: 208,691 | bf16_mfu: 50.38 | epoch: 1 pq: 26 rg: 2 | total time: 94.21m | eta: 379.2m
step 01117/05568 (20.06%) | loss: 2.764369 | lrm: 1.00 | dt: 5119.03ms | tok/sec: 204,838 | bf16_mfu: 49.45 | epoch: 1 pq: 26 rg: 4 | total time: 94.29m | eta: 379.1m
step 01118/05568 (20.08%) | loss: 2.755502 | lrm: 1.00 | dt: 5635.99ms | tok/sec: 186,050 | bf16_mfu: 44.92 | epoch: 1 pq: 26 rg: 6 | total time: 94.39m | eta: 379.1m
step 01119/05568 (20.10%) | loss: 2.747275 | lrm: 1.00 | dt: 5007.19ms | tok/sec: 209,414 | bf16_mfu: 50.56 | epoch: 1 pq: 26 rg: 8 | total time: 94.47m | eta: 379.0m
step 01120/05568 (20.11%) | loss: 2.756341 | lrm: 1.00 | dt: 5028.41ms | tok/sec: 208,530 | bf16_mfu: 50.34 | epoch: 1 pq: 26 rg: 10 | total time: 94.55m | eta: 378.9m
step 01121/05568 (20.13%) | loss: 2.746598 | lrm: 1.00 | dt: 5027.63ms | tok/sec: 208,562 | bf16_mfu: 50.35 | epoch: 1 pq: 26 rg: 12 | total time: 94.64m | eta: 378.8m
step 01122/05568 (20.15%) | loss: 2.738188 | lrm: 1.00 | dt: 5028.55ms | tok/sec: 208,524 | bf16_mfu: 50.34 | epoch: 1 pq: 26 rg: 14 | total time: 94.72m | eta: 378.7m
step 01123/05568 (20.17%) | loss: 2.728595 | lrm: 1.00 | dt: 5032.92ms | tok/sec: 208,343 | bf16_mfu: 50.30 | epoch: 1 pq: 26 rg: 16 | total time: 94.80m | eta: 378.6m
step 01124/05568 (20.19%) | loss: 2.744050 | lrm: 1.00 | dt: 5028.07ms | tok/sec: 208,544 | bf16_mfu: 50.35 | epoch: 1 pq: 26 rg: 16 | total time: 94.89m | eta: 378.5m
step 01125/05568 (20.20%) | loss: 2.733226 | lrm: 1.00 | dt: 5029.21ms | tok/sec: 208,497 | bf16_mfu: 50.33 | epoch: 1 pq: 26 rg: 18 | total time: 94.97m | eta: 378.4m
step 01126/05568 (20.22%) | loss: 2.743257 | lrm: 1.00 | dt: 5030.55ms | tok/sec: 208,441 | bf16_mfu: 50.32 | epoch: 1 pq: 26 rg: 20 | total time: 95.06m | eta: 378.3m
step 01127/05568 (20.24%) | loss: 2.754163 | lrm: 1.00 | dt: 5027.87ms | tok/sec: 208,552 | bf16_mfu: 50.35 | epoch: 1 pq: 26 rg: 22 | total time: 95.14m | eta: 378.3m
step 01128/05568 (20.26%) | loss: 2.760826 | lrm: 1.00 | dt: 5026.03ms | tok/sec: 208,629 | bf16_mfu: 50.37 | epoch: 1 pq: 26 rg: 24 | total time: 95.22m | eta: 378.2m
step 01129/05568 (20.28%) | loss: 2.753593 | lrm: 1.00 | dt: 5036.92ms | tok/sec: 208,178 | bf16_mfu: 50.26 | epoch: 1 pq: 26 rg: 26 | total time: 95.31m | eta: 378.1m
step 01130/05568 (20.29%) | loss: 2.736342 | lrm: 1.00 | dt: 5026.75ms | tok/sec: 208,599 | bf16_mfu: 50.36 | epoch: 1 pq: 26 rg: 28 | total time: 95.39m | eta: 378.0m
step 01131/05568 (20.31%) | loss: 2.724226 | lrm: 1.00 | dt: 5037.48ms | tok/sec: 208,154 | bf16_mfu: 50.25 | epoch: 1 pq: 26 rg: 30 | total time: 95.47m | eta: 377.9m
step 01132/05568 (20.33%) | loss: 2.747290 | lrm: 1.00 | dt: 5034.93ms | tok/sec: 208,260 | bf16_mfu: 50.28 | epoch: 1 pq: 26 rg: 32 | total time: 95.56m | eta: 377.8m
step 01133/05568 (20.35%) | loss: 2.778143 | lrm: 1.00 | dt: 5026.75ms | tok/sec: 208,599 | bf16_mfu: 50.36 | epoch: 1 pq: 26 rg: 34 | total time: 95.64m | eta: 377.7m
step 01134/05568 (20.37%) | loss: 2.793573 | lrm: 1.00 | dt: 5029.17ms | tok/sec: 208,498 | bf16_mfu: 50.34 | epoch: 1 pq: 26 rg: 36 | total time: 95.73m | eta: 377.6m
step 01135/05568 (20.38%) | loss: 2.783534 | lrm: 1.00 | dt: 5032.81ms | tok/sec: 208,348 | bf16_mfu: 50.30 | epoch: 1 pq: 26 rg: 38 | total time: 95.81m | eta: 377.5m
step 01136/05568 (20.40%) | loss: 2.791388 | lrm: 1.00 | dt: 5027.26ms | tok/sec: 208,578 | bf16_mfu: 50.35 | epoch: 1 pq: 26 rg: 40 | total time: 95.89m | eta: 377.4m
step 01137/05568 (20.42%) | loss: 2.797549 | lrm: 1.00 | dt: 5035.94ms | tok/sec: 208,218 | bf16_mfu: 50.27 | epoch: 1 pq: 26 rg: 42 | total time: 95.98m | eta: 377.4m
step 01138/05568 (20.44%) | loss: 2.769334 | lrm: 1.00 | dt: 5024.59ms | tok/sec: 208,688 | bf16_mfu: 50.38 | epoch: 1 pq: 26 rg: 44 | total time: 96.06m | eta: 377.3m
step 01139/05568 (20.46%) | loss: 2.776032 | lrm: 1.00 | dt: 5031.39ms | tok/sec: 208,406 | bf16_mfu: 50.31 | epoch: 1 pq: 26 rg: 46 | total time: 96.15m | eta: 377.2m
step 01140/05568 (20.47%) | loss: 2.754785 | lrm: 1.00 | dt: 5029.69ms | tok/sec: 208,477 | bf16_mfu: 50.33 | epoch: 1 pq: 26 rg: 48 | total time: 96.23m | eta: 377.1m
step 01141/05568 (20.49%) | loss: 2.741734 | lrm: 1.00 | dt: 5198.10ms | tok/sec: 201,723 | bf16_mfu: 48.70 | epoch: 1 pq: 26 rg: 50 | total time: 96.32m | eta: 377.0m
step 01142/05568 (20.51%) | loss: 2.756719 | lrm: 1.00 | dt: 5009.44ms | tok/sec: 209,319 | bf16_mfu: 50.53 | epoch: 1 pq: 26 rg: 52 | total time: 96.40m | eta: 376.9m
step 01143/05568 (20.53%) | loss: 2.740387 | lrm: 1.00 | dt: 5025.70ms | tok/sec: 208,642 | bf16_mfu: 50.37 | epoch: 1 pq: 26 rg: 54 | total time: 96.48m | eta: 376.8m
step 01144/05568 (20.55%) | loss: 2.740798 | lrm: 1.00 | dt: 5025.80ms | tok/sec: 208,638 | bf16_mfu: 50.37 | epoch: 1 pq: 26 rg: 56 | total time: 96.57m | eta: 376.7m
step 01145/05568 (20.56%) | loss: 2.708730 | lrm: 1.00 | dt: 5026.09ms | tok/sec: 208,626 | bf16_mfu: 50.37 | epoch: 1 pq: 26 rg: 58 | total time: 96.65m | eta: 376.6m
step 01146/05568 (20.58%) | loss: 2.738965 | lrm: 1.00 | dt: 5025.48ms | tok/sec: 208,652 | bf16_mfu: 50.37 | epoch: 1 pq: 26 rg: 60 | total time: 96.73m | eta: 376.5m
step 01147/05568 (20.60%) | loss: 2.741624 | lrm: 1.00 | dt: 5027.32ms | tok/sec: 208,575 | bf16_mfu: 50.35 | epoch: 1 pq: 26 rg: 62 | total time: 96.82m | eta: 376.5m
step 01148/05568 (20.62%) | loss: 2.728226 | lrm: 1.00 | dt: 5028.69ms | tok/sec: 208,518 | bf16_mfu: 50.34 | epoch: 1 pq: 26 rg: 64 | total time: 96.90m | eta: 376.4m
step 01149/05568 (20.64%) | loss: 2.737374 | lrm: 1.00 | dt: 5029.29ms | tok/sec: 208,493 | bf16_mfu: 50.33 | epoch: 1 pq: 26 rg: 66 | total time: 96.99m | eta: 376.3m
step 01150/05568 (20.65%) | loss: 2.725880 | lrm: 1.00 | dt: 5028.40ms | tok/sec: 208,530 | bf16_mfu: 50.34 | epoch: 1 pq: 26 rg: 68 | total time: 97.07m | eta: 376.2m
step 01151/05568 (20.67%) | loss: 2.726265 | lrm: 1.00 | dt: 5025.88ms | tok/sec: 208,635 | bf16_mfu: 50.37 | epoch: 1 pq: 26 rg: 70 | total time: 97.15m | eta: 376.1m
step 01152/05568 (20.69%) | loss: 2.744973 | lrm: 1.00 | dt: 5018.00ms | tok/sec: 208,962 | bf16_mfu: 50.45 | epoch: 1 pq: 26 rg: 72 | total time: 97.24m | eta: 376.0m
step 01153/05568 (20.71%) | loss: 2.735980 | lrm: 1.00 | dt: 5029.17ms | tok/sec: 208,498 | bf16_mfu: 50.34 | epoch: 1 pq: 26 rg: 74 | total time: 97.32m | eta: 375.9m
step 01154/05568 (20.73%) | loss: 2.739762 | lrm: 1.00 | dt: 5046.96ms | tok/sec: 207,763 | bf16_mfu: 50.16 | epoch: 1 pq: 26 rg: 76 | total time: 97.41m | eta: 375.8m
step 01155/05568 (20.74%) | loss: 2.735870 | lrm: 1.00 | dt: 5023.85ms | tok/sec: 208,719 | bf16_mfu: 50.39 | epoch: 1 pq: 26 rg: 78 | total time: 97.49m | eta: 375.7m
step 01156/05568 (20.76%) | loss: 2.745106 | lrm: 1.00 | dt: 5028.20ms | tok/sec: 208,539 | bf16_mfu: 50.34 | epoch: 1 pq: 26 rg: 80 | total time: 97.57m | eta: 375.6m
step 01157/05568 (20.78%) | loss: 2.746334 | lrm: 1.00 | dt: 5033.83ms | tok/sec: 208,305 | bf16_mfu: 50.29 | epoch: 1 pq: 26 rg: 82 | total time: 97.66m | eta: 375.6m
step 01158/05568 (20.80%) | loss: 2.741575 | lrm: 1.00 | dt: 5030.03ms | tok/sec: 208,463 | bf16_mfu: 50.33 | epoch: 1 pq: 27 rg: 0 | total time: 97.74m | eta: 375.5m
step 01159/05568 (20.82%) | loss: 2.728571 | lrm: 1.00 | dt: 5036.08ms | tok/sec: 208,212 | bf16_mfu: 50.27 | epoch: 1 pq: 27 rg: 2 | total time: 97.82m | eta: 375.4m
step 01160/05568 (20.83%) | loss: 2.731126 | lrm: 1.00 | dt: 5031.82ms | tok/sec: 208,389 | bf16_mfu: 50.31 | epoch: 1 pq: 27 rg: 4 | total time: 97.91m | eta: 375.3m
step 01161/05568 (20.85%) | loss: 2.731899 | lrm: 1.00 | dt: 5026.42ms | tok/sec: 208,612 | bf16_mfu: 50.36 | epoch: 1 pq: 27 rg: 6 | total time: 97.99m | eta: 375.2m
step 01162/05568 (20.87%) | loss: 2.738441 | lrm: 1.00 | dt: 5025.31ms | tok/sec: 208,659 | bf16_mfu: 50.37 | epoch: 1 pq: 27 rg: 8 | total time: 98.08m | eta: 375.1m
step 01163/05568 (20.89%) | loss: 2.754781 | lrm: 1.00 | dt: 5025.35ms | tok/sec: 208,657 | bf16_mfu: 50.37 | epoch: 1 pq: 27 rg: 10 | total time: 98.16m | eta: 375.0m
step 01164/05568 (20.91%) | loss: 2.739217 | lrm: 1.00 | dt: 5029.34ms | tok/sec: 208,491 | bf16_mfu: 50.33 | epoch: 1 pq: 27 rg: 12 | total time: 98.24m | eta: 374.9m
step 01165/05568 (20.92%) | loss: 2.737101 | lrm: 1.00 | dt: 5023.53ms | tok/sec: 208,733 | bf16_mfu: 50.39 | epoch: 1 pq: 27 rg: 12 | total time: 98.33m | eta: 374.8m
step 01166/05568 (20.94%) | loss: 2.737888 | lrm: 1.00 | dt: 5030.70ms | tok/sec: 208,435 | bf16_mfu: 50.32 | epoch: 1 pq: 27 rg: 14 | total time: 98.41m | eta: 374.7m
step 01167/05568 (20.96%) | loss: 2.750893 | lrm: 1.00 | dt: 5033.22ms | tok/sec: 208,331 | bf16_mfu: 50.29 | epoch: 1 pq: 27 rg: 16 | total time: 98.49m | eta: 374.7m
step 01168/05568 (20.98%) | loss: 2.744321 | lrm: 1.00 | dt: 5018.51ms | tok/sec: 208,941 | bf16_mfu: 50.44 | epoch: 1 pq: 27 rg: 18 | total time: 98.58m | eta: 374.6m
step 01169/05568 (20.99%) | loss: 2.758008 | lrm: 1.00 | dt: 5024.87ms | tok/sec: 208,677 | bf16_mfu: 50.38 | epoch: 1 pq: 27 rg: 20 | total time: 98.66m | eta: 374.5m
step 01170/05568 (21.01%) | loss: 2.760839 | lrm: 1.00 | dt: 5026.84ms | tok/sec: 208,595 | bf16_mfu: 50.36 | epoch: 1 pq: 27 rg: 22 | total time: 98.75m | eta: 374.4m
step 01171/05568 (21.03%) | loss: 2.767980 | lrm: 1.00 | dt: 5030.17ms | tok/sec: 208,457 | bf16_mfu: 50.33 | epoch: 1 pq: 27 rg: 24 | total time: 98.83m | eta: 374.3m
step 01172/05568 (21.05%) | loss: 2.768387 | lrm: 1.00 | dt: 5031.35ms | tok/sec: 208,408 | bf16_mfu: 50.31 | epoch: 1 pq: 27 rg: 26 | total time: 98.91m | eta: 374.2m
step 01173/05568 (21.07%) | loss: 2.759094 | lrm: 1.00 | dt: 5024.05ms | tok/sec: 208,711 | bf16_mfu: 50.39 | epoch: 1 pq: 27 rg: 28 | total time: 99.00m | eta: 374.1m
step 01174/05568 (21.08%) | loss: 2.749406 | lrm: 1.00 | dt: 5033.15ms | tok/sec: 208,333 | bf16_mfu: 50.30 | epoch: 1 pq: 27 rg: 30 | total time: 99.08m | eta: 374.0m
step 01175/05568 (21.10%) | loss: 2.755509 | lrm: 1.00 | dt: 5144.85ms | tok/sec: 203,810 | bf16_mfu: 49.20 | epoch: 1 pq: 27 rg: 32 | total time: 99.17m | eta: 373.9m
step 01176/05568 (21.12%) | loss: 2.739596 | lrm: 1.00 | dt: 5036.35ms | tok/sec: 208,201 | bf16_mfu: 50.26 | epoch: 1 pq: 27 rg: 34 | total time: 99.25m | eta: 373.9m
step 01177/05568 (21.14%) | loss: 2.736034 | lrm: 1.00 | dt: 5035.70ms | tok/sec: 208,228 | bf16_mfu: 50.27 | epoch: 1 pq: 27 rg: 36 | total time: 99.33m | eta: 373.8m
step 01178/05568 (21.16%) | loss: 2.720583 | lrm: 1.00 | dt: 5027.33ms | tok/sec: 208,575 | bf16_mfu: 50.35 | epoch: 1 pq: 27 rg: 38 | total time: 99.42m | eta: 373.7m
step 01179/05568 (21.17%) | loss: 2.711238 | lrm: 1.00 | dt: 5020.47ms | tok/sec: 208,860 | bf16_mfu: 50.42 | epoch: 1 pq: 27 rg: 40 | total time: 99.50m | eta: 373.6m
step 01180/05568 (21.19%) | loss: 2.733448 | lrm: 1.00 | dt: 5030.28ms | tok/sec: 208,452 | bf16_mfu: 50.32 | epoch: 1 pq: 27 rg: 42 | total time: 99.59m | eta: 373.5m
step 01181/05568 (21.21%) | loss: 2.742875 | lrm: 1.00 | dt: 5029.83ms | tok/sec: 208,471 | bf16_mfu: 50.33 | epoch: 1 pq: 27 rg: 44 | total time: 99.67m | eta: 373.4m
step 01182/05568 (21.23%) | loss: 2.758682 | lrm: 1.00 | dt: 5022.21ms | tok/sec: 208,787 | bf16_mfu: 50.40 | epoch: 1 pq: 27 rg: 46 | total time: 99.75m | eta: 373.3m
step 01183/05568 (21.25%) | loss: 2.763475 | lrm: 1.00 | dt: 5032.19ms | tok/sec: 208,373 | bf16_mfu: 50.30 | epoch: 1 pq: 27 rg: 48 | total time: 99.84m | eta: 373.2m
step 01184/05568 (21.26%) | loss: 2.757277 | lrm: 1.00 | dt: 5028.54ms | tok/sec: 208,524 | bf16_mfu: 50.34 | epoch: 1 pq: 27 rg: 50 | total time: 99.92m | eta: 373.1m
step 01185/05568 (21.28%) | loss: 2.762057 | lrm: 1.00 | dt: 5028.28ms | tok/sec: 208,535 | bf16_mfu: 50.34 | epoch: 1 pq: 27 rg: 52 | total time: 100.01m | eta: 373.0m
step 01186/05568 (21.30%) | loss: 2.765827 | lrm: 1.00 | dt: 5031.27ms | tok/sec: 208,411 | bf16_mfu: 50.31 | epoch: 1 pq: 27 rg: 54 | total time: 100.09m | eta: 373.0m
step 01187/05568 (21.32%) | loss: 2.773980 | lrm: 1.00 | dt: 5035.56ms | tok/sec: 208,234 | bf16_mfu: 50.27 | epoch: 1 pq: 27 rg: 56 | total time: 100.17m | eta: 372.9m
step 01188/05568 (21.34%) | loss: 2.774512 | lrm: 1.00 | dt: 5038.88ms | tok/sec: 208,096 | bf16_mfu: 50.24 | epoch: 1 pq: 27 rg: 58 | total time: 100.26m | eta: 372.8m
step 01189/05568 (21.35%) | loss: 2.753099 | lrm: 1.00 | dt: 5049.80ms | tok/sec: 207,647 | bf16_mfu: 50.13 | epoch: 1 pq: 27 rg: 60 | total time: 100.34m | eta: 372.7m
step 01190/05568 (21.37%) | loss: 2.755998 | lrm: 1.00 | dt: 5047.63ms | tok/sec: 207,736 | bf16_mfu: 50.15 | epoch: 1 pq: 27 rg: 60 | total time: 100.43m | eta: 372.6m
step 01191/05568 (21.39%) | loss: 2.769341 | lrm: 1.00 | dt: 5051.83ms | tok/sec: 207,563 | bf16_mfu: 50.11 | epoch: 1 pq: 27 rg: 62 | total time: 100.51m | eta: 372.5m
step 01192/05568 (21.41%) | loss: 2.778932 | lrm: 1.00 | dt: 5056.71ms | tok/sec: 207,363 | bf16_mfu: 50.06 | epoch: 1 pq: 27 rg: 64 | total time: 100.59m | eta: 372.4m
step 01193/05568 (21.43%) | loss: 2.765212 | lrm: 1.00 | dt: 5076.42ms | tok/sec: 206,558 | bf16_mfu: 49.87 | epoch: 1 pq: 27 rg: 66 | total time: 100.68m | eta: 372.3m
step 01194/05568 (21.44%) | loss: 2.758020 | lrm: 1.00 | dt: 5072.76ms | tok/sec: 206,707 | bf16_mfu: 49.90 | epoch: 1 pq: 27 rg: 68 | total time: 100.76m | eta: 372.2m
step 01195/05568 (21.46%) | loss: 2.745982 | lrm: 1.00 | dt: 5083.27ms | tok/sec: 206,279 | bf16_mfu: 49.80 | epoch: 1 pq: 27 rg: 70 | total time: 100.85m | eta: 372.2m
step 01196/05568 (21.48%) | loss: 2.746126 | lrm: 1.00 | dt: 5082.72ms | tok/sec: 206,302 | bf16_mfu: 49.80 | epoch: 1 pq: 27 rg: 72 | total time: 100.93m | eta: 372.1m
step 01197/05568 (21.50%) | loss: 2.746961 | lrm: 1.00 | dt: 5082.67ms | tok/sec: 206,304 | bf16_mfu: 49.81 | epoch: 1 pq: 27 rg: 74 | total time: 101.02m | eta: 372.0m
step 01198/05568 (21.52%) | loss: 2.759993 | lrm: 1.00 | dt: 5082.05ms | tok/sec: 206,329 | bf16_mfu: 49.81 | epoch: 1 pq: 27 rg: 76 | total time: 101.10m | eta: 371.9m
step 01199/05568 (21.53%) | loss: 2.761457 | lrm: 1.00 | dt: 5090.12ms | tok/sec: 206,002 | bf16_mfu: 49.73 | epoch: 1 pq: 27 rg: 78 | total time: 101.19m | eta: 371.8m
step 01200/05568 (21.55%) | loss: 2.759791 | lrm: 1.00 | dt: 5002.48ms | tok/sec: 209,611 | bf16_mfu: 50.60 | epoch: 1 pq: 27 rg: 80 | total time: 101.27m | eta: 371.7m
step 01201/05568 (21.57%) | loss: 2.741266 | lrm: 1.00 | dt: 5063.06ms | tok/sec: 207,103 | bf16_mfu: 50.00 | epoch: 1 pq: 28 rg: 0 | total time: 101.35m | eta: 371.6m
step 01202/05568 (21.59%) | loss: 2.740535 | lrm: 1.00 | dt: 5079.42ms | tok/sec: 206,436 | bf16_mfu: 49.84 | epoch: 1 pq: 28 rg: 2 | total time: 101.44m | eta: 371.5m
step 01203/05568 (21.61%) | loss: 2.731461 | lrm: 1.00 | dt: 5188.10ms | tok/sec: 202,111 | bf16_mfu: 48.79 | epoch: 1 pq: 28 rg: 4 | total time: 101.53m | eta: 371.5m
step 01204/05568 (21.62%) | loss: 2.727320 | lrm: 1.00 | dt: 5080.70ms | tok/sec: 206,383 | bf16_mfu: 49.82 | epoch: 1 pq: 28 rg: 6 | total time: 101.61m | eta: 371.4m
step 01205/05568 (21.64%) | loss: 2.723315 | lrm: 1.00 | dt: 5089.93ms | tok/sec: 206,009 | bf16_mfu: 49.73 | epoch: 1 pq: 28 rg: 8 | total time: 101.70m | eta: 371.3m
step 01206/05568 (21.66%) | loss: 2.725141 | lrm: 1.00 | dt: 5098.16ms | tok/sec: 205,677 | bf16_mfu: 49.65 | epoch: 1 pq: 28 rg: 10 | total time: 101.78m | eta: 371.2m
step 01207/05568 (21.68%) | loss: 2.738702 | lrm: 1.00 | dt: 5087.29ms | tok/sec: 206,116 | bf16_mfu: 49.76 | epoch: 1 pq: 28 rg: 12 | total time: 101.86m | eta: 371.1m
step 01208/05568 (21.70%) | loss: 2.737629 | lrm: 1.00 | dt: 5083.13ms | tok/sec: 206,285 | bf16_mfu: 49.80 | epoch: 1 pq: 28 rg: 14 | total time: 101.95m | eta: 371.0m
step 01209/05568 (21.71%) | loss: 2.754340 | lrm: 1.00 | dt: 5082.85ms | tok/sec: 206,296 | bf16_mfu: 49.80 | epoch: 1 pq: 28 rg: 16 | total time: 102.03m | eta: 370.9m
step 01210/05568 (21.73%) | loss: 2.759021 | lrm: 1.00 | dt: 5083.71ms | tok/sec: 206,261 | bf16_mfu: 49.80 | epoch: 1 pq: 28 rg: 18 | total time: 102.12m | eta: 370.9m
step 01211/05568 (21.75%) | loss: 2.767271 | lrm: 1.00 | dt: 5081.67ms | tok/sec: 206,344 | bf16_mfu: 49.82 | epoch: 1 pq: 28 rg: 20 | total time: 102.20m | eta: 370.8m
step 01212/05568 (21.77%) | loss: 2.761429 | lrm: 1.00 | dt: 5086.47ms | tok/sec: 206,150 | bf16_mfu: 49.77 | epoch: 1 pq: 28 rg: 22 | total time: 102.29m | eta: 370.7m
step 01213/05568 (21.79%) | loss: 2.766817 | lrm: 1.00 | dt: 5649.55ms | tok/sec: 185,603 | bf16_mfu: 44.81 | epoch: 1 pq: 28 rg: 24 | total time: 102.38m | eta: 370.6m
step 01214/05568 (21.80%) | loss: 2.763970 | lrm: 1.00 | dt: 5060.11ms | tok/sec: 207,224 | bf16_mfu: 50.03 | epoch: 1 pq: 28 rg: 26 | total time: 102.47m | eta: 370.5m
step 01215/05568 (21.82%) | loss: 2.758322 | lrm: 1.00 | dt: 5075.76ms | tok/sec: 206,584 | bf16_mfu: 49.87 | epoch: 1 pq: 28 rg: 28 | total time: 102.55m | eta: 370.5m
step 01216/05568 (21.84%) | loss: 2.749410 | lrm: 1.00 | dt: 5419.19ms | tok/sec: 193,493 | bf16_mfu: 46.71 | epoch: 1 pq: 28 rg: 30 | total time: 102.64m | eta: 370.4m
step 01217/05568 (21.86%) | loss: 2.743374 | lrm: 1.00 | dt: 5060.87ms | tok/sec: 207,192 | bf16_mfu: 50.02 | epoch: 1 pq: 28 rg: 32 | total time: 102.73m | eta: 370.3m
step 01218/05568 (21.88%) | loss: 2.751131 | lrm: 1.00 | dt: 5065.51ms | tok/sec: 207,003 | bf16_mfu: 49.97 | epoch: 1 pq: 28 rg: 34 | total time: 102.81m | eta: 370.2m
step 01219/05568 (21.89%) | loss: 2.761177 | lrm: 1.00 | dt: 5083.21ms | tok/sec: 206,282 | bf16_mfu: 49.80 | epoch: 1 pq: 28 rg: 36 | total time: 102.90m | eta: 370.1m
step 01220/05568 (21.91%) | loss: 2.749794 | lrm: 1.00 | dt: 5075.64ms | tok/sec: 206,589 | bf16_mfu: 49.87 | epoch: 1 pq: 28 rg: 38 | total time: 102.98m | eta: 370.0m
step 01221/05568 (21.93%) | loss: 2.743189 | lrm: 1.00 | dt: 5067.46ms | tok/sec: 206,923 | bf16_mfu: 49.95 | epoch: 1 pq: 28 rg: 40 | total time: 103.06m | eta: 370.0m
step 01222/05568 (21.95%) | loss: 2.743385 | lrm: 1.00 | dt: 5080.48ms | tok/sec: 206,393 | bf16_mfu: 49.83 | epoch: 1 pq: 28 rg: 40 | total time: 103.15m | eta: 369.9m
step 01223/05568 (21.96%) | loss: 2.750937 | lrm: 1.00 | dt: 5071.58ms | tok/sec: 206,755 | bf16_mfu: 49.91 | epoch: 1 pq: 28 rg: 42 | total time: 103.23m | eta: 369.8m
step 01224/05568 (21.98%) | loss: 2.741305 | lrm: 1.00 | dt: 5069.00ms | tok/sec: 206,860 | bf16_mfu: 49.94 | epoch: 1 pq: 28 rg: 44 | total time: 103.32m | eta: 369.7m
step 01225/05568 (22.00%) | loss: 2.736796 | lrm: 1.00 | dt: 5073.87ms | tok/sec: 206,661 | bf16_mfu: 49.89 | epoch: 1 pq: 28 rg: 46 | total time: 103.40m | eta: 369.6m
step 01226/05568 (22.02%) | loss: 2.721057 | lrm: 1.00 | dt: 5085.16ms | tok/sec: 206,203 | bf16_mfu: 49.78 | epoch: 1 pq: 28 rg: 48 | total time: 103.49m | eta: 369.5m
step 01227/05568 (22.04%) | loss: 2.734654 | lrm: 1.00 | dt: 5059.15ms | tok/sec: 207,263 | bf16_mfu: 50.04 | epoch: 1 pq: 28 rg: 50 | total time: 103.57m | eta: 369.4m
step 01228/05568 (22.05%) | loss: 2.732575 | lrm: 1.00 | dt: 5066.33ms | tok/sec: 206,969 | bf16_mfu: 49.97 | epoch: 1 pq: 28 rg: 52 | total time: 103.66m | eta: 369.3m
step 01229/05568 (22.07%) | loss: 2.734479 | lrm: 1.00 | dt: 5074.75ms | tok/sec: 206,626 | bf16_mfu: 49.88 | epoch: 1 pq: 28 rg: 54 | total time: 103.74m | eta: 369.3m
step 01230/05568 (22.09%) | loss: 2.744427 | lrm: 1.00 | dt: 5078.32ms | tok/sec: 206,480 | bf16_mfu: 49.85 | epoch: 1 pq: 28 rg: 56 | total time: 103.83m | eta: 369.2m
step 01231/05568 (22.11%) | loss: 2.738567 | lrm: 1.00 | dt: 5066.40ms | tok/sec: 206,966 | bf16_mfu: 49.97 | epoch: 1 pq: 28 rg: 58 | total time: 103.91m | eta: 369.1m
step 01232/05568 (22.13%) | loss: 2.719473 | lrm: 1.00 | dt: 5057.94ms | tok/sec: 207,312 | bf16_mfu: 50.05 | epoch: 1 pq: 28 rg: 60 | total time: 103.99m | eta: 369.0m
step 01233/05568 (22.14%) | loss: 2.702385 | lrm: 1.00 | dt: 5052.91ms | tok/sec: 207,519 | bf16_mfu: 50.10 | epoch: 1 pq: 28 rg: 62 | total time: 104.08m | eta: 368.9m
step 01234/05568 (22.16%) | loss: 2.698536 | lrm: 1.00 | dt: 5056.65ms | tok/sec: 207,365 | bf16_mfu: 50.06 | epoch: 1 pq: 28 rg: 64 | total time: 104.16m | eta: 368.8m
step 01235/05568 (22.18%) | loss: 2.704511 | lrm: 1.00 | dt: 5059.65ms | tok/sec: 207,242 | bf16_mfu: 50.03 | epoch: 1 pq: 28 rg: 66 | total time: 104.25m | eta: 368.7m
step 01236/05568 (22.20%) | loss: 2.708815 | lrm: 1.00 | dt: 5057.26ms | tok/sec: 207,340 | bf16_mfu: 50.06 | epoch: 1 pq: 28 rg: 68 | total time: 104.33m | eta: 368.6m
step 01237/05568 (22.22%) | loss: 2.723578 | lrm: 1.00 | dt: 5064.83ms | tok/sec: 207,031 | bf16_mfu: 49.98 | epoch: 1 pq: 28 rg: 70 | total time: 104.42m | eta: 368.6m
step 01238/05568 (22.23%) | loss: 2.719605 | lrm: 1.00 | dt: 5061.08ms | tok/sec: 207,184 | bf16_mfu: 50.02 | epoch: 1 pq: 28 rg: 72 | total time: 104.50m | eta: 368.5m
step 01239/05568 (22.25%) | loss: 2.727503 | lrm: 1.00 | dt: 5054.88ms | tok/sec: 207,438 | bf16_mfu: 50.08 | epoch: 1 pq: 28 rg: 74 | total time: 104.58m | eta: 368.4m
step 01240/05568 (22.27%) | loss: 2.726578 | lrm: 1.00 | dt: 5063.14ms | tok/sec: 207,099 | bf16_mfu: 50.00 | epoch: 1 pq: 28 rg: 76 | total time: 104.67m | eta: 368.3m
step 01241/05568 (22.29%) | loss: 2.719339 | lrm: 1.00 | dt: 5065.06ms | tok/sec: 207,021 | bf16_mfu: 49.98 | epoch: 1 pq: 28 rg: 78 | total time: 104.75m | eta: 368.2m
step 01242/05568 (22.31%) | loss: 2.707639 | lrm: 1.00 | dt: 5062.31ms | tok/sec: 207,133 | bf16_mfu: 50.01 | epoch: 1 pq: 28 rg: 80 | total time: 104.84m | eta: 368.1m
step 01243/05568 (22.32%) | loss: 2.715624 | lrm: 1.00 | dt: 5068.73ms | tok/sec: 206,871 | bf16_mfu: 49.94 | epoch: 1 pq: 28 rg: 82 | total time: 104.92m | eta: 368.0m
step 01244/05568 (22.34%) | loss: 2.715193 | lrm: 1.00 | dt: 5072.23ms | tok/sec: 206,728 | bf16_mfu: 49.91 | epoch: 1 pq: 29 rg: 0 | total time: 105.01m | eta: 367.9m
step 01245/05568 (22.36%) | loss: 2.715973 | lrm: 1.00 | dt: 5070.88ms | tok/sec: 206,783 | bf16_mfu: 49.92 | epoch: 1 pq: 29 rg: 2 | total time: 105.09m | eta: 367.9m
step 01246/05568 (22.38%) | loss: 2.725182 | lrm: 1.00 | dt: 5070.71ms | tok/sec: 206,790 | bf16_mfu: 49.92 | epoch: 1 pq: 29 rg: 4 | total time: 105.18m | eta: 367.8m
step 01247/05568 (22.40%) | loss: 2.723384 | lrm: 1.00 | dt: 5072.70ms | tok/sec: 206,709 | bf16_mfu: 49.90 | epoch: 1 pq: 29 rg: 6 | total time: 105.26m | eta: 367.7m
step 01248/05568 (22.41%) | loss: 2.747860 | lrm: 1.00 | dt: 5068.40ms | tok/sec: 206,885 | bf16_mfu: 49.95 | epoch: 1 pq: 29 rg: 8 | total time: 105.34m | eta: 367.6m
step 01249/05568 (22.43%) | loss: 2.752353 | lrm: 1.00 | dt: 5067.88ms | tok/sec: 206,906 | bf16_mfu: 49.95 | epoch: 1 pq: 29 rg: 10 | total time: 105.43m | eta: 367.5m
Step 01250 | Validation bpb: 0.833255
step 01250/05568 (22.45%) | loss: 2.739291 | lrm: 1.00 | dt: 5069.68ms | tok/sec: 206,832 | bf16_mfu: 49.93 | epoch: 1 pq: 29 rg: 10 | total time: 105.51m | eta: 367.4m
step 01251/05568 (22.47%) | loss: 2.751710 | lrm: 1.00 | dt: 5087.04ms | tok/sec: 206,126 | bf16_mfu: 49.76 | epoch: 1 pq: 29 rg: 12 | total time: 105.60m | eta: 367.3m
step 01252/05568 (22.49%) | loss: 2.763087 | lrm: 1.00 | dt: 5085.08ms | tok/sec: 206,206 | bf16_mfu: 49.78 | epoch: 1 pq: 29 rg: 14 | total time: 105.68m | eta: 367.3m
step 01253/05568 (22.50%) | loss: 2.753951 | lrm: 1.00 | dt: 5090.42ms | tok/sec: 205,990 | bf16_mfu: 49.73 | epoch: 1 pq: 29 rg: 16 | total time: 105.77m | eta: 367.2m
step 01254/05568 (22.52%) | loss: 2.736250 | lrm: 1.00 | dt: 5081.14ms | tok/sec: 206,366 | bf16_mfu: 49.82 | epoch: 1 pq: 29 rg: 18 | total time: 105.85m | eta: 367.1m
step 01255/05568 (22.54%) | loss: 2.732333 | lrm: 1.00 | dt: 5086.00ms | tok/sec: 206,168 | bf16_mfu: 49.77 | epoch: 1 pq: 29 rg: 20 | total time: 105.94m | eta: 367.0m
step 01256/05568 (22.56%) | loss: 2.730642 | lrm: 1.00 | dt: 5081.62ms | tok/sec: 206,346 | bf16_mfu: 49.82 | epoch: 1 pq: 29 rg: 22 | total time: 106.02m | eta: 366.9m
step 01257/05568 (22.58%) | loss: 2.717103 | lrm: 1.00 | dt: 5086.35ms | tok/sec: 206,154 | bf16_mfu: 49.77 | epoch: 1 pq: 29 rg: 24 | total time: 106.11m | eta: 366.8m
step 01258/05568 (22.59%) | loss: 2.731125 | lrm: 1.00 | dt: 5118.72ms | tok/sec: 204,851 | bf16_mfu: 49.45 | epoch: 1 pq: 29 rg: 26 | total time: 106.19m | eta: 366.7m
step 01259/05568 (22.61%) | loss: 2.736265 | lrm: 1.00 | dt: 5094.58ms | tok/sec: 205,821 | bf16_mfu: 49.69 | epoch: 1 pq: 29 rg: 28 | total time: 106.28m | eta: 366.7m
step 01260/05568 (22.63%) | loss: 2.731273 | lrm: 1.00 | dt: 5087.90ms | tok/sec: 206,092 | bf16_mfu: 49.75 | epoch: 1 pq: 29 rg: 30 | total time: 106.36m | eta: 366.6m
step 01261/05568 (22.65%) | loss: 2.736708 | lrm: 1.00 | dt: 5085.07ms | tok/sec: 206,206 | bf16_mfu: 49.78 | epoch: 1 pq: 29 rg: 32 | total time: 106.45m | eta: 366.5m
step 01262/05568 (22.67%) | loss: 2.732372 | lrm: 1.00 | dt: 5088.36ms | tok/sec: 206,073 | bf16_mfu: 49.75 | epoch: 1 pq: 29 rg: 34 | total time: 106.53m | eta: 366.4m
step 01263/05568 (22.68%) | loss: 2.740246 | lrm: 1.00 | dt: 5082.03ms | tok/sec: 206,330 | bf16_mfu: 49.81 | epoch: 1 pq: 29 rg: 36 | total time: 106.62m | eta: 366.3m
step 01264/05568 (22.70%) | loss: 2.744428 | lrm: 1.00 | dt: 5091.07ms | tok/sec: 205,963 | bf16_mfu: 49.72 | epoch: 1 pq: 29 rg: 38 | total time: 106.70m | eta: 366.2m
step 01265/05568 (22.72%) | loss: 2.745775 | lrm: 1.00 | dt: 5091.91ms | tok/sec: 205,929 | bf16_mfu: 49.71 | epoch: 1 pq: 29 rg: 40 | total time: 106.79m | eta: 366.1m
step 01266/05568 (22.74%) | loss: 2.755326 | lrm: 1.00 | dt: 5082.99ms | tok/sec: 206,291 | bf16_mfu: 49.80 | epoch: 1 pq: 29 rg: 42 | total time: 106.87m | eta: 366.0m
step 01267/05568 (22.76%) | loss: 2.744041 | lrm: 1.00 | dt: 5092.80ms | tok/sec: 205,893 | bf16_mfu: 49.71 | epoch: 1 pq: 29 rg: 44 | total time: 106.96m | eta: 366.0m
step 01268/05568 (22.77%) | loss: 2.718648 | lrm: 1.00 | dt: 5086.94ms | tok/sec: 206,131 | bf16_mfu: 49.76 | epoch: 1 pq: 29 rg: 46 | total time: 107.04m | eta: 365.9m
step 01269/05568 (22.79%) | loss: 2.711715 | lrm: 1.00 | dt: 5086.73ms | tok/sec: 206,139 | bf16_mfu: 49.77 | epoch: 1 pq: 29 rg: 48 | total time: 107.12m | eta: 365.8m
step 01270/05568 (22.81%) | loss: 2.698644 | lrm: 1.00 | dt: 5089.12ms | tok/sec: 206,042 | bf16_mfu: 49.74 | epoch: 1 pq: 29 rg: 50 | total time: 107.21m | eta: 365.7m
step 01271/05568 (22.83%) | loss: 2.687912 | lrm: 1.00 | dt: 5085.17ms | tok/sec: 206,202 | bf16_mfu: 49.78 | epoch: 1 pq: 29 rg: 52 | total time: 107.29m | eta: 365.6m
step 01272/05568 (22.84%) | loss: 2.684620 | lrm: 1.00 | dt: 5073.28ms | tok/sec: 206,685 | bf16_mfu: 49.90 | epoch: 1 pq: 29 rg: 54 | total time: 107.38m | eta: 365.5m
step 01273/05568 (22.86%) | loss: 2.685749 | lrm: 1.00 | dt: 5072.61ms | tok/sec: 206,713 | bf16_mfu: 49.90 | epoch: 1 pq: 29 rg: 56 | total time: 107.46m | eta: 365.4m
step 01274/05568 (22.88%) | loss: 2.687918 | lrm: 1.00 | dt: 5067.73ms | tok/sec: 206,912 | bf16_mfu: 49.95 | epoch: 1 pq: 29 rg: 58 | total time: 107.55m | eta: 365.4m
step 01275/05568 (22.90%) | loss: 2.690414 | lrm: 1.00 | dt: 5069.23ms | tok/sec: 206,851 | bf16_mfu: 49.94 | epoch: 1 pq: 29 rg: 60 | total time: 107.63m | eta: 365.3m
step 01276/05568 (22.92%) | loss: 2.687629 | lrm: 1.00 | dt: 5064.91ms | tok/sec: 207,027 | bf16_mfu: 49.98 | epoch: 1 pq: 29 rg: 62 | total time: 107.72m | eta: 365.2m
step 01277/05568 (22.93%) | loss: 2.692347 | lrm: 1.00 | dt: 5063.29ms | tok/sec: 207,093 | bf16_mfu: 50.00 | epoch: 1 pq: 29 rg: 64 | total time: 107.80m | eta: 365.1m
step 01278/05568 (22.95%) | loss: 2.686890 | lrm: 1.00 | dt: 5067.50ms | tok/sec: 206,921 | bf16_mfu: 49.95 | epoch: 1 pq: 29 rg: 66 | total time: 107.89m | eta: 365.0m
step 01279/05568 (22.97%) | loss: 2.679703 | lrm: 1.00 | dt: 5060.81ms | tok/sec: 207,195 | bf16_mfu: 50.02 | epoch: 1 pq: 29 rg: 68 | total time: 107.97m | eta: 364.9m
step 01280/05568 (22.99%) | loss: 2.676141 | lrm: 1.00 | dt: 5063.87ms | tok/sec: 207,069 | bf16_mfu: 49.99 | epoch: 1 pq: 29 rg: 68 | total time: 108.05m | eta: 364.8m
step 01281/05568 (23.01%) | loss: 2.680351 | lrm: 1.00 | dt: 5059.81ms | tok/sec: 207,236 | bf16_mfu: 50.03 | epoch: 1 pq: 29 rg: 70 | total time: 108.14m | eta: 364.7m
step 01282/05568 (23.02%) | loss: 2.689565 | lrm: 1.00 | dt: 5059.99ms | tok/sec: 207,228 | bf16_mfu: 50.03 | epoch: 1 pq: 29 rg: 72 | total time: 108.22m | eta: 364.7m
step 01283/05568 (23.04%) | loss: 2.688838 | lrm: 1.00 | dt: 5057.99ms | tok/sec: 207,310 | bf16_mfu: 50.05 | epoch: 1 pq: 29 rg: 74 | total time: 108.31m | eta: 364.6m
step 01284/05568 (23.06%) | loss: 2.692680 | lrm: 1.00 | dt: 5054.88ms | tok/sec: 207,438 | bf16_mfu: 50.08 | epoch: 1 pq: 29 rg: 76 | total time: 108.39m | eta: 364.5m
step 01285/05568 (23.08%) | loss: 2.698393 | lrm: 1.00 | dt: 5060.37ms | tok/sec: 207,213 | bf16_mfu: 50.02 | epoch: 1 pq: 29 rg: 78 | total time: 108.48m | eta: 364.4m
step 01286/05568 (23.10%) | loss: 2.709126 | lrm: 1.00 | dt: 5052.94ms | tok/sec: 207,517 | bf16_mfu: 50.10 | epoch: 1 pq: 29 rg: 80 | total time: 108.56m | eta: 364.3m
step 01287/05568 (23.11%) | loss: 2.709084 | lrm: 1.00 | dt: 5060.96ms | tok/sec: 207,188 | bf16_mfu: 50.02 | epoch: 1 pq: 30 rg: 0 | total time: 108.64m | eta: 364.2m
step 01288/05568 (23.13%) | loss: 2.710905 | lrm: 1.00 | dt: 5056.01ms | tok/sec: 207,391 | bf16_mfu: 50.07 | epoch: 1 pq: 30 rg: 2 | total time: 108.73m | eta: 364.1m
step 01289/05568 (23.15%) | loss: 2.701962 | lrm: 1.00 | dt: 5045.31ms | tok/sec: 207,831 | bf16_mfu: 50.17 | epoch: 1 pq: 30 rg: 4 | total time: 108.81m | eta: 364.0m
step 01290/05568 (23.17%) | loss: 2.694646 | lrm: 1.00 | dt: 5056.41ms | tok/sec: 207,375 | bf16_mfu: 50.06 | epoch: 1 pq: 30 rg: 6 | total time: 108.90m | eta: 364.0m
step 01291/05568 (23.19%) | loss: 2.705240 | lrm: 1.00 | dt: 5046.00ms | tok/sec: 207,803 | bf16_mfu: 50.17 | epoch: 1 pq: 30 rg: 8 | total time: 108.98m | eta: 363.9m
step 01292/05568 (23.20%) | loss: 2.696159 | lrm: 1.00 | dt: 5046.34ms | tok/sec: 207,789 | bf16_mfu: 50.16 | epoch: 1 pq: 30 rg: 10 | total time: 109.07m | eta: 363.8m
step 01293/05568 (23.22%) | loss: 2.713615 | lrm: 1.00 | dt: 5053.22ms | tok/sec: 207,506 | bf16_mfu: 50.10 | epoch: 1 pq: 30 rg: 12 | total time: 109.15m | eta: 363.7m
step 01294/05568 (23.24%) | loss: 2.713774 | lrm: 1.00 | dt: 5046.42ms | tok/sec: 207,785 | bf16_mfu: 50.16 | epoch: 1 pq: 30 rg: 14 | total time: 109.23m | eta: 363.6m
step 01295/05568 (23.26%) | loss: 2.727447 | lrm: 1.00 | dt: 5054.00ms | tok/sec: 207,474 | bf16_mfu: 50.09 | epoch: 1 pq: 30 rg: 16 | total time: 109.32m | eta: 363.5m
step 01296/05568 (23.28%) | loss: 2.721161 | lrm: 1.00 | dt: 5054.37ms | tok/sec: 207,459 | bf16_mfu: 50.08 | epoch: 1 pq: 30 rg: 18 | total time: 109.40m | eta: 363.4m
step 01297/05568 (23.29%) | loss: 2.716086 | lrm: 1.00 | dt: 5047.91ms | tok/sec: 207,724 | bf16_mfu: 50.15 | epoch: 1 pq: 30 rg: 20 | total time: 109.49m | eta: 363.3m
step 01298/05568 (23.31%) | loss: 2.724232 | lrm: 1.00 | dt: 5045.75ms | tok/sec: 207,813 | bf16_mfu: 50.17 | epoch: 1 pq: 30 rg: 22 | total time: 109.57m | eta: 363.2m
step 01299/05568 (23.33%) | loss: 2.724093 | lrm: 1.00 | dt: 5045.65ms | tok/sec: 207,817 | bf16_mfu: 50.17 | epoch: 1 pq: 30 rg: 24 | total time: 109.65m | eta: 363.2m
step 01300/05568 (23.35%) | loss: 2.717202 | lrm: 1.00 | dt: 5045.04ms | tok/sec: 207,842 | bf16_mfu: 50.18 | epoch: 1 pq: 30 rg: 26 | total time: 109.74m | eta: 363.1m
step 01301/05568 (23.37%) | loss: 2.727286 | lrm: 1.00 | dt: 5049.19ms | tok/sec: 207,672 | bf16_mfu: 50.14 | epoch: 1 pq: 30 rg: 28 | total time: 109.82m | eta: 363.0m
step 01302/05568 (23.38%) | loss: 2.732881 | lrm: 1.00 | dt: 5042.96ms | tok/sec: 207,928 | bf16_mfu: 50.20 | epoch: 1 pq: 30 rg: 30 | total time: 109.91m | eta: 362.9m
step 01303/05568 (23.40%) | loss: 2.708002 | lrm: 1.00 | dt: 5050.39ms | tok/sec: 207,622 | bf16_mfu: 50.12 | epoch: 1 pq: 30 rg: 32 | total time: 109.99m | eta: 362.8m
step 01304/05568 (23.42%) | loss: 2.719126 | lrm: 1.00 | dt: 5054.57ms | tok/sec: 207,451 | bf16_mfu: 50.08 | epoch: 1 pq: 30 rg: 34 | total time: 110.08m | eta: 362.7m
step 01305/05568 (23.44%) | loss: 2.713375 | lrm: 1.00 | dt: 5054.37ms | tok/sec: 207,459 | bf16_mfu: 50.08 | epoch: 1 pq: 30 rg: 36 | total time: 110.16m | eta: 362.6m
step 01306/05568 (23.46%) | loss: 2.710552 | lrm: 1.00 | dt: 5134.36ms | tok/sec: 204,227 | bf16_mfu: 49.30 | epoch: 1 pq: 30 rg: 38 | total time: 110.25m | eta: 362.5m
step 01307/05568 (23.47%) | loss: 2.723863 | lrm: 1.00 | dt: 5035.43ms | tok/sec: 208,239 | bf16_mfu: 50.27 | epoch: 1 pq: 30 rg: 40 | total time: 110.33m | eta: 362.5m
step 01308/05568 (23.49%) | loss: 2.704513 | lrm: 1.00 | dt: 5035.64ms | tok/sec: 208,230 | bf16_mfu: 50.27 | epoch: 1 pq: 30 rg: 42 | total time: 110.41m | eta: 362.4m
step 01309/05568 (23.51%) | loss: 2.715936 | lrm: 1.00 | dt: 5038.35ms | tok/sec: 208,118 | bf16_mfu: 50.24 | epoch: 1 pq: 30 rg: 44 | total time: 110.50m | eta: 362.3m
step 01310/05568 (23.53%) | loss: 2.724501 | lrm: 1.00 | dt: 5041.26ms | tok/sec: 207,998 | bf16_mfu: 50.21 | epoch: 1 pq: 30 rg: 46 | total time: 110.58m | eta: 362.2m
step 01311/05568 (23.55%) | loss: 2.712393 | lrm: 1.00 | dt: 5039.80ms | tok/sec: 208,059 | bf16_mfu: 50.23 | epoch: 1 pq: 30 rg: 48 | total time: 110.66m | eta: 362.1m
step 01312/05568 (23.56%) | loss: 2.721122 | lrm: 1.00 | dt: 5037.37ms | tok/sec: 208,159 | bf16_mfu: 50.25 | epoch: 1 pq: 30 rg: 50 | total time: 110.75m | eta: 362.0m
step 01313/05568 (23.58%) | loss: 2.700165 | lrm: 1.00 | dt: 5032.84ms | tok/sec: 208,346 | bf16_mfu: 50.30 | epoch: 1 pq: 30 rg: 52 | total time: 110.83m | eta: 361.9m
step 01314/05568 (23.60%) | loss: 2.688001 | lrm: 1.00 | dt: 5022.21ms | tok/sec: 208,787 | bf16_mfu: 50.40 | epoch: 1 pq: 30 rg: 54 | total time: 110.92m | eta: 361.8m
step 01315/05568 (23.62%) | loss: 2.696069 | lrm: 1.00 | dt: 5033.71ms | tok/sec: 208,310 | bf16_mfu: 50.29 | epoch: 1 pq: 30 rg: 56 | total time: 111.00m | eta: 361.8m
step 01316/05568 (23.64%) | loss: 2.709621 | lrm: 1.00 | dt: 5029.85ms | tok/sec: 208,470 | bf16_mfu: 50.33 | epoch: 1 pq: 30 rg: 56 | total time: 111.08m | eta: 361.7m
step 01317/05568 (23.65%) | loss: 2.698849 | lrm: 1.00 | dt: 5032.57ms | tok/sec: 208,357 | bf16_mfu: 50.30 | epoch: 1 pq: 30 rg: 58 | total time: 111.17m | eta: 361.6m
step 01318/05568 (23.67%) | loss: 2.689792 | lrm: 1.00 | dt: 5036.85ms | tok/sec: 208,180 | bf16_mfu: 50.26 | epoch: 1 pq: 30 rg: 60 | total time: 111.25m | eta: 361.5m
step 01319/05568 (23.69%) | loss: 2.683138 | lrm: 1.00 | dt: 5033.36ms | tok/sec: 208,325 | bf16_mfu: 50.29 | epoch: 1 pq: 30 rg: 62 | total time: 111.34m | eta: 361.4m
step 01320/05568 (23.71%) | loss: 2.698911 | lrm: 1.00 | dt: 5037.40ms | tok/sec: 208,158 | bf16_mfu: 50.25 | epoch: 1 pq: 30 rg: 64 | total time: 111.42m | eta: 361.3m
step 01321/05568 (23.72%) | loss: 2.708796 | lrm: 1.00 | dt: 5134.14ms | tok/sec: 204,235 | bf16_mfu: 49.31 | epoch: 1 pq: 30 rg: 66 | total time: 111.51m | eta: 361.2m
step 01322/05568 (23.74%) | loss: 2.705333 | lrm: 1.00 | dt: 5013.32ms | tok/sec: 209,157 | bf16_mfu: 50.49 | epoch: 1 pq: 30 rg: 68 | total time: 111.59m | eta: 361.1m
step 01323/05568 (23.76%) | loss: 2.693634 | lrm: 1.00 | dt: 5032.47ms | tok/sec: 208,361 | bf16_mfu: 50.30 | epoch: 1 pq: 30 rg: 70 | total time: 111.67m | eta: 361.0m
step 01324/05568 (23.78%) | loss: 2.696152 | lrm: 1.00 | dt: 5038.16ms | tok/sec: 208,126 | bf16_mfu: 50.25 | epoch: 1 pq: 30 rg: 72 | total time: 111.76m | eta: 361.0m
step 01325/05568 (23.80%) | loss: 2.693653 | lrm: 1.00 | dt: 5031.53ms | tok/sec: 208,400 | bf16_mfu: 50.31 | epoch: 1 pq: 30 rg: 74 | total time: 111.84m | eta: 360.9m
step 01326/05568 (23.81%) | loss: 2.699136 | lrm: 1.00 | dt: 5037.99ms | tok/sec: 208,133 | bf16_mfu: 50.25 | epoch: 1 pq: 30 rg: 76 | total time: 111.92m | eta: 360.8m
step 01327/05568 (23.83%) | loss: 2.690919 | lrm: 1.00 | dt: 5032.95ms | tok/sec: 208,342 | bf16_mfu: 50.30 | epoch: 1 pq: 30 rg: 78 | total time: 112.01m | eta: 360.7m
step 01328/05568 (23.85%) | loss: 2.709134 | lrm: 1.00 | dt: 5034.67ms | tok/sec: 208,270 | bf16_mfu: 50.28 | epoch: 1 pq: 30 rg: 80 | total time: 112.09m | eta: 360.6m
step 01329/05568 (23.87%) | loss: 2.708907 | lrm: 1.00 | dt: 5039.63ms | tok/sec: 208,065 | bf16_mfu: 50.23 | epoch: 1 pq: 30 rg: 82 | total time: 112.18m | eta: 360.5m
step 01330/05568 (23.89%) | loss: 2.717620 | lrm: 1.00 | dt: 5046.87ms | tok/sec: 207,767 | bf16_mfu: 50.16 | epoch: 1 pq: 31 rg: 0 | total time: 112.26m | eta: 360.4m
step 01331/05568 (23.90%) | loss: 2.713653 | lrm: 1.00 | dt: 5026.90ms | tok/sec: 208,593 | bf16_mfu: 50.36 | epoch: 1 pq: 31 rg: 2 | total time: 112.34m | eta: 360.3m
step 01332/05568 (23.92%) | loss: 2.723688 | lrm: 1.00 | dt: 5037.16ms | tok/sec: 208,168 | bf16_mfu: 50.26 | epoch: 1 pq: 31 rg: 4 | total time: 112.43m | eta: 360.2m
step 01333/05568 (23.94%) | loss: 2.714223 | lrm: 1.00 | dt: 5033.46ms | tok/sec: 208,321 | bf16_mfu: 50.29 | epoch: 1 pq: 31 rg: 6 | total time: 112.51m | eta: 360.2m
step 01334/05568 (23.96%) | loss: 2.712103 | lrm: 1.00 | dt: 5022.33ms | tok/sec: 208,782 | bf16_mfu: 50.40 | epoch: 1 pq: 31 rg: 8 | total time: 112.60m | eta: 360.1m
step 01335/05568 (23.98%) | loss: 2.729958 | lrm: 1.00 | dt: 5032.90ms | tok/sec: 208,344 | bf16_mfu: 50.30 | epoch: 1 pq: 31 rg: 10 | total time: 112.68m | eta: 360.0m
step 01336/05568 (23.99%) | loss: 2.741080 | lrm: 1.00 | dt: 5029.14ms | tok/sec: 208,500 | bf16_mfu: 50.34 | epoch: 1 pq: 31 rg: 12 | total time: 112.76m | eta: 359.9m
step 01337/05568 (24.01%) | loss: 2.732194 | lrm: 1.00 | dt: 5032.17ms | tok/sec: 208,374 | bf16_mfu: 50.31 | epoch: 1 pq: 31 rg: 14 | total time: 112.85m | eta: 359.8m
step 01338/05568 (24.03%) | loss: 2.739664 | lrm: 1.00 | dt: 5039.12ms | tok/sec: 208,087 | bf16_mfu: 50.24 | epoch: 1 pq: 31 rg: 16 | total time: 112.93m | eta: 359.7m
step 01339/05568 (24.05%) | loss: 2.741277 | lrm: 1.00 | dt: 5036.68ms | tok/sec: 208,188 | bf16_mfu: 50.26 | epoch: 1 pq: 31 rg: 18 | total time: 113.02m | eta: 359.6m
step 01340/05568 (24.07%) | loss: 2.741107 | lrm: 1.00 | dt: 5052.97ms | tok/sec: 207,516 | bf16_mfu: 50.10 | epoch: 1 pq: 31 rg: 20 | total time: 113.10m | eta: 359.5m
step 01341/05568 (24.08%) | loss: 2.751869 | lrm: 1.00 | dt: 5049.15ms | tok/sec: 207,673 | bf16_mfu: 50.14 | epoch: 1 pq: 31 rg: 22 | total time: 113.18m | eta: 359.4m
step 01342/05568 (24.10%) | loss: 2.744724 | lrm: 1.00 | dt: 5054.50ms | tok/sec: 207,453 | bf16_mfu: 50.08 | epoch: 1 pq: 31 rg: 22 | total time: 113.27m | eta: 359.4m
step 01343/05568 (24.12%) | loss: 2.748383 | lrm: 1.00 | dt: 5052.42ms | tok/sec: 207,539 | bf16_mfu: 50.10 | epoch: 1 pq: 31 rg: 24 | total time: 113.35m | eta: 359.3m
step 01344/05568 (24.14%) | loss: 2.744164 | lrm: 1.00 | dt: 5064.53ms | tok/sec: 207,043 | bf16_mfu: 49.98 | epoch: 1 pq: 31 rg: 26 | total time: 113.44m | eta: 359.2m
step 01345/05568 (24.16%) | loss: 2.724754 | lrm: 1.00 | dt: 5071.09ms | tok/sec: 206,775 | bf16_mfu: 49.92 | epoch: 1 pq: 31 rg: 28 | total time: 113.52m | eta: 359.1m
step 01346/05568 (24.17%) | loss: 2.712607 | lrm: 1.00 | dt: 5064.27ms | tok/sec: 207,053 | bf16_mfu: 49.99 | epoch: 1 pq: 31 rg: 30 | total time: 113.61m | eta: 359.0m
step 01347/05568 (24.19%) | loss: 2.712765 | lrm: 1.00 | dt: 5076.80ms | tok/sec: 206,542 | bf16_mfu: 49.86 | epoch: 1 pq: 31 rg: 32 | total time: 113.69m | eta: 358.9m
step 01348/05568 (24.21%) | loss: 2.702909 | lrm: 1.00 | dt: 5081.53ms | tok/sec: 206,350 | bf16_mfu: 49.82 | epoch: 1 pq: 31 rg: 34 | total time: 113.77m | eta: 358.8m
step 01349/05568 (24.23%) | loss: 2.706494 | lrm: 1.00 | dt: 5076.92ms | tok/sec: 206,538 | bf16_mfu: 49.86 | epoch: 1 pq: 31 rg: 36 | total time: 113.86m | eta: 358.8m
step 01350/05568 (24.25%) | loss: 2.724300 | lrm: 1.00 | dt: 5429.59ms | tok/sec: 193,122 | bf16_mfu: 46.62 | epoch: 1 pq: 31 rg: 38 | total time: 113.95m | eta: 358.7m
step 01351/05568 (24.26%) | loss: 2.721532 | lrm: 1.00 | dt: 5287.31ms | tok/sec: 198,319 | bf16_mfu: 47.88 | epoch: 1 pq: 31 rg: 40 | total time: 114.04m | eta: 358.6m
step 01352/05568 (24.28%) | loss: 2.735478 | lrm: 1.00 | dt: 7427.84ms | tok/sec: 141,168 | bf16_mfu: 34.08 | epoch: 1 pq: 31 rg: 42 | total time: 114.16m | eta: 358.6m
step 01353/05568 (24.30%) | loss: 2.721761 | lrm: 1.00 | dt: 5037.00ms | tok/sec: 208,174 | bf16_mfu: 50.26 | epoch: 1 pq: 31 rg: 44 | total time: 114.25m | eta: 358.6m
step 01354/05568 (24.32%) | loss: 2.707053 | lrm: 1.00 | dt: 5086.89ms | tok/sec: 206,133 | bf16_mfu: 49.76 | epoch: 1 pq: 31 rg: 46 | total time: 114.33m | eta: 358.5m
step 01355/05568 (24.34%) | loss: 2.723379 | lrm: 1.00 | dt: 5078.86ms | tok/sec: 206,459 | bf16_mfu: 49.84 | epoch: 1 pq: 31 rg: 48 | total time: 114.42m | eta: 358.4m
step 01356/05568 (24.35%) | loss: 2.723190 | lrm: 1.00 | dt: 5080.02ms | tok/sec: 206,411 | bf16_mfu: 49.83 | epoch: 1 pq: 31 rg: 50 | total time: 114.50m | eta: 358.3m
step 01357/05568 (24.37%) | loss: 2.722101 | lrm: 1.00 | dt: 5086.99ms | tok/sec: 206,129 | bf16_mfu: 49.76 | epoch: 1 pq: 31 rg: 52 | total time: 114.58m | eta: 358.2m
step 01358/05568 (24.39%) | loss: 2.711179 | lrm: 1.00 | dt: 5081.21ms | tok/sec: 206,363 | bf16_mfu: 49.82 | epoch: 1 pq: 31 rg: 54 | total time: 114.67m | eta: 358.1m
step 01359/05568 (24.41%) | loss: 2.714745 | lrm: 1.00 | dt: 5086.40ms | tok/sec: 206,152 | bf16_mfu: 49.77 | epoch: 1 pq: 31 rg: 56 | total time: 114.75m | eta: 358.0m
step 01360/05568 (24.43%) | loss: 2.716129 | lrm: 1.00 | dt: 5075.68ms | tok/sec: 206,588 | bf16_mfu: 49.87 | epoch: 1 pq: 31 rg: 58 | total time: 114.84m | eta: 358.0m
step 01361/05568 (24.44%) | loss: 2.728878 | lrm: 1.00 | dt: 5904.59ms | tok/sec: 177,586 | bf16_mfu: 42.87 | epoch: 1 pq: 31 rg: 60 | total time: 114.94m | eta: 357.9m
step 01362/05568 (24.46%) | loss: 2.742419 | lrm: 1.00 | dt: 5081.26ms | tok/sec: 206,361 | bf16_mfu: 49.82 | epoch: 1 pq: 31 rg: 62 | total time: 115.02m | eta: 357.8m
step 01363/05568 (24.48%) | loss: 2.749521 | lrm: 1.00 | dt: 5082.46ms | tok/sec: 206,312 | bf16_mfu: 49.81 | epoch: 1 pq: 31 rg: 64 | total time: 115.11m | eta: 357.7m
step 01364/05568 (24.50%) | loss: 2.753031 | lrm: 1.00 | dt: 5085.37ms | tok/sec: 206,194 | bf16_mfu: 49.78 | epoch: 1 pq: 31 rg: 66 | total time: 115.19m | eta: 357.7m
step 01365/05568 (24.52%) | loss: 2.767956 | lrm: 1.00 | dt: 5087.77ms | tok/sec: 206,097 | bf16_mfu: 49.76 | epoch: 1 pq: 31 rg: 68 | total time: 115.28m | eta: 357.6m
step 01366/05568 (24.53%) | loss: 2.769157 | lrm: 1.00 | dt: 5072.26ms | tok/sec: 206,727 | bf16_mfu: 49.91 | epoch: 1 pq: 31 rg: 70 | total time: 115.36m | eta: 357.5m
step 01367/05568 (24.55%) | loss: 2.771257 | lrm: 1.00 | dt: 5453.20ms | tok/sec: 192,286 | bf16_mfu: 46.42 | epoch: 1 pq: 31 rg: 72 | total time: 115.45m | eta: 357.4m
step 01368/05568 (24.57%) | loss: 2.777519 | lrm: 1.00 | dt: 5073.74ms | tok/sec: 206,667 | bf16_mfu: 49.89 | epoch: 1 pq: 31 rg: 74 | total time: 115.54m | eta: 357.3m
step 01369/05568 (24.59%) | loss: 2.762874 | lrm: 1.00 | dt: 5063.51ms | tok/sec: 207,084 | bf16_mfu: 49.99 | epoch: 1 pq: 31 rg: 76 | total time: 115.62m | eta: 357.2m
step 01370/05568 (24.60%) | loss: 2.759967 | lrm: 1.00 | dt: 5080.22ms | tok/sec: 206,403 | bf16_mfu: 49.83 | epoch: 1 pq: 31 rg: 78 | total time: 115.71m | eta: 357.2m
step 01371/05568 (24.62%) | loss: 2.753847 | lrm: 1.00 | dt: 5069.98ms | tok/sec: 206,820 | bf16_mfu: 49.93 | epoch: 1 pq: 31 rg: 80 | total time: 115.79m | eta: 357.1m
step 01372/05568 (24.64%) | loss: 2.732915 | lrm: 1.00 | dt: 5304.73ms | tok/sec: 197,668 | bf16_mfu: 47.72 | epoch: 1 pq: 32 rg: 0 | total time: 115.88m | eta: 357.0m
step 01373/05568 (24.66%) | loss: 2.720513 | lrm: 1.00 | dt: 5061.65ms | tok/sec: 207,161 | bf16_mfu: 50.01 | epoch: 1 pq: 32 rg: 2 | total time: 115.96m | eta: 356.9m
step 01374/05568 (24.68%) | loss: 2.723439 | lrm: 1.00 | dt: 5056.73ms | tok/sec: 207,362 | bf16_mfu: 50.06 | epoch: 1 pq: 32 rg: 4 | total time: 116.05m | eta: 356.8m
step 01375/05568 (24.69%) | loss: 2.722440 | lrm: 1.00 | dt: 5069.53ms | tok/sec: 206,838 | bf16_mfu: 49.93 | epoch: 1 pq: 32 rg: 4 | total time: 116.13m | eta: 356.7m
step 01376/05568 (24.71%) | loss: 2.726404 | lrm: 1.00 | dt: 5106.32ms | tok/sec: 205,348 | bf16_mfu: 49.57 | epoch: 1 pq: 32 rg: 6 | total time: 116.22m | eta: 356.6m
step 01377/05568 (24.73%) | loss: 2.714544 | lrm: 1.00 | dt: 5075.75ms | tok/sec: 206,585 | bf16_mfu: 49.87 | epoch: 1 pq: 32 rg: 8 | total time: 116.30m | eta: 356.6m
step 01378/05568 (24.75%) | loss: 2.734777 | lrm: 1.00 | dt: 5072.40ms | tok/sec: 206,721 | bf16_mfu: 49.91 | epoch: 1 pq: 32 rg: 10 | total time: 116.39m | eta: 356.5m
step 01379/05568 (24.77%) | loss: 2.718005 | lrm: 1.00 | dt: 5065.79ms | tok/sec: 206,991 | bf16_mfu: 49.97 | epoch: 1 pq: 32 rg: 12 | total time: 116.47m | eta: 356.4m
step 01380/05568 (24.78%) | loss: 2.708674 | lrm: 1.00 | dt: 5063.25ms | tok/sec: 207,095 | bf16_mfu: 50.00 | epoch: 1 pq: 32 rg: 14 | total time: 116.55m | eta: 356.3m
step 01381/05568 (24.80%) | loss: 2.706910 | lrm: 1.00 | dt: 5066.81ms | tok/sec: 206,949 | bf16_mfu: 49.96 | epoch: 1 pq: 32 rg: 16 | total time: 116.64m | eta: 356.2m
step 01382/05568 (24.82%) | loss: 2.707498 | lrm: 1.00 | dt: 5058.08ms | tok/sec: 207,307 | bf16_mfu: 50.05 | epoch: 1 pq: 32 rg: 18 | total time: 116.72m | eta: 356.1m
step 01383/05568 (24.84%) | loss: 2.726318 | lrm: 1.00 | dt: 5064.49ms | tok/sec: 207,044 | bf16_mfu: 49.98 | epoch: 1 pq: 32 rg: 20 | total time: 116.81m | eta: 356.0m
step 01384/05568 (24.86%) | loss: 2.735143 | lrm: 1.00 | dt: 5056.72ms | tok/sec: 207,362 | bf16_mfu: 50.06 | epoch: 1 pq: 32 rg: 22 | total time: 116.89m | eta: 355.9m
step 01385/05568 (24.87%) | loss: 2.734368 | lrm: 1.00 | dt: 5055.04ms | tok/sec: 207,431 | bf16_mfu: 50.08 | epoch: 1 pq: 32 rg: 24 | total time: 116.98m | eta: 355.9m
step 01386/05568 (24.89%) | loss: 2.740403 | lrm: 1.00 | dt: 5053.80ms | tok/sec: 207,482 | bf16_mfu: 50.09 | epoch: 1 pq: 32 rg: 26 | total time: 117.06m | eta: 355.8m
step 01387/05568 (24.91%) | loss: 2.749288 | lrm: 1.00 | dt: 5044.88ms | tok/sec: 207,849 | bf16_mfu: 50.18 | epoch: 1 pq: 32 rg: 28 | total time: 117.14m | eta: 355.7m
step 01388/05568 (24.93%) | loss: 2.739991 | lrm: 1.00 | dt: 5046.57ms | tok/sec: 207,779 | bf16_mfu: 50.16 | epoch: 1 pq: 32 rg: 30 | total time: 117.23m | eta: 355.6m
step 01389/05568 (24.95%) | loss: 2.740528 | lrm: 1.00 | dt: 5045.20ms | tok/sec: 207,836 | bf16_mfu: 50.18 | epoch: 1 pq: 32 rg: 32 | total time: 117.31m | eta: 355.5m
step 01390/05568 (24.96%) | loss: 2.746798 | lrm: 1.00 | dt: 5048.58ms | tok/sec: 207,697 | bf16_mfu: 50.14 | epoch: 1 pq: 32 rg: 34 | total time: 117.40m | eta: 355.4m
step 01391/05568 (24.98%) | loss: 2.742006 | lrm: 1.00 | dt: 5123.82ms | tok/sec: 204,647 | bf16_mfu: 49.41 | epoch: 1 pq: 32 rg: 36 | total time: 117.48m | eta: 355.3m
step 01392/05568 (25.00%) | loss: 2.755131 | lrm: 1.00 | dt: 5050.51ms | tok/sec: 207,617 | bf16_mfu: 50.12 | epoch: 1 pq: 32 rg: 38 | total time: 117.57m | eta: 355.3m
step 01393/05568 (25.02%) | loss: 2.747072 | lrm: 1.00 | dt: 5054.19ms | tok/sec: 207,466 | bf16_mfu: 50.09 | epoch: 1 pq: 32 rg: 40 | total time: 117.65m | eta: 355.2m
step 01394/05568 (25.04%) | loss: 2.732083 | lrm: 1.00 | dt: 5054.82ms | tok/sec: 207,440 | bf16_mfu: 50.08 | epoch: 1 pq: 32 rg: 42 | total time: 117.73m | eta: 355.1m
step 01395/05568 (25.05%) | loss: 2.720792 | lrm: 1.00 | dt: 5055.20ms | tok/sec: 207,425 | bf16_mfu: 50.08 | epoch: 1 pq: 32 rg: 44 | total time: 117.82m | eta: 355.0m
step 01396/05568 (25.07%) | loss: 2.710272 | lrm: 1.00 | dt: 5052.49ms | tok/sec: 207,536 | bf16_mfu: 50.10 | epoch: 1 pq: 32 rg: 46 | total time: 117.90m | eta: 354.9m
step 01397/05568 (25.09%) | loss: 2.709926 | lrm: 1.00 | dt: 5063.78ms | tok/sec: 207,073 | bf16_mfu: 49.99 | epoch: 1 pq: 32 rg: 48 | total time: 117.99m | eta: 354.8m
step 01398/05568 (25.11%) | loss: 2.717788 | lrm: 1.00 | dt: 5065.50ms | tok/sec: 207,003 | bf16_mfu: 49.97 | epoch: 1 pq: 32 rg: 50 | total time: 118.07m | eta: 354.7m
step 01399/05568 (25.13%) | loss: 2.707080 | lrm: 1.00 | dt: 5065.32ms | tok/sec: 207,010 | bf16_mfu: 49.98 | epoch: 1 pq: 32 rg: 52 | total time: 118.16m | eta: 354.6m
step 01400/05568 (25.14%) | loss: 2.700268 | lrm: 1.00 | dt: 4994.92ms | tok/sec: 209,928 | bf16_mfu: 50.68 | epoch: 1 pq: 32 rg: 54 | total time: 118.24m | eta: 354.5m
step 01401/05568 (25.16%) | loss: 2.701032 | lrm: 1.00 | dt: 5074.79ms | tok/sec: 206,624 | bf16_mfu: 49.88 | epoch: 1 pq: 32 rg: 56 | total time: 118.32m | eta: 354.5m
step 01402/05568 (25.18%) | loss: 2.703777 | lrm: 1.00 | dt: 5078.05ms | tok/sec: 206,491 | bf16_mfu: 49.85 | epoch: 1 pq: 32 rg: 58 | total time: 118.41m | eta: 354.4m
step 01403/05568 (25.20%) | loss: 2.693904 | lrm: 1.00 | dt: 5080.30ms | tok/sec: 206,400 | bf16_mfu: 49.83 | epoch: 1 pq: 32 rg: 60 | total time: 118.49m | eta: 354.3m
step 01404/05568 (25.22%) | loss: 2.696097 | lrm: 1.00 | dt: 5081.04ms | tok/sec: 206,370 | bf16_mfu: 49.82 | epoch: 1 pq: 32 rg: 60 | total time: 118.58m | eta: 354.2m
step 01405/05568 (25.23%) | loss: 2.714016 | lrm: 1.00 | dt: 5076.87ms | tok/sec: 206,539 | bf16_mfu: 49.86 | epoch: 1 pq: 32 rg: 62 | total time: 118.66m | eta: 354.1m
step 01406/05568 (25.25%) | loss: 2.725518 | lrm: 1.00 | dt: 5071.33ms | tok/sec: 206,765 | bf16_mfu: 49.92 | epoch: 1 pq: 32 rg: 64 | total time: 118.75m | eta: 354.0m
step 01407/05568 (25.27%) | loss: 2.722052 | lrm: 1.00 | dt: 5073.04ms | tok/sec: 206,695 | bf16_mfu: 49.90 | epoch: 1 pq: 32 rg: 66 | total time: 118.83m | eta: 353.9m
step 01408/05568 (25.29%) | loss: 2.725708 | lrm: 1.00 | dt: 5066.07ms | tok/sec: 206,980 | bf16_mfu: 49.97 | epoch: 1 pq: 32 rg: 68 | total time: 118.92m | eta: 353.9m
step 01409/05568 (25.31%) | loss: 2.735817 | lrm: 1.00 | dt: 5068.76ms | tok/sec: 206,870 | bf16_mfu: 49.94 | epoch: 1 pq: 32 rg: 70 | total time: 119.00m | eta: 353.8m
step 01410/05568 (25.32%) | loss: 2.707977 | lrm: 1.00 | dt: 5070.35ms | tok/sec: 206,805 | bf16_mfu: 49.93 | epoch: 1 pq: 32 rg: 72 | total time: 119.09m | eta: 353.7m
step 01411/05568 (25.34%) | loss: 2.688149 | lrm: 1.00 | dt: 5073.88ms | tok/sec: 206,661 | bf16_mfu: 49.89 | epoch: 1 pq: 32 rg: 74 | total time: 119.17m | eta: 353.6m
step 01412/05568 (25.36%) | loss: 2.691277 | lrm: 1.00 | dt: 5072.54ms | tok/sec: 206,716 | bf16_mfu: 49.90 | epoch: 1 pq: 32 rg: 76 | total time: 119.25m | eta: 353.5m
step 01413/05568 (25.38%) | loss: 2.688660 | lrm: 1.00 | dt: 5076.87ms | tok/sec: 206,539 | bf16_mfu: 49.86 | epoch: 1 pq: 32 rg: 78 | total time: 119.34m | eta: 353.4m
step 01414/05568 (25.40%) | loss: 2.688078 | lrm: 1.00 | dt: 5059.47ms | tok/sec: 207,250 | bf16_mfu: 50.03 | epoch: 1 pq: 32 rg: 80 | total time: 119.42m | eta: 353.3m
step 01415/05568 (25.41%) | loss: 2.671791 | lrm: 1.00 | dt: 5084.31ms | tok/sec: 206,237 | bf16_mfu: 49.79 | epoch: 1 pq: 32 rg: 82 | total time: 119.51m | eta: 353.3m
step 01416/05568 (25.43%) | loss: 2.690783 | lrm: 1.00 | dt: 5067.38ms | tok/sec: 206,926 | bf16_mfu: 49.96 | epoch: 1 pq: 33 rg: 0 | total time: 119.59m | eta: 353.2m
step 01417/05568 (25.45%) | loss: 2.695674 | lrm: 1.00 | dt: 5079.38ms | tok/sec: 206,437 | bf16_mfu: 49.84 | epoch: 1 pq: 33 rg: 2 | total time: 119.68m | eta: 353.1m
step 01418/05568 (25.47%) | loss: 2.696852 | lrm: 1.00 | dt: 5075.51ms | tok/sec: 206,595 | bf16_mfu: 49.88 | epoch: 1 pq: 33 rg: 4 | total time: 119.76m | eta: 353.0m
step 01419/05568 (25.48%) | loss: 2.711482 | lrm: 1.00 | dt: 5081.80ms | tok/sec: 206,339 | bf16_mfu: 49.81 | epoch: 1 pq: 33 rg: 6 | total time: 119.85m | eta: 352.9m
step 01420/05568 (25.50%) | loss: 2.713321 | lrm: 1.00 | dt: 5206.44ms | tok/sec: 201,399 | bf16_mfu: 48.62 | epoch: 1 pq: 33 rg: 8 | total time: 119.93m | eta: 352.8m
step 01421/05568 (25.52%) | loss: 2.708039 | lrm: 1.00 | dt: 5052.05ms | tok/sec: 207,554 | bf16_mfu: 50.11 | epoch: 1 pq: 33 rg: 10 | total time: 120.02m | eta: 352.7m
step 01422/05568 (25.54%) | loss: 2.708575 | lrm: 1.00 | dt: 5074.84ms | tok/sec: 206,622 | bf16_mfu: 49.88 | epoch: 1 pq: 33 rg: 12 | total time: 120.10m | eta: 352.7m
step 01423/05568 (25.56%) | loss: 2.713875 | lrm: 1.00 | dt: 5066.53ms | tok/sec: 206,961 | bf16_mfu: 49.96 | epoch: 1 pq: 33 rg: 14 | total time: 120.19m | eta: 352.6m
step 01424/05568 (25.57%) | loss: 2.719155 | lrm: 1.00 | dt: 5071.50ms | tok/sec: 206,758 | bf16_mfu: 49.92 | epoch: 1 pq: 33 rg: 16 | total time: 120.27m | eta: 352.5m
step 01425/05568 (25.59%) | loss: 2.726694 | lrm: 1.00 | dt: 5069.20ms | tok/sec: 206,852 | bf16_mfu: 49.94 | epoch: 1 pq: 33 rg: 18 | total time: 120.36m | eta: 352.4m
step 01426/05568 (25.61%) | loss: 2.720608 | lrm: 1.00 | dt: 5067.10ms | tok/sec: 206,938 | bf16_mfu: 49.96 | epoch: 1 pq: 33 rg: 20 | total time: 120.44m | eta: 352.3m
step 01427/05568 (25.63%) | loss: 2.724512 | lrm: 1.00 | dt: 5066.81ms | tok/sec: 206,949 | bf16_mfu: 49.96 | epoch: 1 pq: 33 rg: 22 | total time: 120.52m | eta: 352.2m
step 01428/05568 (25.65%) | loss: 2.718834 | lrm: 1.00 | dt: 5068.26ms | tok/sec: 206,890 | bf16_mfu: 49.95 | epoch: 1 pq: 33 rg: 24 | total time: 120.61m | eta: 352.1m
step 01429/05568 (25.66%) | loss: 2.718402 | lrm: 1.00 | dt: 5070.26ms | tok/sec: 206,808 | bf16_mfu: 49.93 | epoch: 1 pq: 33 rg: 26 | total time: 120.69m | eta: 352.0m
step 01430/05568 (25.68%) | loss: 2.712484 | lrm: 1.00 | dt: 5061.52ms | tok/sec: 207,166 | bf16_mfu: 50.01 | epoch: 1 pq: 33 rg: 28 | total time: 120.78m | eta: 352.0m
step 01431/05568 (25.70%) | loss: 2.717992 | lrm: 1.00 | dt: 5064.92ms | tok/sec: 207,027 | bf16_mfu: 49.98 | epoch: 1 pq: 33 rg: 30 | total time: 120.86m | eta: 351.9m
step 01432/05568 (25.72%) | loss: 2.704232 | lrm: 1.00 | dt: 5069.80ms | tok/sec: 206,827 | bf16_mfu: 49.93 | epoch: 1 pq: 33 rg: 32 | total time: 120.95m | eta: 351.8m
step 01433/05568 (25.74%) | loss: 2.695982 | lrm: 1.00 | dt: 5069.44ms | tok/sec: 206,842 | bf16_mfu: 49.94 | epoch: 1 pq: 33 rg: 34 | total time: 121.03m | eta: 351.7m
step 01434/05568 (25.75%) | loss: 2.704204 | lrm: 1.00 | dt: 5072.19ms | tok/sec: 206,730 | bf16_mfu: 49.91 | epoch: 1 pq: 33 rg: 36 | total time: 121.12m | eta: 351.6m
step 01435/05568 (25.77%) | loss: 2.728014 | lrm: 1.00 | dt: 5061.62ms | tok/sec: 207,162 | bf16_mfu: 50.01 | epoch: 1 pq: 33 rg: 38 | total time: 121.20m | eta: 351.5m
step 01436/05568 (25.79%) | loss: 2.721455 | lrm: 1.00 | dt: 5062.95ms | tok/sec: 207,107 | bf16_mfu: 50.00 | epoch: 1 pq: 33 rg: 40 | total time: 121.28m | eta: 351.4m
step 01437/05568 (25.81%) | loss: 2.710347 | lrm: 1.00 | dt: 5054.05ms | tok/sec: 207,472 | bf16_mfu: 50.09 | epoch: 1 pq: 33 rg: 42 | total time: 121.37m | eta: 351.3m
step 01438/05568 (25.83%) | loss: 2.710017 | lrm: 1.00 | dt: 5045.76ms | tok/sec: 207,813 | bf16_mfu: 50.17 | epoch: 1 pq: 33 rg: 44 | total time: 121.45m | eta: 351.3m
step 01439/05568 (25.84%) | loss: 2.705519 | lrm: 1.00 | dt: 5043.41ms | tok/sec: 207,909 | bf16_mfu: 50.19 | epoch: 1 pq: 33 rg: 44 | total time: 121.54m | eta: 351.2m
step 01440/05568 (25.86%) | loss: 2.700148 | lrm: 1.00 | dt: 5041.73ms | tok/sec: 207,979 | bf16_mfu: 50.21 | epoch: 1 pq: 33 rg: 46 | total time: 121.62m | eta: 351.1m
step 01441/05568 (25.88%) | loss: 2.696288 | lrm: 1.00 | dt: 5038.22ms | tok/sec: 208,124 | bf16_mfu: 50.24 | epoch: 1 pq: 33 rg: 48 | total time: 121.70m | eta: 351.0m
step 01442/05568 (25.90%) | loss: 2.703713 | lrm: 1.00 | dt: 5832.55ms | tok/sec: 179,780 | bf16_mfu: 43.40 | epoch: 1 pq: 33 rg: 50 | total time: 121.80m | eta: 350.9m
step 01443/05568 (25.92%) | loss: 2.699886 | lrm: 1.00 | dt: 5044.26ms | tok/sec: 207,874 | bf16_mfu: 50.18 | epoch: 1 pq: 33 rg: 52 | total time: 121.89m | eta: 350.9m
step 01444/05568 (25.93%) | loss: 2.693463 | lrm: 1.00 | dt: 5037.32ms | tok/sec: 208,161 | bf16_mfu: 50.25 | epoch: 1 pq: 33 rg: 54 | total time: 121.97m | eta: 350.8m
step 01445/05568 (25.95%) | loss: 2.678119 | lrm: 1.00 | dt: 5041.29ms | tok/sec: 207,997 | bf16_mfu: 50.21 | epoch: 1 pq: 33 rg: 56 | total time: 122.05m | eta: 350.7m
step 01446/05568 (25.97%) | loss: 2.685169 | lrm: 1.00 | dt: 5041.71ms | tok/sec: 207,980 | bf16_mfu: 50.21 | epoch: 1 pq: 33 rg: 58 | total time: 122.14m | eta: 350.6m
step 01447/05568 (25.99%) | loss: 2.686372 | lrm: 1.00 | dt: 5033.47ms | tok/sec: 208,320 | bf16_mfu: 50.29 | epoch: 1 pq: 33 rg: 60 | total time: 122.22m | eta: 350.5m
step 01448/05568 (26.01%) | loss: 2.669200 | lrm: 1.00 | dt: 5040.26ms | tok/sec: 208,039 | bf16_mfu: 50.22 | epoch: 1 pq: 33 rg: 62 | total time: 122.31m | eta: 350.4m
step 01449/05568 (26.02%) | loss: 2.678867 | lrm: 1.00 | dt: 5030.91ms | tok/sec: 208,426 | bf16_mfu: 50.32 | epoch: 1 pq: 33 rg: 64 | total time: 122.39m | eta: 350.3m
step 01450/05568 (26.04%) | loss: 2.680048 | lrm: 1.00 | dt: 5042.77ms | tok/sec: 207,936 | bf16_mfu: 50.20 | epoch: 1 pq: 33 rg: 66 | total time: 122.47m | eta: 350.2m
step 01451/05568 (26.06%) | loss: 2.676253 | lrm: 1.00 | dt: 5031.76ms | tok/sec: 208,391 | bf16_mfu: 50.31 | epoch: 1 pq: 33 rg: 68 | total time: 122.56m | eta: 350.2m
step 01452/05568 (26.08%) | loss: 2.687114 | lrm: 1.00 | dt: 5035.86ms | tok/sec: 208,221 | bf16_mfu: 50.27 | epoch: 1 pq: 33 rg: 70 | total time: 122.64m | eta: 350.1m
step 01453/05568 (26.10%) | loss: 2.697429 | lrm: 1.00 | dt: 5032.77ms | tok/sec: 208,349 | bf16_mfu: 50.30 | epoch: 1 pq: 33 rg: 72 | total time: 122.73m | eta: 350.0m
step 01454/05568 (26.11%) | loss: 2.676843 | lrm: 1.00 | dt: 5033.04ms | tok/sec: 208,338 | bf16_mfu: 50.30 | epoch: 1 pq: 33 rg: 74 | total time: 122.81m | eta: 349.9m
step 01455/05568 (26.13%) | loss: 2.658755 | lrm: 1.00 | dt: 5039.58ms | tok/sec: 208,068 | bf16_mfu: 50.23 | epoch: 1 pq: 33 rg: 76 | total time: 122.89m | eta: 349.8m
step 01456/05568 (26.15%) | loss: 2.648967 | lrm: 1.00 | dt: 5033.11ms | tok/sec: 208,335 | bf16_mfu: 50.30 | epoch: 1 pq: 33 rg: 78 | total time: 122.98m | eta: 349.7m
step 01457/05568 (26.17%) | loss: 2.654964 | lrm: 1.00 | dt: 5031.12ms | tok/sec: 208,417 | bf16_mfu: 50.32 | epoch: 1 pq: 33 rg: 80 | total time: 123.06m | eta: 349.6m
step 01458/05568 (26.19%) | loss: 2.642726 | lrm: 1.00 | dt: 5035.62ms | tok/sec: 208,231 | bf16_mfu: 50.27 | epoch: 1 pq: 33 rg: 82 | total time: 123.15m | eta: 349.5m
step 01459/05568 (26.20%) | loss: 2.660702 | lrm: 1.00 | dt: 5258.88ms | tok/sec: 199,391 | bf16_mfu: 48.14 | epoch: 1 pq: 34 rg: 0 | total time: 123.23m | eta: 349.5m
step 01460/05568 (26.22%) | loss: 2.670275 | lrm: 1.00 | dt: 5030.30ms | tok/sec: 208,452 | bf16_mfu: 50.32 | epoch: 1 pq: 34 rg: 2 | total time: 123.32m | eta: 349.4m
step 01461/05568 (26.24%) | loss: 2.670923 | lrm: 1.00 | dt: 5036.44ms | tok/sec: 208,197 | bf16_mfu: 50.26 | epoch: 1 pq: 34 rg: 4 | total time: 123.40m | eta: 349.3m
step 01462/05568 (26.26%) | loss: 2.678688 | lrm: 1.00 | dt: 5042.57ms | tok/sec: 207,944 | bf16_mfu: 50.20 | epoch: 1 pq: 34 rg: 6 | total time: 123.48m | eta: 349.2m
step 01463/05568 (26.28%) | loss: 2.674190 | lrm: 1.00 | dt: 5034.65ms | tok/sec: 208,271 | bf16_mfu: 50.28 | epoch: 1 pq: 34 rg: 8 | total time: 123.57m | eta: 349.1m
step 01464/05568 (26.29%) | loss: 2.690665 | lrm: 1.00 | dt: 5034.87ms | tok/sec: 208,262 | bf16_mfu: 50.28 | epoch: 1 pq: 34 rg: 10 | total time: 123.65m | eta: 349.0m
step 01465/05568 (26.31%) | loss: 2.696916 | lrm: 1.00 | dt: 5038.61ms | tok/sec: 208,108 | bf16_mfu: 50.24 | epoch: 1 pq: 34 rg: 12 | total time: 123.74m | eta: 348.9m
step 01466/05568 (26.33%) | loss: 2.699399 | lrm: 1.00 | dt: 5033.29ms | tok/sec: 208,328 | bf16_mfu: 50.29 | epoch: 1 pq: 34 rg: 14 | total time: 123.82m | eta: 348.8m
step 01467/05568 (26.35%) | loss: 2.699787 | lrm: 1.00 | dt: 5028.71ms | tok/sec: 208,517 | bf16_mfu: 50.34 | epoch: 1 pq: 34 rg: 14 | total time: 123.90m | eta: 348.8m
step 01468/05568 (26.36%) | loss: 2.682022 | lrm: 1.00 | dt: 5022.78ms | tok/sec: 208,763 | bf16_mfu: 50.40 | epoch: 1 pq: 34 rg: 16 | total time: 123.99m | eta: 348.7m
step 01469/05568 (26.38%) | loss: 2.698304 | lrm: 1.00 | dt: 5028.52ms | tok/sec: 208,525 | bf16_mfu: 50.34 | epoch: 1 pq: 34 rg: 18 | total time: 124.07m | eta: 348.6m
step 01470/05568 (26.40%) | loss: 2.712381 | lrm: 1.00 | dt: 5033.96ms | tok/sec: 208,300 | bf16_mfu: 50.29 | epoch: 1 pq: 34 rg: 20 | total time: 124.16m | eta: 348.5m
step 01471/05568 (26.42%) | loss: 2.707073 | lrm: 1.00 | dt: 5037.41ms | tok/sec: 208,157 | bf16_mfu: 50.25 | epoch: 1 pq: 34 rg: 22 | total time: 124.24m | eta: 348.4m
step 01472/05568 (26.44%) | loss: 2.711648 | lrm: 1.00 | dt: 5029.82ms | tok/sec: 208,471 | bf16_mfu: 50.33 | epoch: 1 pq: 34 rg: 24 | total time: 124.32m | eta: 348.3m
step 01473/05568 (26.45%) | loss: 2.706015 | lrm: 1.00 | dt: 5032.49ms | tok/sec: 208,361 | bf16_mfu: 50.30 | epoch: 1 pq: 34 rg: 26 | total time: 124.41m | eta: 348.2m
step 01474/05568 (26.47%) | loss: 2.700585 | lrm: 1.00 | dt: 5034.51ms | tok/sec: 208,277 | bf16_mfu: 50.28 | epoch: 1 pq: 34 rg: 28 | total time: 124.49m | eta: 348.1m
step 01475/05568 (26.49%) | loss: 2.699314 | lrm: 1.00 | dt: 5039.57ms | tok/sec: 208,068 | bf16_mfu: 50.23 | epoch: 1 pq: 34 rg: 30 | total time: 124.58m | eta: 348.0m
step 01476/05568 (26.51%) | loss: 2.715667 | lrm: 1.00 | dt: 5037.16ms | tok/sec: 208,168 | bf16_mfu: 50.26 | epoch: 1 pq: 34 rg: 32 | total time: 124.66m | eta: 348.0m
step 01477/05568 (26.53%) | loss: 2.716575 | lrm: 1.00 | dt: 5031.65ms | tok/sec: 208,396 | bf16_mfu: 50.31 | epoch: 1 pq: 34 rg: 34 | total time: 124.74m | eta: 347.9m
step 01478/05568 (26.54%) | loss: 2.698545 | lrm: 1.00 | dt: 5030.27ms | tok/sec: 208,453 | bf16_mfu: 50.32 | epoch: 1 pq: 34 rg: 36 | total time: 124.83m | eta: 347.8m
step 01479/05568 (26.56%) | loss: 2.695423 | lrm: 1.00 | dt: 5032.47ms | tok/sec: 208,362 | bf16_mfu: 50.30 | epoch: 1 pq: 34 rg: 38 | total time: 124.91m | eta: 347.7m
step 01480/05568 (26.58%) | loss: 2.707366 | lrm: 1.00 | dt: 5038.64ms | tok/sec: 208,107 | bf16_mfu: 50.24 | epoch: 1 pq: 34 rg: 40 | total time: 124.99m | eta: 347.6m
step 01481/05568 (26.60%) | loss: 2.731862 | lrm: 1.00 | dt: 5038.77ms | tok/sec: 208,101 | bf16_mfu: 50.24 | epoch: 1 pq: 34 rg: 42 | total time: 125.08m | eta: 347.5m
step 01482/05568 (26.62%) | loss: 2.734634 | lrm: 1.00 | dt: 5031.06ms | tok/sec: 208,420 | bf16_mfu: 50.32 | epoch: 1 pq: 34 rg: 44 | total time: 125.16m | eta: 347.4m
step 01483/05568 (26.63%) | loss: 2.742016 | lrm: 1.00 | dt: 5035.32ms | tok/sec: 208,244 | bf16_mfu: 50.27 | epoch: 1 pq: 34 rg: 46 | total time: 125.25m | eta: 347.3m
step 01484/05568 (26.65%) | loss: 2.731562 | lrm: 1.00 | dt: 5045.00ms | tok/sec: 207,844 | bf16_mfu: 50.18 | epoch: 1 pq: 34 rg: 48 | total time: 125.33m | eta: 347.3m
step 01485/05568 (26.67%) | loss: 2.721702 | lrm: 1.00 | dt: 5043.50ms | tok/sec: 207,906 | bf16_mfu: 50.19 | epoch: 1 pq: 34 rg: 50 | total time: 125.41m | eta: 347.2m
step 01486/05568 (26.69%) | loss: 2.709341 | lrm: 1.00 | dt: 5058.15ms | tok/sec: 207,304 | bf16_mfu: 50.05 | epoch: 1 pq: 34 rg: 52 | total time: 125.50m | eta: 347.1m
step 01487/05568 (26.71%) | loss: 2.699461 | lrm: 1.00 | dt: 5050.16ms | tok/sec: 207,632 | bf16_mfu: 50.13 | epoch: 1 pq: 34 rg: 54 | total time: 125.58m | eta: 347.0m
step 01488/05568 (26.72%) | loss: 2.682474 | lrm: 1.00 | dt: 5060.41ms | tok/sec: 207,211 | bf16_mfu: 50.02 | epoch: 1 pq: 34 rg: 56 | total time: 125.67m | eta: 346.9m
step 01489/05568 (26.74%) | loss: 2.687072 | lrm: 1.00 | dt: 5057.75ms | tok/sec: 207,320 | bf16_mfu: 50.05 | epoch: 1 pq: 34 rg: 58 | total time: 125.75m | eta: 346.8m
step 01490/05568 (26.76%) | loss: 2.683841 | lrm: 1.00 | dt: 5060.57ms | tok/sec: 207,205 | bf16_mfu: 50.02 | epoch: 1 pq: 34 rg: 60 | total time: 125.84m | eta: 346.7m
step 01491/05568 (26.78%) | loss: 2.700764 | lrm: 1.00 | dt: 5061.15ms | tok/sec: 207,181 | bf16_mfu: 50.02 | epoch: 1 pq: 34 rg: 62 | total time: 125.92m | eta: 346.6m
step 01492/05568 (26.80%) | loss: 2.721067 | lrm: 1.00 | dt: 5071.78ms | tok/sec: 206,746 | bf16_mfu: 49.91 | epoch: 1 pq: 34 rg: 64 | total time: 126.00m | eta: 346.6m
step 01493/05568 (26.81%) | loss: 2.716246 | lrm: 1.00 | dt: 5073.56ms | tok/sec: 206,674 | bf16_mfu: 49.89 | epoch: 1 pq: 34 rg: 66 | total time: 126.09m | eta: 346.5m
step 01494/05568 (26.83%) | loss: 2.717127 | lrm: 1.00 | dt: 5067.99ms | tok/sec: 206,901 | bf16_mfu: 49.95 | epoch: 1 pq: 34 rg: 68 | total time: 126.17m | eta: 346.4m
step 01495/05568 (26.85%) | loss: 2.708486 | lrm: 1.00 | dt: 5065.32ms | tok/sec: 207,010 | bf16_mfu: 49.98 | epoch: 1 pq: 34 rg: 70 | total time: 126.26m | eta: 346.3m
step 01496/05568 (26.87%) | loss: 2.713487 | lrm: 1.00 | dt: 5062.57ms | tok/sec: 207,123 | bf16_mfu: 50.00 | epoch: 1 pq: 34 rg: 72 | total time: 126.34m | eta: 346.2m
step 01497/05568 (26.89%) | loss: 2.706687 | lrm: 1.00 | dt: 5069.33ms | tok/sec: 206,847 | bf16_mfu: 49.94 | epoch: 1 pq: 34 rg: 74 | total time: 126.43m | eta: 346.1m
step 01498/05568 (26.90%) | loss: 2.713153 | lrm: 1.00 | dt: 5072.47ms | tok/sec: 206,718 | bf16_mfu: 49.91 | epoch: 1 pq: 34 rg: 76 | total time: 126.51m | eta: 346.0m
step 01499/05568 (26.92%) | loss: 2.716111 | lrm: 1.00 | dt: 5076.67ms | tok/sec: 206,547 | bf16_mfu: 49.86 | epoch: 1 pq: 34 rg: 78 | total time: 126.60m | eta: 346.0m
Step 01500 | Validation bpb: 0.823068
step 01500/05568 (26.94%) | loss: 2.711434 | lrm: 1.00 | dt: 5068.65ms | tok/sec: 206,874 | bf16_mfu: 49.94 | epoch: 1 pq: 34 rg: 80 | total time: 126.68m | eta: 345.9m
step 01501/05568 (26.96%) | loss: 2.699272 | lrm: 1.00 | dt: 5075.76ms | tok/sec: 206,585 | bf16_mfu: 49.87 | epoch: 1 pq: 34 rg: 82 | total time: 126.77m | eta: 345.8m
step 01502/05568 (26.98%) | loss: 2.692090 | lrm: 1.00 | dt: 5083.77ms | tok/sec: 206,259 | bf16_mfu: 49.79 | epoch: 1 pq: 35 rg: 0 | total time: 126.85m | eta: 345.7m
step 01503/05568 (26.99%) | loss: 2.693631 | lrm: 1.00 | dt: 5082.11ms | tok/sec: 206,326 | bf16_mfu: 49.81 | epoch: 1 pq: 35 rg: 2 | total time: 126.93m | eta: 345.6m
step 01504/05568 (27.01%) | loss: 2.702009 | lrm: 1.00 | dt: 5081.38ms | tok/sec: 206,356 | bf16_mfu: 49.82 | epoch: 1 pq: 35 rg: 4 | total time: 127.02m | eta: 345.5m
step 01505/05568 (27.03%) | loss: 2.700206 | lrm: 1.00 | dt: 5084.01ms | tok/sec: 206,249 | bf16_mfu: 49.79 | epoch: 1 pq: 35 rg: 6 | total time: 127.10m | eta: 345.4m
step 01506/05568 (27.05%) | loss: 2.702479 | lrm: 1.00 | dt: 5081.34ms | tok/sec: 206,358 | bf16_mfu: 49.82 | epoch: 1 pq: 35 rg: 8 | total time: 127.19m | eta: 345.3m
step 01507/05568 (27.07%) | loss: 2.711330 | lrm: 1.00 | dt: 5089.89ms | tok/sec: 206,011 | bf16_mfu: 49.73 | epoch: 1 pq: 35 rg: 10 | total time: 127.27m | eta: 345.3m
step 01508/05568 (27.08%) | loss: 2.718254 | lrm: 1.00 | dt: 5084.04ms | tok/sec: 206,248 | bf16_mfu: 49.79 | epoch: 1 pq: 35 rg: 10 | total time: 127.36m | eta: 345.2m
step 01509/05568 (27.10%) | loss: 2.737850 | lrm: 1.00 | dt: 5078.35ms | tok/sec: 206,479 | bf16_mfu: 49.85 | epoch: 1 pq: 35 rg: 12 | total time: 127.44m | eta: 345.1m
step 01510/05568 (27.12%) | loss: 2.731257 | lrm: 1.00 | dt: 5080.19ms | tok/sec: 206,405 | bf16_mfu: 49.83 | epoch: 1 pq: 35 rg: 14 | total time: 127.53m | eta: 345.0m
step 01511/05568 (27.14%) | loss: 2.718781 | lrm: 1.00 | dt: 5076.49ms | tok/sec: 206,555 | bf16_mfu: 49.87 | epoch: 1 pq: 35 rg: 16 | total time: 127.61m | eta: 344.9m
step 01512/05568 (27.16%) | loss: 2.709094 | lrm: 1.00 | dt: 5081.01ms | tok/sec: 206,371 | bf16_mfu: 49.82 | epoch: 1 pq: 35 rg: 18 | total time: 127.70m | eta: 344.8m
step 01513/05568 (27.17%) | loss: 2.707006 | lrm: 1.00 | dt: 5076.65ms | tok/sec: 206,548 | bf16_mfu: 49.86 | epoch: 1 pq: 35 rg: 20 | total time: 127.78m | eta: 344.7m
step 01514/05568 (27.19%) | loss: 2.695742 | lrm: 1.00 | dt: 5079.89ms | tok/sec: 206,417 | bf16_mfu: 49.83 | epoch: 1 pq: 35 rg: 22 | total time: 127.87m | eta: 344.7m
step 01515/05568 (27.21%) | loss: 2.705770 | lrm: 1.00 | dt: 5074.41ms | tok/sec: 206,640 | bf16_mfu: 49.89 | epoch: 1 pq: 35 rg: 24 | total time: 127.95m | eta: 344.6m
step 01516/05568 (27.23%) | loss: 2.712914 | lrm: 1.00 | dt: 5073.25ms | tok/sec: 206,687 | bf16_mfu: 49.90 | epoch: 1 pq: 35 rg: 26 | total time: 128.04m | eta: 344.5m
step 01517/05568 (27.24%) | loss: 2.706158 | lrm: 1.00 | dt: 5072.09ms | tok/sec: 206,734 | bf16_mfu: 49.91 | epoch: 1 pq: 35 rg: 28 | total time: 128.12m | eta: 344.4m
step 01518/05568 (27.26%) | loss: 2.716144 | lrm: 1.00 | dt: 5058.52ms | tok/sec: 207,289 | bf16_mfu: 50.04 | epoch: 1 pq: 35 rg: 30 | total time: 128.20m | eta: 344.3m
step 01519/05568 (27.28%) | loss: 2.722375 | lrm: 1.00 | dt: 5061.14ms | tok/sec: 207,181 | bf16_mfu: 50.02 | epoch: 1 pq: 35 rg: 32 | total time: 128.29m | eta: 344.2m
step 01520/05568 (27.30%) | loss: 2.693421 | lrm: 1.00 | dt: 5063.95ms | tok/sec: 207,066 | bf16_mfu: 49.99 | epoch: 1 pq: 35 rg: 34 | total time: 128.37m | eta: 344.1m
step 01521/05568 (27.32%) | loss: 2.710144 | lrm: 1.00 | dt: 5073.84ms | tok/sec: 206,663 | bf16_mfu: 49.89 | epoch: 1 pq: 35 rg: 36 | total time: 128.46m | eta: 344.1m
step 01522/05568 (27.33%) | loss: 2.719848 | lrm: 1.00 | dt: 5066.11ms | tok/sec: 206,978 | bf16_mfu: 49.97 | epoch: 1 pq: 35 rg: 38 | total time: 128.54m | eta: 344.0m
step 01523/05568 (27.35%) | loss: 2.725177 | lrm: 1.00 | dt: 5071.93ms | tok/sec: 206,740 | bf16_mfu: 49.91 | epoch: 1 pq: 35 rg: 40 | total time: 128.63m | eta: 343.9m
step 01524/05568 (27.37%) | loss: 2.722734 | lrm: 1.00 | dt: 5064.12ms | tok/sec: 207,059 | bf16_mfu: 49.99 | epoch: 1 pq: 35 rg: 42 | total time: 128.71m | eta: 343.8m
step 01525/05568 (27.39%) | loss: 2.718844 | lrm: 1.00 | dt: 5073.40ms | tok/sec: 206,681 | bf16_mfu: 49.90 | epoch: 1 pq: 35 rg: 44 | total time: 128.80m | eta: 343.7m
step 01526/05568 (27.41%) | loss: 2.721149 | lrm: 1.00 | dt: 5072.56ms | tok/sec: 206,715 | bf16_mfu: 49.90 | epoch: 1 pq: 35 rg: 46 | total time: 128.88m | eta: 343.6m
step 01527/05568 (27.42%) | loss: 2.710839 | lrm: 1.00 | dt: 5079.37ms | tok/sec: 206,438 | bf16_mfu: 49.84 | epoch: 1 pq: 35 rg: 48 | total time: 128.96m | eta: 343.5m
step 01528/05568 (27.44%) | loss: 2.703440 | lrm: 1.00 | dt: 5083.24ms | tok/sec: 206,280 | bf16_mfu: 49.80 | epoch: 1 pq: 35 rg: 50 | total time: 129.05m | eta: 343.5m
step 01529/05568 (27.46%) | loss: 2.705658 | lrm: 1.00 | dt: 5080.10ms | tok/sec: 206,408 | bf16_mfu: 49.83 | epoch: 1 pq: 35 rg: 52 | total time: 129.13m | eta: 343.4m
step 01530/05568 (27.48%) | loss: 2.741046 | lrm: 1.00 | dt: 5080.41ms | tok/sec: 206,395 | bf16_mfu: 49.83 | epoch: 1 pq: 35 rg: 54 | total time: 129.22m | eta: 343.3m
step 01531/05568 (27.50%) | loss: 2.725175 | lrm: 1.00 | dt: 5082.43ms | tok/sec: 206,313 | bf16_mfu: 49.81 | epoch: 1 pq: 35 rg: 56 | total time: 129.30m | eta: 343.2m
step 01532/05568 (27.51%) | loss: 2.716240 | lrm: 1.00 | dt: 5078.10ms | tok/sec: 206,489 | bf16_mfu: 49.85 | epoch: 1 pq: 35 rg: 58 | total time: 129.39m | eta: 343.1m
step 01533/05568 (27.53%) | loss: 2.716346 | lrm: 1.00 | dt: 5079.09ms | tok/sec: 206,449 | bf16_mfu: 49.84 | epoch: 1 pq: 35 rg: 60 | total time: 129.47m | eta: 343.0m
step 01534/05568 (27.55%) | loss: 2.704868 | lrm: 1.00 | dt: 5079.60ms | tok/sec: 206,428 | bf16_mfu: 49.84 | epoch: 1 pq: 35 rg: 62 | total time: 129.56m | eta: 342.9m
step 01535/05568 (27.57%) | loss: 2.705473 | lrm: 1.00 | dt: 5081.46ms | tok/sec: 206,353 | bf16_mfu: 49.82 | epoch: 1 pq: 35 rg: 64 | total time: 129.64m | eta: 342.9m
step 01536/05568 (27.59%) | loss: 2.698942 | lrm: 1.00 | dt: 5081.91ms | tok/sec: 206,334 | bf16_mfu: 49.81 | epoch: 1 pq: 35 rg: 66 | total time: 129.73m | eta: 342.8m
step 01537/05568 (27.60%) | loss: 2.677546 | lrm: 1.00 | dt: 5077.06ms | tok/sec: 206,532 | bf16_mfu: 49.86 | epoch: 1 pq: 35 rg: 68 | total time: 129.81m | eta: 342.7m
step 01538/05568 (27.62%) | loss: 2.684676 | lrm: 1.00 | dt: 5072.87ms | tok/sec: 206,702 | bf16_mfu: 49.90 | epoch: 1 pq: 35 rg: 70 | total time: 129.90m | eta: 342.6m
step 01539/05568 (27.64%) | loss: 2.692645 | lrm: 1.00 | dt: 5073.88ms | tok/sec: 206,661 | bf16_mfu: 49.89 | epoch: 1 pq: 35 rg: 72 | total time: 129.98m | eta: 342.5m
step 01540/05568 (27.66%) | loss: 2.694048 | lrm: 1.00 | dt: 5068.19ms | tok/sec: 206,893 | bf16_mfu: 49.95 | epoch: 1 pq: 35 rg: 74 | total time: 130.06m | eta: 342.4m
step 01541/05568 (27.68%) | loss: 2.687195 | lrm: 1.00 | dt: 5075.98ms | tok/sec: 206,576 | bf16_mfu: 49.87 | epoch: 1 pq: 35 rg: 76 | total time: 130.15m | eta: 342.3m
step 01542/05568 (27.69%) | loss: 2.681929 | lrm: 1.00 | dt: 5071.39ms | tok/sec: 206,763 | bf16_mfu: 49.92 | epoch: 1 pq: 35 rg: 78 | total time: 130.23m | eta: 342.2m
step 01543/05568 (27.71%) | loss: 2.679039 | lrm: 1.00 | dt: 5082.28ms | tok/sec: 206,320 | bf16_mfu: 49.81 | epoch: 1 pq: 35 rg: 78 | total time: 130.32m | eta: 342.2m
step 01544/05568 (27.73%) | loss: 2.699215 | lrm: 1.00 | dt: 5072.78ms | tok/sec: 206,706 | bf16_mfu: 49.90 | epoch: 1 pq: 35 rg: 80 | total time: 130.40m | eta: 342.1m
step 01545/05568 (27.75%) | loss: 2.706981 | lrm: 1.00 | dt: 5077.99ms | tok/sec: 206,494 | bf16_mfu: 49.85 | epoch: 1 pq: 36 rg: 0 | total time: 130.49m | eta: 342.0m
step 01546/05568 (27.77%) | loss: 2.714928 | lrm: 1.00 | dt: 5084.74ms | tok/sec: 206,220 | bf16_mfu: 49.79 | epoch: 1 pq: 36 rg: 2 | total time: 130.57m | eta: 341.9m
step 01547/05568 (27.78%) | loss: 2.731663 | lrm: 1.00 | dt: 5698.75ms | tok/sec: 184,001 | bf16_mfu: 44.42 | epoch: 1 pq: 36 rg: 4 | total time: 130.67m | eta: 341.8m
step 01548/05568 (27.80%) | loss: 2.742629 | lrm: 1.00 | dt: 5044.95ms | tok/sec: 207,846 | bf16_mfu: 50.18 | epoch: 1 pq: 36 rg: 6 | total time: 130.75m | eta: 341.8m
step 01549/05568 (27.82%) | loss: 2.737765 | lrm: 1.00 | dt: 5074.32ms | tok/sec: 206,643 | bf16_mfu: 49.89 | epoch: 1 pq: 36 rg: 8 | total time: 130.84m | eta: 341.7m
step 01550/05568 (27.84%) | loss: 2.731594 | lrm: 1.00 | dt: 5078.05ms | tok/sec: 206,491 | bf16_mfu: 49.85 | epoch: 1 pq: 36 rg: 10 | total time: 130.92m | eta: 341.6m
step 01551/05568 (27.86%) | loss: 2.721661 | lrm: 1.00 | dt: 5086.77ms | tok/sec: 206,137 | bf16_mfu: 49.77 | epoch: 1 pq: 36 rg: 12 | total time: 131.01m | eta: 341.5m
step 01552/05568 (27.87%) | loss: 2.701817 | lrm: 1.00 | dt: 5082.98ms | tok/sec: 206,291 | bf16_mfu: 49.80 | epoch: 1 pq: 36 rg: 14 | total time: 131.09m | eta: 341.4m
step 01553/05568 (27.89%) | loss: 2.705883 | lrm: 1.00 | dt: 5083.46ms | tok/sec: 206,272 | bf16_mfu: 49.80 | epoch: 1 pq: 36 rg: 16 | total time: 131.18m | eta: 341.3m
step 01554/05568 (27.91%) | loss: 2.696283 | lrm: 1.00 | dt: 5075.84ms | tok/sec: 206,581 | bf16_mfu: 49.87 | epoch: 1 pq: 36 rg: 18 | total time: 131.26m | eta: 341.2m
step 01555/05568 (27.93%) | loss: 2.688459 | lrm: 1.00 | dt: 5080.63ms | tok/sec: 206,387 | bf16_mfu: 49.83 | epoch: 1 pq: 36 rg: 20 | total time: 131.34m | eta: 341.2m
step 01556/05568 (27.95%) | loss: 2.682246 | lrm: 1.00 | dt: 5077.34ms | tok/sec: 206,520 | bf16_mfu: 49.86 | epoch: 1 pq: 36 rg: 22 | total time: 131.43m | eta: 341.1m
step 01557/05568 (27.96%) | loss: 2.693499 | lrm: 1.00 | dt: 5078.54ms | tok/sec: 206,471 | bf16_mfu: 49.85 | epoch: 1 pq: 36 rg: 24 | total time: 131.51m | eta: 341.0m
step 01558/05568 (27.98%) | loss: 2.704207 | lrm: 1.00 | dt: 5077.05ms | tok/sec: 206,532 | bf16_mfu: 49.86 | epoch: 1 pq: 36 rg: 26 | total time: 131.60m | eta: 340.9m
step 01559/05568 (28.00%) | loss: 2.703378 | lrm: 1.00 | dt: 5080.65ms | tok/sec: 206,386 | bf16_mfu: 49.83 | epoch: 1 pq: 36 rg: 28 | total time: 131.68m | eta: 340.8m
step 01560/05568 (28.02%) | loss: 2.691148 | lrm: 1.00 | dt: 5074.61ms | tok/sec: 206,631 | bf16_mfu: 49.88 | epoch: 1 pq: 36 rg: 30 | total time: 131.77m | eta: 340.7m
step 01561/05568 (28.04%) | loss: 2.684278 | lrm: 1.00 | dt: 5081.68ms | tok/sec: 206,344 | bf16_mfu: 49.82 | epoch: 1 pq: 36 rg: 32 | total time: 131.85m | eta: 340.6m
step 01562/05568 (28.05%) | loss: 2.671963 | lrm: 1.00 | dt: 5080.31ms | tok/sec: 206,400 | bf16_mfu: 49.83 | epoch: 1 pq: 36 rg: 34 | total time: 131.94m | eta: 340.6m
step 01563/05568 (28.07%) | loss: 2.677032 | lrm: 1.00 | dt: 5077.99ms | tok/sec: 206,494 | bf16_mfu: 49.85 | epoch: 1 pq: 36 rg: 36 | total time: 132.02m | eta: 340.5m
step 01564/05568 (28.09%) | loss: 2.667560 | lrm: 1.00 | dt: 5072.79ms | tok/sec: 206,706 | bf16_mfu: 49.90 | epoch: 1 pq: 36 rg: 38 | total time: 132.11m | eta: 340.4m
step 01565/05568 (28.11%) | loss: 2.674057 | lrm: 1.00 | dt: 5334.79ms | tok/sec: 196,554 | bf16_mfu: 47.45 | epoch: 1 pq: 36 rg: 40 | total time: 132.20m | eta: 340.3m
step 01566/05568 (28.12%) | loss: 2.662042 | lrm: 1.00 | dt: 5031.20ms | tok/sec: 208,414 | bf16_mfu: 50.31 | epoch: 1 pq: 36 rg: 42 | total time: 132.28m | eta: 340.2m
step 01567/05568 (28.14%) | loss: 2.664876 | lrm: 1.00 | dt: 5063.60ms | tok/sec: 207,081 | bf16_mfu: 49.99 | epoch: 1 pq: 36 rg: 44 | total time: 132.36m | eta: 340.1m
step 01568/05568 (28.16%) | loss: 2.663264 | lrm: 1.00 | dt: 5054.08ms | tok/sec: 207,471 | bf16_mfu: 50.09 | epoch: 1 pq: 36 rg: 46 | total time: 132.45m | eta: 340.0m
step 01569/05568 (28.18%) | loss: 2.664562 | lrm: 1.00 | dt: 5046.70ms | tok/sec: 207,774 | bf16_mfu: 50.16 | epoch: 1 pq: 36 rg: 48 | total time: 132.53m | eta: 340.0m
step 01570/05568 (28.20%) | loss: 2.673053 | lrm: 1.00 | dt: 5050.44ms | tok/sec: 207,620 | bf16_mfu: 50.12 | epoch: 1 pq: 36 rg: 50 | total time: 132.62m | eta: 339.9m
step 01571/05568 (28.21%) | loss: 2.681083 | lrm: 1.00 | dt: 5050.39ms | tok/sec: 207,622 | bf16_mfu: 50.12 | epoch: 1 pq: 36 rg: 52 | total time: 132.70m | eta: 339.8m
step 01572/05568 (28.23%) | loss: 2.666903 | lrm: 1.00 | dt: 5047.06ms | tok/sec: 207,759 | bf16_mfu: 50.16 | epoch: 1 pq: 36 rg: 54 | total time: 132.78m | eta: 339.7m
step 01573/05568 (28.25%) | loss: 2.654894 | lrm: 1.00 | dt: 5050.37ms | tok/sec: 207,623 | bf16_mfu: 50.12 | epoch: 1 pq: 36 rg: 56 | total time: 132.87m | eta: 339.6m
step 01574/05568 (28.27%) | loss: 2.646817 | lrm: 1.00 | dt: 5043.92ms | tok/sec: 207,889 | bf16_mfu: 50.19 | epoch: 1 pq: 36 rg: 58 | total time: 132.95m | eta: 339.5m
step 01575/05568 (28.29%) | loss: 2.652685 | lrm: 1.00 | dt: 5051.61ms | tok/sec: 207,572 | bf16_mfu: 50.11 | epoch: 1 pq: 36 rg: 58 | total time: 133.04m | eta: 339.4m
step 01576/05568 (28.30%) | loss: 2.644560 | lrm: 1.00 | dt: 5041.76ms | tok/sec: 207,978 | bf16_mfu: 50.21 | epoch: 1 pq: 36 rg: 60 | total time: 133.12m | eta: 339.3m
step 01577/05568 (28.32%) | loss: 2.648887 | lrm: 1.00 | dt: 5042.35ms | tok/sec: 207,953 | bf16_mfu: 50.20 | epoch: 1 pq: 36 rg: 62 | total time: 133.20m | eta: 339.3m
step 01578/05568 (28.34%) | loss: 2.662262 | lrm: 1.00 | dt: 5091.87ms | tok/sec: 205,931 | bf16_mfu: 49.72 | epoch: 1 pq: 36 rg: 64 | total time: 133.29m | eta: 339.2m
step 01579/05568 (28.36%) | loss: 2.661514 | lrm: 1.00 | dt: 5026.84ms | tok/sec: 208,595 | bf16_mfu: 50.36 | epoch: 1 pq: 36 rg: 66 | total time: 133.37m | eta: 339.1m
step 01580/05568 (28.38%) | loss: 2.655190 | lrm: 1.00 | dt: 5041.93ms | tok/sec: 207,971 | bf16_mfu: 50.21 | epoch: 1 pq: 36 rg: 68 | total time: 133.46m | eta: 339.0m
step 01581/05568 (28.39%) | loss: 2.659213 | lrm: 1.00 | dt: 5046.24ms | tok/sec: 207,793 | bf16_mfu: 50.16 | epoch: 1 pq: 36 rg: 70 | total time: 133.54m | eta: 338.9m
step 01582/05568 (28.41%) | loss: 2.659178 | lrm: 1.00 | dt: 5035.76ms | tok/sec: 208,226 | bf16_mfu: 50.27 | epoch: 1 pq: 36 rg: 72 | total time: 133.63m | eta: 338.8m
step 01583/05568 (28.43%) | loss: 2.680156 | lrm: 1.00 | dt: 5039.97ms | tok/sec: 208,052 | bf16_mfu: 50.23 | epoch: 1 pq: 36 rg: 74 | total time: 133.71m | eta: 338.7m
step 01584/05568 (28.45%) | loss: 2.680533 | lrm: 1.00 | dt: 5035.80ms | tok/sec: 208,224 | bf16_mfu: 50.27 | epoch: 1 pq: 36 rg: 76 | total time: 133.79m | eta: 338.6m
step 01585/05568 (28.47%) | loss: 2.686146 | lrm: 1.00 | dt: 5042.02ms | tok/sec: 207,967 | bf16_mfu: 50.21 | epoch: 1 pq: 36 rg: 78 | total time: 133.88m | eta: 338.6m
step 01586/05568 (28.48%) | loss: 2.690207 | lrm: 1.00 | dt: 5041.55ms | tok/sec: 207,986 | bf16_mfu: 50.21 | epoch: 1 pq: 36 rg: 80 | total time: 133.96m | eta: 338.5m
step 01587/05568 (28.50%) | loss: 2.692728 | lrm: 1.00 | dt: 5040.51ms | tok/sec: 208,029 | bf16_mfu: 50.22 | epoch: 1 pq: 37 rg: 0 | total time: 134.05m | eta: 338.4m
step 01588/05568 (28.52%) | loss: 2.694524 | lrm: 1.00 | dt: 5038.22ms | tok/sec: 208,124 | bf16_mfu: 50.24 | epoch: 1 pq: 37 rg: 2 | total time: 134.13m | eta: 338.3m
step 01589/05568 (28.54%) | loss: 2.704438 | lrm: 1.00 | dt: 5044.51ms | tok/sec: 207,864 | bf16_mfu: 50.18 | epoch: 1 pq: 37 rg: 4 | total time: 134.21m | eta: 338.2m
step 01590/05568 (28.56%) | loss: 2.694062 | lrm: 1.00 | dt: 5037.76ms | tok/sec: 208,143 | bf16_mfu: 50.25 | epoch: 1 pq: 37 rg: 6 | total time: 134.30m | eta: 338.1m
step 01591/05568 (28.57%) | loss: 2.694137 | lrm: 1.00 | dt: 5037.32ms | tok/sec: 208,161 | bf16_mfu: 50.25 | epoch: 1 pq: 37 rg: 8 | total time: 134.38m | eta: 338.0m
step 01592/05568 (28.59%) | loss: 2.702982 | lrm: 1.00 | dt: 5043.81ms | tok/sec: 207,893 | bf16_mfu: 50.19 | epoch: 1 pq: 37 rg: 10 | total time: 134.47m | eta: 337.9m
step 01593/05568 (28.61%) | loss: 2.699539 | lrm: 1.00 | dt: 5041.02ms | tok/sec: 208,008 | bf16_mfu: 50.22 | epoch: 1 pq: 37 rg: 12 | total time: 134.55m | eta: 337.9m
step 01594/05568 (28.63%) | loss: 2.692577 | lrm: 1.00 | dt: 7682.82ms | tok/sec: 136,483 | bf16_mfu: 32.95 | epoch: 1 pq: 37 rg: 14 | total time: 134.68m | eta: 337.9m
step 01595/05568 (28.65%) | loss: 2.697533 | lrm: 1.00 | dt: 5008.47ms | tok/sec: 209,360 | bf16_mfu: 50.54 | epoch: 1 pq: 37 rg: 16 | total time: 134.76m | eta: 337.8m
step 01596/05568 (28.66%) | loss: 2.669533 | lrm: 1.00 | dt: 5577.15ms | tok/sec: 188,013 | bf16_mfu: 45.39 | epoch: 1 pq: 37 rg: 18 | total time: 134.85m | eta: 337.7m
step 01597/05568 (28.68%) | loss: 2.670006 | lrm: 1.00 | dt: 5061.15ms | tok/sec: 207,181 | bf16_mfu: 50.02 | epoch: 1 pq: 37 rg: 20 | total time: 134.94m | eta: 337.6m
step 01598/05568 (28.70%) | loss: 2.668881 | lrm: 1.00 | dt: 5062.65ms | tok/sec: 207,119 | bf16_mfu: 50.00 | epoch: 1 pq: 37 rg: 22 | total time: 135.02m | eta: 337.6m
step 01599/05568 (28.72%) | loss: 2.667836 | lrm: 1.00 | dt: 5077.67ms | tok/sec: 206,507 | bf16_mfu: 49.85 | epoch: 1 pq: 37 rg: 24 | total time: 135.11m | eta: 337.5m
step 01600/05568 (28.74%) | loss: 2.659637 | lrm: 1.00 | dt: 4995.08ms | tok/sec: 209,921 | bf16_mfu: 50.68 | epoch: 1 pq: 37 rg: 26 | total time: 135.19m | eta: 337.4m
step 01601/05568 (28.75%) | loss: 2.661860 | lrm: 1.00 | dt: 5043.93ms | tok/sec: 207,888 | bf16_mfu: 50.19 | epoch: 1 pq: 37 rg: 28 | total time: 135.27m | eta: 337.3m
step 01602/05568 (28.77%) | loss: 2.676527 | lrm: 1.00 | dt: 5062.80ms | tok/sec: 207,113 | bf16_mfu: 50.00 | epoch: 1 pq: 37 rg: 30 | total time: 135.36m | eta: 337.2m
step 01603/05568 (28.79%) | loss: 2.654764 | lrm: 1.00 | dt: 5070.13ms | tok/sec: 206,814 | bf16_mfu: 49.93 | epoch: 1 pq: 37 rg: 30 | total time: 135.44m | eta: 337.1m
step 01604/05568 (28.81%) | loss: 2.656173 | lrm: 1.00 | dt: 5078.23ms | tok/sec: 206,484 | bf16_mfu: 49.85 | epoch: 1 pq: 37 rg: 32 | total time: 135.53m | eta: 337.0m
step 01605/05568 (28.83%) | loss: 2.668150 | lrm: 1.00 | dt: 5076.52ms | tok/sec: 206,554 | bf16_mfu: 49.87 | epoch: 1 pq: 37 rg: 34 | total time: 135.61m | eta: 336.9m
step 01606/05568 (28.84%) | loss: 2.662923 | lrm: 1.00 | dt: 5078.44ms | tok/sec: 206,475 | bf16_mfu: 49.85 | epoch: 1 pq: 37 rg: 36 | total time: 135.70m | eta: 336.9m
step 01607/05568 (28.86%) | loss: 2.674982 | lrm: 1.00 | dt: 5082.92ms | tok/sec: 206,294 | bf16_mfu: 49.80 | epoch: 1 pq: 37 rg: 38 | total time: 135.78m | eta: 336.8m
step 01608/05568 (28.88%) | loss: 2.676305 | lrm: 1.00 | dt: 5089.59ms | tok/sec: 206,023 | bf16_mfu: 49.74 | epoch: 1 pq: 37 rg: 40 | total time: 135.87m | eta: 336.7m
step 01609/05568 (28.90%) | loss: 2.673084 | lrm: 1.00 | dt: 5084.71ms | tok/sec: 206,221 | bf16_mfu: 49.79 | epoch: 1 pq: 37 rg: 42 | total time: 135.95m | eta: 336.6m
step 01610/05568 (28.92%) | loss: 2.660517 | lrm: 1.00 | dt: 5076.52ms | tok/sec: 206,554 | bf16_mfu: 49.87 | epoch: 1 pq: 37 rg: 44 | total time: 136.04m | eta: 336.5m
step 01611/05568 (28.93%) | loss: 2.662288 | lrm: 1.00 | dt: 5077.39ms | tok/sec: 206,518 | bf16_mfu: 49.86 | epoch: 1 pq: 37 rg: 46 | total time: 136.12m | eta: 336.4m
step 01612/05568 (28.95%) | loss: 2.649317 | lrm: 1.00 | dt: 5085.24ms | tok/sec: 206,199 | bf16_mfu: 49.78 | epoch: 1 pq: 37 rg: 48 | total time: 136.21m | eta: 336.3m
step 01613/05568 (28.97%) | loss: 2.639895 | lrm: 1.00 | dt: 5087.04ms | tok/sec: 206,126 | bf16_mfu: 49.76 | epoch: 1 pq: 37 rg: 50 | total time: 136.29m | eta: 336.3m
step 01614/05568 (28.99%) | loss: 2.653362 | lrm: 1.00 | dt: 5080.74ms | tok/sec: 206,382 | bf16_mfu: 49.82 | epoch: 1 pq: 37 rg: 52 | total time: 136.38m | eta: 336.2m
step 01615/05568 (29.01%) | loss: 2.659745 | lrm: 1.00 | dt: 5093.84ms | tok/sec: 205,851 | bf16_mfu: 49.70 | epoch: 1 pq: 37 rg: 54 | total time: 136.46m | eta: 336.1m
step 01616/05568 (29.02%) | loss: 2.672647 | lrm: 1.00 | dt: 5082.82ms | tok/sec: 206,298 | bf16_mfu: 49.80 | epoch: 1 pq: 37 rg: 56 | total time: 136.54m | eta: 336.0m
step 01617/05568 (29.04%) | loss: 2.678598 | lrm: 1.00 | dt: 5090.36ms | tok/sec: 205,992 | bf16_mfu: 49.73 | epoch: 1 pq: 37 rg: 58 | total time: 136.63m | eta: 335.9m
step 01618/05568 (29.06%) | loss: 2.673353 | lrm: 1.00 | dt: 5081.43ms | tok/sec: 206,354 | bf16_mfu: 49.82 | epoch: 1 pq: 37 rg: 60 | total time: 136.71m | eta: 335.8m
step 01619/05568 (29.08%) | loss: 2.675021 | lrm: 1.00 | dt: 5080.41ms | tok/sec: 206,395 | bf16_mfu: 49.83 | epoch: 1 pq: 37 rg: 62 | total time: 136.80m | eta: 335.7m
step 01620/05568 (29.09%) | loss: 2.680833 | lrm: 1.00 | dt: 5082.48ms | tok/sec: 206,311 | bf16_mfu: 49.81 | epoch: 1 pq: 37 rg: 64 | total time: 136.88m | eta: 335.7m
step 01621/05568 (29.11%) | loss: 2.690834 | lrm: 1.00 | dt: 5073.64ms | tok/sec: 206,671 | bf16_mfu: 49.89 | epoch: 1 pq: 37 rg: 66 | total time: 136.97m | eta: 335.6m
step 01622/05568 (29.13%) | loss: 2.691395 | lrm: 1.00 | dt: 5070.73ms | tok/sec: 206,789 | bf16_mfu: 49.92 | epoch: 1 pq: 37 rg: 68 | total time: 137.05m | eta: 335.5m
step 01623/05568 (29.15%) | loss: 2.679884 | lrm: 1.00 | dt: 5082.20ms | tok/sec: 206,323 | bf16_mfu: 49.81 | epoch: 1 pq: 37 rg: 70 | total time: 137.14m | eta: 335.4m
step 01624/05568 (29.17%) | loss: 2.675216 | lrm: 1.00 | dt: 5076.99ms | tok/sec: 206,535 | bf16_mfu: 49.86 | epoch: 1 pq: 37 rg: 72 | total time: 137.22m | eta: 335.3m
step 01625/05568 (29.18%) | loss: 2.667867 | lrm: 1.00 | dt: 5081.96ms | tok/sec: 206,333 | bf16_mfu: 49.81 | epoch: 1 pq: 37 rg: 74 | total time: 137.31m | eta: 335.2m
step 01626/05568 (29.20%) | loss: 2.664063 | lrm: 1.00 | dt: 5079.34ms | tok/sec: 206,439 | bf16_mfu: 49.84 | epoch: 1 pq: 37 rg: 76 | total time: 137.39m | eta: 335.1m
step 01627/05568 (29.22%) | loss: 2.658194 | lrm: 1.00 | dt: 5083.15ms | tok/sec: 206,284 | bf16_mfu: 49.80 | epoch: 1 pq: 37 rg: 78 | total time: 137.48m | eta: 335.1m
step 01628/05568 (29.24%) | loss: 2.662718 | lrm: 1.00 | dt: 5081.35ms | tok/sec: 206,357 | bf16_mfu: 49.82 | epoch: 1 pq: 37 rg: 80 | total time: 137.56m | eta: 335.0m
step 01629/05568 (29.26%) | loss: 2.685747 | lrm: 1.00 | dt: 5173.76ms | tok/sec: 202,672 | bf16_mfu: 48.93 | epoch: 1 pq: 38 rg: 0 | total time: 137.65m | eta: 334.9m
step 01630/05568 (29.27%) | loss: 2.687702 | lrm: 1.00 | dt: 5074.36ms | tok/sec: 206,641 | bf16_mfu: 49.89 | epoch: 1 pq: 38 rg: 2 | total time: 137.73m | eta: 334.8m
step 01631/05568 (29.29%) | loss: 2.689997 | lrm: 1.00 | dt: 5085.67ms | tok/sec: 206,182 | bf16_mfu: 49.78 | epoch: 1 pq: 38 rg: 4 | total time: 137.82m | eta: 334.7m
step 01632/05568 (29.31%) | loss: 2.689957 | lrm: 1.00 | dt: 5071.84ms | tok/sec: 206,744 | bf16_mfu: 49.91 | epoch: 1 pq: 38 rg: 6 | total time: 137.90m | eta: 334.6m
step 01633/05568 (29.33%) | loss: 2.680046 | lrm: 1.00 | dt: 5087.51ms | tok/sec: 206,108 | bf16_mfu: 49.76 | epoch: 1 pq: 38 rg: 8 | total time: 137.99m | eta: 334.5m
step 01634/05568 (29.35%) | loss: 2.684553 | lrm: 1.00 | dt: 5076.90ms | tok/sec: 206,538 | bf16_mfu: 49.86 | epoch: 1 pq: 38 rg: 10 | total time: 138.07m | eta: 334.5m
step 01635/05568 (29.36%) | loss: 2.680473 | lrm: 1.00 | dt: 5078.10ms | tok/sec: 206,489 | bf16_mfu: 49.85 | epoch: 1 pq: 38 rg: 12 | total time: 138.15m | eta: 334.4m
step 01636/05568 (29.38%) | loss: 2.690786 | lrm: 1.00 | dt: 5083.48ms | tok/sec: 206,271 | bf16_mfu: 49.80 | epoch: 1 pq: 38 rg: 14 | total time: 138.24m | eta: 334.3m
step 01637/05568 (29.40%) | loss: 2.684085 | lrm: 1.00 | dt: 5076.62ms | tok/sec: 206,550 | bf16_mfu: 49.86 | epoch: 1 pq: 38 rg: 16 | total time: 138.32m | eta: 334.2m
step 01638/05568 (29.42%) | loss: 2.702140 | lrm: 1.00 | dt: 5073.93ms | tok/sec: 206,659 | bf16_mfu: 49.89 | epoch: 1 pq: 38 rg: 18 | total time: 138.41m | eta: 334.1m
step 01639/05568 (29.44%) | loss: 2.700175 | lrm: 1.00 | dt: 5072.80ms | tok/sec: 206,705 | bf16_mfu: 49.90 | epoch: 1 pq: 38 rg: 20 | total time: 138.49m | eta: 334.0m
step 01640/05568 (29.45%) | loss: 2.678702 | lrm: 1.00 | dt: 5061.99ms | tok/sec: 207,147 | bf16_mfu: 50.01 | epoch: 1 pq: 38 rg: 20 | total time: 138.58m | eta: 333.9m
step 01641/05568 (29.47%) | loss: 2.681884 | lrm: 1.00 | dt: 5059.65ms | tok/sec: 207,242 | bf16_mfu: 50.03 | epoch: 1 pq: 38 rg: 22 | total time: 138.66m | eta: 333.9m
step 01642/05568 (29.49%) | loss: 2.690753 | lrm: 1.00 | dt: 5058.09ms | tok/sec: 207,306 | bf16_mfu: 50.05 | epoch: 1 pq: 38 rg: 24 | total time: 138.75m | eta: 333.8m
step 01643/05568 (29.51%) | loss: 2.689380 | lrm: 1.00 | dt: 5066.02ms | tok/sec: 206,982 | bf16_mfu: 49.97 | epoch: 1 pq: 38 rg: 26 | total time: 138.83m | eta: 333.7m
step 01644/05568 (29.53%) | loss: 2.703630 | lrm: 1.00 | dt: 5060.91ms | tok/sec: 207,191 | bf16_mfu: 50.02 | epoch: 1 pq: 38 rg: 28 | total time: 138.92m | eta: 333.6m
step 01645/05568 (29.54%) | loss: 2.708064 | lrm: 1.00 | dt: 5064.81ms | tok/sec: 207,031 | bf16_mfu: 49.98 | epoch: 1 pq: 38 rg: 30 | total time: 139.00m | eta: 333.5m
step 01646/05568 (29.56%) | loss: 2.703626 | lrm: 1.00 | dt: 5074.46ms | tok/sec: 206,638 | bf16_mfu: 49.89 | epoch: 1 pq: 38 rg: 32 | total time: 139.08m | eta: 333.4m
step 01647/05568 (29.58%) | loss: 2.702561 | lrm: 1.00 | dt: 5058.23ms | tok/sec: 207,300 | bf16_mfu: 50.05 | epoch: 1 pq: 38 rg: 34 | total time: 139.17m | eta: 333.3m
step 01648/05568 (29.60%) | loss: 2.693057 | lrm: 1.00 | dt: 5070.00ms | tok/sec: 206,819 | bf16_mfu: 49.93 | epoch: 1 pq: 38 rg: 36 | total time: 139.25m | eta: 333.3m
step 01649/05568 (29.62%) | loss: 2.693527 | lrm: 1.00 | dt: 5067.76ms | tok/sec: 206,911 | bf16_mfu: 49.95 | epoch: 1 pq: 38 rg: 38 | total time: 139.34m | eta: 333.2m
step 01650/05568 (29.63%) | loss: 2.697675 | lrm: 1.00 | dt: 5080.69ms | tok/sec: 206,384 | bf16_mfu: 49.82 | epoch: 1 pq: 38 rg: 40 | total time: 139.42m | eta: 333.1m
step 01651/05568 (29.65%) | loss: 2.699630 | lrm: 1.00 | dt: 5080.27ms | tok/sec: 206,401 | bf16_mfu: 49.83 | epoch: 1 pq: 38 rg: 42 | total time: 139.51m | eta: 333.0m
step 01652/05568 (29.67%) | loss: 2.691094 | lrm: 1.00 | dt: 5838.02ms | tok/sec: 179,611 | bf16_mfu: 43.36 | epoch: 1 pq: 38 rg: 44 | total time: 139.60m | eta: 332.9m
step 01653/05568 (29.69%) | loss: 2.674011 | lrm: 1.00 | dt: 5125.13ms | tok/sec: 204,595 | bf16_mfu: 49.39 | epoch: 1 pq: 38 rg: 46 | total time: 139.69m | eta: 332.9m
step 01654/05568 (29.71%) | loss: 2.667647 | lrm: 1.00 | dt: 5055.65ms | tok/sec: 207,406 | bf16_mfu: 50.07 | epoch: 1 pq: 38 rg: 48 | total time: 139.77m | eta: 332.8m
step 01655/05568 (29.72%) | loss: 2.681185 | lrm: 1.00 | dt: 5060.59ms | tok/sec: 207,204 | bf16_mfu: 50.02 | epoch: 1 pq: 38 rg: 50 | total time: 139.86m | eta: 332.7m
step 01656/05568 (29.74%) | loss: 2.692996 | lrm: 1.00 | dt: 5071.38ms | tok/sec: 206,763 | bf16_mfu: 49.92 | epoch: 1 pq: 38 rg: 52 | total time: 139.94m | eta: 332.6m
step 01657/05568 (29.76%) | loss: 2.680077 | lrm: 1.00 | dt: 5068.89ms | tok/sec: 206,865 | bf16_mfu: 49.94 | epoch: 1 pq: 38 rg: 54 | total time: 140.03m | eta: 332.5m
step 01658/05568 (29.78%) | loss: 2.666914 | lrm: 1.00 | dt: 5058.79ms | tok/sec: 207,277 | bf16_mfu: 50.04 | epoch: 1 pq: 38 rg: 56 | total time: 140.11m | eta: 332.4m
step 01659/05568 (29.80%) | loss: 2.683690 | lrm: 1.00 | dt: 5055.74ms | tok/sec: 207,402 | bf16_mfu: 50.07 | epoch: 1 pq: 38 rg: 58 | total time: 140.20m | eta: 332.3m
step 01660/05568 (29.81%) | loss: 2.675004 | lrm: 1.00 | dt: 5064.81ms | tok/sec: 207,031 | bf16_mfu: 49.98 | epoch: 1 pq: 38 rg: 60 | total time: 140.28m | eta: 332.3m
step 01661/05568 (29.83%) | loss: 2.666697 | lrm: 1.00 | dt: 5059.35ms | tok/sec: 207,255 | bf16_mfu: 50.03 | epoch: 1 pq: 38 rg: 62 | total time: 140.36m | eta: 332.2m
step 01662/05568 (29.85%) | loss: 2.682255 | lrm: 1.00 | dt: 5049.71ms | tok/sec: 207,650 | bf16_mfu: 50.13 | epoch: 1 pq: 38 rg: 64 | total time: 140.45m | eta: 332.1m
step 01663/05568 (29.87%) | loss: 2.688348 | lrm: 1.00 | dt: 5058.17ms | tok/sec: 207,303 | bf16_mfu: 50.05 | epoch: 1 pq: 38 rg: 66 | total time: 140.53m | eta: 332.0m
step 01664/05568 (29.89%) | loss: 2.680533 | lrm: 1.00 | dt: 5059.71ms | tok/sec: 207,240 | bf16_mfu: 50.03 | epoch: 1 pq: 38 rg: 68 | total time: 140.62m | eta: 331.9m
step 01665/05568 (29.90%) | loss: 2.672599 | lrm: 1.00 | dt: 5052.20ms | tok/sec: 207,548 | bf16_mfu: 50.11 | epoch: 1 pq: 38 rg: 70 | total time: 140.70m | eta: 331.8m
step 01666/05568 (29.92%) | loss: 2.667829 | lrm: 1.00 | dt: 5059.42ms | tok/sec: 207,252 | bf16_mfu: 50.03 | epoch: 1 pq: 38 rg: 72 | total time: 140.79m | eta: 331.7m
step 01667/05568 (29.94%) | loss: 2.671034 | lrm: 1.00 | dt: 5066.84ms | tok/sec: 206,948 | bf16_mfu: 49.96 | epoch: 1 pq: 38 rg: 74 | total time: 140.87m | eta: 331.6m
step 01668/05568 (29.96%) | loss: 2.668536 | lrm: 1.00 | dt: 5121.60ms | tok/sec: 204,735 | bf16_mfu: 49.43 | epoch: 1 pq: 38 rg: 76 | total time: 140.96m | eta: 331.6m
step 01669/05568 (29.97%) | loss: 2.669086 | lrm: 1.00 | dt: 5076.28ms | tok/sec: 206,563 | bf16_mfu: 49.87 | epoch: 1 pq: 38 rg: 78 | total time: 141.04m | eta: 331.5m
step 01670/05568 (29.99%) | loss: 2.674696 | lrm: 1.00 | dt: 5078.23ms | tok/sec: 206,484 | bf16_mfu: 49.85 | epoch: 1 pq: 38 rg: 80 | total time: 141.12m | eta: 331.4m
step 01671/05568 (30.01%) | loss: 2.672136 | lrm: 1.00 | dt: 5087.84ms | tok/sec: 206,094 | bf16_mfu: 49.75 | epoch: 1 pq: 38 rg: 82 | total time: 141.21m | eta: 331.3m
step 01672/05568 (30.03%) | loss: 2.685366 | lrm: 1.00 | dt: 5085.39ms | tok/sec: 206,193 | bf16_mfu: 49.78 | epoch: 1 pq: 38 rg: 82 | total time: 141.29m | eta: 331.2m
step 01673/05568 (30.05%) | loss: 2.676411 | lrm: 1.00 | dt: 5285.65ms | tok/sec: 198,381 | bf16_mfu: 47.89 | epoch: 1 pq: 39 rg: 0 | total time: 141.38m | eta: 331.1m
step 01674/05568 (30.06%) | loss: 2.677306 | lrm: 1.00 | dt: 5082.41ms | tok/sec: 206,314 | bf16_mfu: 49.81 | epoch: 1 pq: 39 rg: 2 | total time: 141.47m | eta: 331.1m
step 01675/05568 (30.08%) | loss: 2.673137 | lrm: 1.00 | dt: 5077.94ms | tok/sec: 206,496 | bf16_mfu: 49.85 | epoch: 1 pq: 39 rg: 4 | total time: 141.55m | eta: 331.0m
step 01676/05568 (30.10%) | loss: 2.668469 | lrm: 1.00 | dt: 5073.76ms | tok/sec: 206,666 | bf16_mfu: 49.89 | epoch: 1 pq: 39 rg: 6 | total time: 141.64m | eta: 330.9m
step 01677/05568 (30.12%) | loss: 2.681970 | lrm: 1.00 | dt: 5076.01ms | tok/sec: 206,574 | bf16_mfu: 49.87 | epoch: 1 pq: 39 rg: 8 | total time: 141.72m | eta: 330.8m
step 01678/05568 (30.14%) | loss: 2.676511 | lrm: 1.00 | dt: 5074.73ms | tok/sec: 206,626 | bf16_mfu: 49.88 | epoch: 1 pq: 39 rg: 10 | total time: 141.81m | eta: 330.7m
step 01679/05568 (30.15%) | loss: 2.681722 | lrm: 1.00 | dt: 5079.04ms | tok/sec: 206,451 | bf16_mfu: 49.84 | epoch: 1 pq: 39 rg: 12 | total time: 141.89m | eta: 330.6m
step 01680/05568 (30.17%) | loss: 2.664822 | lrm: 1.00 | dt: 5080.85ms | tok/sec: 206,377 | bf16_mfu: 49.82 | epoch: 1 pq: 39 rg: 14 | total time: 141.97m | eta: 330.5m
step 01681/05568 (30.19%) | loss: 2.664160 | lrm: 1.00 | dt: 5082.54ms | tok/sec: 206,309 | bf16_mfu: 49.81 | epoch: 1 pq: 39 rg: 16 | total time: 142.06m | eta: 330.5m
step 01682/05568 (30.21%) | loss: 2.669338 | lrm: 1.00 | dt: 5085.79ms | tok/sec: 206,177 | bf16_mfu: 49.77 | epoch: 1 pq: 39 rg: 18 | total time: 142.14m | eta: 330.4m
step 01683/05568 (30.23%) | loss: 2.670745 | lrm: 1.00 | dt: 5080.06ms | tok/sec: 206,410 | bf16_mfu: 49.83 | epoch: 1 pq: 39 rg: 20 | total time: 142.23m | eta: 330.3m
step 01684/05568 (30.24%) | loss: 2.694067 | lrm: 1.00 | dt: 5086.22ms | tok/sec: 206,160 | bf16_mfu: 49.77 | epoch: 1 pq: 39 rg: 22 | total time: 142.31m | eta: 330.2m
step 01685/05568 (30.26%) | loss: 2.691502 | lrm: 1.00 | dt: 5080.81ms | tok/sec: 206,379 | bf16_mfu: 49.82 | epoch: 1 pq: 39 rg: 24 | total time: 142.40m | eta: 330.1m
step 01686/05568 (30.28%) | loss: 2.699944 | lrm: 1.00 | dt: 5070.05ms | tok/sec: 206,817 | bf16_mfu: 49.93 | epoch: 1 pq: 39 rg: 26 | total time: 142.48m | eta: 330.0m
step 01687/05568 (30.30%) | loss: 2.703134 | lrm: 1.00 | dt: 5083.78ms | tok/sec: 206,259 | bf16_mfu: 49.79 | epoch: 1 pq: 39 rg: 28 | total time: 142.57m | eta: 329.9m
step 01688/05568 (30.32%) | loss: 2.714183 | lrm: 1.00 | dt: 5068.16ms | tok/sec: 206,894 | bf16_mfu: 49.95 | epoch: 1 pq: 39 rg: 30 | total time: 142.65m | eta: 329.9m
step 01689/05568 (30.33%) | loss: 2.714436 | lrm: 1.00 | dt: 5084.29ms | tok/sec: 206,238 | bf16_mfu: 49.79 | epoch: 1 pq: 39 rg: 32 | total time: 142.74m | eta: 329.8m
step 01690/05568 (30.35%) | loss: 2.715414 | lrm: 1.00 | dt: 5073.35ms | tok/sec: 206,682 | bf16_mfu: 49.90 | epoch: 1 pq: 39 rg: 34 | total time: 142.82m | eta: 329.7m
step 01691/05568 (30.37%) | loss: 2.704282 | lrm: 1.00 | dt: 5362.75ms | tok/sec: 195,529 | bf16_mfu: 47.20 | epoch: 1 pq: 39 rg: 36 | total time: 142.91m | eta: 329.6m
step 01692/05568 (30.39%) | loss: 2.700113 | lrm: 1.00 | dt: 5061.16ms | tok/sec: 207,180 | bf16_mfu: 50.02 | epoch: 1 pq: 39 rg: 38 | total time: 143.00m | eta: 329.5m
step 01693/05568 (30.41%) | loss: 2.695824 | lrm: 1.00 | dt: 5062.99ms | tok/sec: 207,106 | bf16_mfu: 50.00 | epoch: 1 pq: 39 rg: 40 | total time: 143.08m | eta: 329.4m
step 01694/05568 (30.42%) | loss: 2.700970 | lrm: 1.00 | dt: 5057.14ms | tok/sec: 207,345 | bf16_mfu: 50.06 | epoch: 1 pq: 39 rg: 42 | total time: 143.16m | eta: 329.3m
step 01695/05568 (30.44%) | loss: 2.705276 | lrm: 1.00 | dt: 5057.53ms | tok/sec: 207,329 | bf16_mfu: 50.05 | epoch: 1 pq: 39 rg: 44 | total time: 143.25m | eta: 329.3m
step 01696/05568 (30.46%) | loss: 2.707693 | lrm: 1.00 | dt: 5058.51ms | tok/sec: 207,289 | bf16_mfu: 50.04 | epoch: 1 pq: 39 rg: 46 | total time: 143.33m | eta: 329.2m
step 01697/05568 (30.48%) | loss: 2.711655 | lrm: 1.00 | dt: 5059.90ms | tok/sec: 207,232 | bf16_mfu: 50.03 | epoch: 1 pq: 39 rg: 48 | total time: 143.42m | eta: 329.1m
step 01698/05568 (30.50%) | loss: 2.700809 | lrm: 1.00 | dt: 5061.84ms | tok/sec: 207,152 | bf16_mfu: 50.01 | epoch: 1 pq: 39 rg: 50 | total time: 143.50m | eta: 329.0m
step 01699/05568 (30.51%) | loss: 2.702930 | lrm: 1.00 | dt: 5084.24ms | tok/sec: 206,240 | bf16_mfu: 49.79 | epoch: 1 pq: 39 rg: 52 | total time: 143.59m | eta: 328.9m
step 01700/05568 (30.53%) | loss: 2.704853 | lrm: 1.00 | dt: 5044.78ms | tok/sec: 207,853 | bf16_mfu: 50.18 | epoch: 1 pq: 39 rg: 54 | total time: 143.67m | eta: 328.8m
step 01701/05568 (30.55%) | loss: 2.692514 | lrm: 1.00 | dt: 5043.67ms | tok/sec: 207,899 | bf16_mfu: 50.19 | epoch: 1 pq: 39 rg: 56 | total time: 143.75m | eta: 328.7m
step 01702/05568 (30.57%) | loss: 2.688550 | lrm: 1.00 | dt: 5048.70ms | tok/sec: 207,692 | bf16_mfu: 50.14 | epoch: 1 pq: 39 rg: 58 | total time: 143.84m | eta: 328.7m
step 01703/05568 (30.59%) | loss: 2.696721 | lrm: 1.00 | dt: 5047.63ms | tok/sec: 207,736 | bf16_mfu: 50.15 | epoch: 1 pq: 39 rg: 60 | total time: 143.92m | eta: 328.6m
step 01704/05568 (30.60%) | loss: 2.698206 | lrm: 1.00 | dt: 5053.82ms | tok/sec: 207,481 | bf16_mfu: 50.09 | epoch: 1 pq: 39 rg: 62 | total time: 144.01m | eta: 328.5m
step 01705/05568 (30.62%) | loss: 2.710289 | lrm: 1.00 | dt: 5062.42ms | tok/sec: 207,129 | bf16_mfu: 50.00 | epoch: 1 pq: 39 rg: 62 | total time: 144.09m | eta: 328.4m
step 01706/05568 (30.64%) | loss: 2.706911 | lrm: 1.00 | dt: 5064.89ms | tok/sec: 207,028 | bf16_mfu: 49.98 | epoch: 1 pq: 39 rg: 64 | total time: 144.18m | eta: 328.3m
step 01707/05568 (30.66%) | loss: 2.700652 | lrm: 1.00 | dt: 5073.11ms | tok/sec: 206,692 | bf16_mfu: 49.90 | epoch: 1 pq: 39 rg: 66 | total time: 144.26m | eta: 328.2m
step 01708/05568 (30.68%) | loss: 2.685177 | lrm: 1.00 | dt: 5075.58ms | tok/sec: 206,592 | bf16_mfu: 49.87 | epoch: 1 pq: 39 rg: 68 | total time: 144.34m | eta: 328.1m
step 01709/05568 (30.69%) | loss: 2.697848 | lrm: 1.00 | dt: 5079.62ms | tok/sec: 206,427 | bf16_mfu: 49.84 | epoch: 1 pq: 39 rg: 70 | total time: 144.43m | eta: 328.0m
step 01710/05568 (30.71%) | loss: 2.687114 | lrm: 1.00 | dt: 5085.26ms | tok/sec: 206,198 | bf16_mfu: 49.78 | epoch: 1 pq: 39 rg: 72 | total time: 144.51m | eta: 328.0m
step 01711/05568 (30.73%) | loss: 2.681561 | lrm: 1.00 | dt: 5079.45ms | tok/sec: 206,435 | bf16_mfu: 49.84 | epoch: 1 pq: 39 rg: 74 | total time: 144.60m | eta: 327.9m
step 01712/05568 (30.75%) | loss: 2.683494 | lrm: 1.00 | dt: 5312.92ms | tok/sec: 197,363 | bf16_mfu: 47.65 | epoch: 1 pq: 39 rg: 76 | total time: 144.69m | eta: 327.8m
step 01713/05568 (30.77%) | loss: 2.692623 | lrm: 1.00 | dt: 5083.36ms | tok/sec: 206,276 | bf16_mfu: 49.80 | epoch: 1 pq: 39 rg: 78 | total time: 144.77m | eta: 327.7m
step 01714/05568 (30.78%) | loss: 2.683028 | lrm: 1.00 | dt: 5080.01ms | tok/sec: 206,412 | bf16_mfu: 49.83 | epoch: 1 pq: 39 rg: 80 | total time: 144.86m | eta: 327.6m
step 01715/05568 (30.80%) | loss: 2.697738 | lrm: 1.00 | dt: 5083.16ms | tok/sec: 206,284 | bf16_mfu: 49.80 | epoch: 1 pq: 39 rg: 82 | total time: 144.94m | eta: 327.5m
step 01716/05568 (30.82%) | loss: 2.710485 | lrm: 1.00 | dt: 5883.90ms | tok/sec: 178,211 | bf16_mfu: 43.02 | epoch: 1 pq: 40 rg: 0 | total time: 145.04m | eta: 327.5m
step 01717/05568 (30.84%) | loss: 2.723240 | lrm: 1.00 | dt: 6185.29ms | tok/sec: 169,527 | bf16_mfu: 40.93 | epoch: 1 pq: 40 rg: 2 | total time: 145.14m | eta: 327.4m
step 01718/05568 (30.85%) | loss: 2.698450 | lrm: 1.00 | dt: 5055.02ms | tok/sec: 207,432 | bf16_mfu: 50.08 | epoch: 1 pq: 40 rg: 4 | total time: 145.23m | eta: 327.4m
step 01719/05568 (30.87%) | loss: 2.685130 | lrm: 1.00 | dt: 5081.99ms | tok/sec: 206,331 | bf16_mfu: 49.81 | epoch: 1 pq: 40 rg: 6 | total time: 145.31m | eta: 327.3m
step 01720/05568 (30.89%) | loss: 2.706132 | lrm: 1.00 | dt: 5078.53ms | tok/sec: 206,472 | bf16_mfu: 49.85 | epoch: 1 pq: 40 rg: 8 | total time: 145.40m | eta: 327.2m
step 01721/05568 (30.91%) | loss: 2.698479 | lrm: 1.00 | dt: 5084.52ms | tok/sec: 206,229 | bf16_mfu: 49.79 | epoch: 1 pq: 40 rg: 10 | total time: 145.48m | eta: 327.1m
step 01722/05568 (30.93%) | loss: 2.696244 | lrm: 1.00 | dt: 5089.61ms | tok/sec: 206,023 | bf16_mfu: 49.74 | epoch: 1 pq: 40 rg: 12 | total time: 145.57m | eta: 327.0m
step 01723/05568 (30.94%) | loss: 2.694551 | lrm: 1.00 | dt: 5079.79ms | tok/sec: 206,421 | bf16_mfu: 49.83 | epoch: 1 pq: 40 rg: 14 | total time: 145.65m | eta: 326.9m
step 01724/05568 (30.96%) | loss: 2.696826 | lrm: 1.00 | dt: 5073.89ms | tok/sec: 206,661 | bf16_mfu: 49.89 | epoch: 1 pq: 40 rg: 16 | total time: 145.73m | eta: 326.8m
step 01725/05568 (30.98%) | loss: 2.703307 | lrm: 1.00 | dt: 5083.19ms | tok/sec: 206,282 | bf16_mfu: 49.80 | epoch: 1 pq: 40 rg: 18 | total time: 145.82m | eta: 326.8m
step 01726/05568 (31.00%) | loss: 2.698191 | lrm: 1.00 | dt: 5078.99ms | tok/sec: 206,453 | bf16_mfu: 49.84 | epoch: 1 pq: 40 rg: 20 | total time: 145.90m | eta: 326.7m
step 01727/05568 (31.02%) | loss: 2.692534 | lrm: 1.00 | dt: 5083.05ms | tok/sec: 206,288 | bf16_mfu: 49.80 | epoch: 1 pq: 40 rg: 22 | total time: 145.99m | eta: 326.6m
step 01728/05568 (31.03%) | loss: 2.707524 | lrm: 1.00 | dt: 5083.83ms | tok/sec: 206,256 | bf16_mfu: 49.79 | epoch: 1 pq: 40 rg: 24 | total time: 146.07m | eta: 326.5m
step 01729/05568 (31.05%) | loss: 2.712032 | lrm: 1.00 | dt: 5074.97ms | tok/sec: 206,617 | bf16_mfu: 49.88 | epoch: 1 pq: 40 rg: 26 | total time: 146.16m | eta: 326.4m
step 01730/05568 (31.07%) | loss: 2.701726 | lrm: 1.00 | dt: 5080.09ms | tok/sec: 206,409 | bf16_mfu: 49.83 | epoch: 1 pq: 40 rg: 28 | total time: 146.24m | eta: 326.3m
step 01731/05568 (31.09%) | loss: 2.707185 | lrm: 1.00 | dt: 5082.15ms | tok/sec: 206,325 | bf16_mfu: 49.81 | epoch: 1 pq: 40 rg: 30 | total time: 146.33m | eta: 326.2m
step 01732/05568 (31.11%) | loss: 2.697147 | lrm: 1.00 | dt: 5082.39ms | tok/sec: 206,315 | bf16_mfu: 49.81 | epoch: 1 pq: 40 rg: 32 | total time: 146.41m | eta: 326.2m
step 01733/05568 (31.12%) | loss: 2.698714 | lrm: 1.00 | dt: 5083.30ms | tok/sec: 206,278 | bf16_mfu: 49.80 | epoch: 1 pq: 40 rg: 34 | total time: 146.50m | eta: 326.1m
step 01734/05568 (31.14%) | loss: 2.711535 | lrm: 1.00 | dt: 5083.32ms | tok/sec: 206,277 | bf16_mfu: 49.80 | epoch: 1 pq: 40 rg: 36 | total time: 146.58m | eta: 326.0m
step 01735/05568 (31.16%) | loss: 2.713104 | lrm: 1.00 | dt: 5095.29ms | tok/sec: 205,793 | bf16_mfu: 49.68 | epoch: 1 pq: 40 rg: 38 | total time: 146.67m | eta: 325.9m
step 01736/05568 (31.18%) | loss: 2.711207 | lrm: 1.00 | dt: 5086.07ms | tok/sec: 206,166 | bf16_mfu: 49.77 | epoch: 1 pq: 40 rg: 40 | total time: 146.75m | eta: 325.8m
step 01737/05568 (31.20%) | loss: 2.707169 | lrm: 1.00 | dt: 5070.68ms | tok/sec: 206,792 | bf16_mfu: 49.92 | epoch: 1 pq: 40 rg: 40 | total time: 146.84m | eta: 325.7m
step 01738/05568 (31.21%) | loss: 2.704165 | lrm: 1.00 | dt: 5089.98ms | tok/sec: 206,007 | bf16_mfu: 49.73 | epoch: 1 pq: 40 rg: 42 | total time: 146.92m | eta: 325.6m
step 01739/05568 (31.23%) | loss: 2.707963 | lrm: 1.00 | dt: 5084.08ms | tok/sec: 206,247 | bf16_mfu: 49.79 | epoch: 1 pq: 40 rg: 44 | total time: 147.01m | eta: 325.6m
step 01740/05568 (31.25%) | loss: 2.700234 | lrm: 1.00 | dt: 5079.27ms | tok/sec: 206,442 | bf16_mfu: 49.84 | epoch: 1 pq: 40 rg: 46 | total time: 147.09m | eta: 325.5m
step 01741/05568 (31.27%) | loss: 2.698156 | lrm: 1.00 | dt: 5078.75ms | tok/sec: 206,463 | bf16_mfu: 49.84 | epoch: 1 pq: 40 rg: 48 | total time: 147.17m | eta: 325.4m
step 01742/05568 (31.29%) | loss: 2.687218 | lrm: 1.00 | dt: 5086.65ms | tok/sec: 206,142 | bf16_mfu: 49.77 | epoch: 1 pq: 40 rg: 50 | total time: 147.26m | eta: 325.3m
step 01743/05568 (31.30%) | loss: 2.689786 | lrm: 1.00 | dt: 5076.27ms | tok/sec: 206,564 | bf16_mfu: 49.87 | epoch: 1 pq: 40 rg: 52 | total time: 147.34m | eta: 325.2m
step 01744/05568 (31.32%) | loss: 2.698523 | lrm: 1.00 | dt: 5082.14ms | tok/sec: 206,325 | bf16_mfu: 49.81 | epoch: 1 pq: 40 rg: 54 | total time: 147.43m | eta: 325.1m
step 01745/05568 (31.34%) | loss: 2.697092 | lrm: 1.00 | dt: 5083.68ms | tok/sec: 206,263 | bf16_mfu: 49.80 | epoch: 1 pq: 40 rg: 56 | total time: 147.51m | eta: 325.0m
step 01746/05568 (31.36%) | loss: 2.675621 | lrm: 1.00 | dt: 5074.95ms | tok/sec: 206,617 | bf16_mfu: 49.88 | epoch: 1 pq: 40 rg: 58 | total time: 147.60m | eta: 325.0m
step 01747/05568 (31.38%) | loss: 2.671997 | lrm: 1.00 | dt: 5076.52ms | tok/sec: 206,553 | bf16_mfu: 49.87 | epoch: 1 pq: 40 rg: 60 | total time: 147.68m | eta: 324.9m
step 01748/05568 (31.39%) | loss: 2.670882 | lrm: 1.00 | dt: 5077.05ms | tok/sec: 206,532 | bf16_mfu: 49.86 | epoch: 1 pq: 40 rg: 62 | total time: 147.77m | eta: 324.8m
step 01749/05568 (31.41%) | loss: 2.673416 | lrm: 1.00 | dt: 5067.39ms | tok/sec: 206,926 | bf16_mfu: 49.96 | epoch: 1 pq: 40 rg: 64 | total time: 147.85m | eta: 324.7m
Step 01750 | Validation bpb: 0.815259
step 01750/05568 (31.43%) | loss: 2.674471 | lrm: 1.00 | dt: 5069.02ms | tok/sec: 206,859 | bf16_mfu: 49.94 | epoch: 1 pq: 40 rg: 66 | total time: 147.94m | eta: 324.6m
step 01751/05568 (31.45%) | loss: 2.674364 | lrm: 1.00 | dt: 5079.05ms | tok/sec: 206,451 | bf16_mfu: 49.84 | epoch: 1 pq: 40 rg: 68 | total time: 148.02m | eta: 324.5m
step 01752/05568 (31.47%) | loss: 2.671371 | lrm: 1.00 | dt: 5083.51ms | tok/sec: 206,269 | bf16_mfu: 49.80 | epoch: 1 pq: 40 rg: 70 | total time: 148.11m | eta: 324.4m
step 01753/05568 (31.48%) | loss: 2.668896 | lrm: 1.00 | dt: 5073.47ms | tok/sec: 206,678 | bf16_mfu: 49.90 | epoch: 1 pq: 40 rg: 72 | total time: 148.19m | eta: 324.4m
step 01754/05568 (31.50%) | loss: 2.662729 | lrm: 1.00 | dt: 5079.45ms | tok/sec: 206,435 | bf16_mfu: 49.84 | epoch: 1 pq: 40 rg: 74 | total time: 148.27m | eta: 324.3m
step 01755/05568 (31.52%) | loss: 2.659288 | lrm: 1.00 | dt: 5077.46ms | tok/sec: 206,515 | bf16_mfu: 49.86 | epoch: 1 pq: 40 rg: 76 | total time: 148.36m | eta: 324.2m
step 01756/05568 (31.54%) | loss: 2.666035 | lrm: 1.00 | dt: 5077.03ms | tok/sec: 206,533 | bf16_mfu: 49.86 | epoch: 1 pq: 40 rg: 78 | total time: 148.44m | eta: 324.1m
step 01757/05568 (31.56%) | loss: 2.661567 | lrm: 1.00 | dt: 5077.04ms | tok/sec: 206,532 | bf16_mfu: 49.86 | epoch: 1 pq: 40 rg: 80 | total time: 148.53m | eta: 324.0m
step 01758/05568 (31.57%) | loss: 2.647894 | lrm: 1.00 | dt: 5079.50ms | tok/sec: 206,433 | bf16_mfu: 49.84 | epoch: 1 pq: 41 rg: 0 | total time: 148.61m | eta: 323.9m
step 01759/05568 (31.59%) | loss: 2.652237 | lrm: 1.00 | dt: 5077.25ms | tok/sec: 206,524 | bf16_mfu: 49.86 | epoch: 1 pq: 41 rg: 2 | total time: 148.70m | eta: 323.8m
step 01760/05568 (31.61%) | loss: 2.654134 | lrm: 1.00 | dt: 5082.01ms | tok/sec: 206,330 | bf16_mfu: 49.81 | epoch: 1 pq: 41 rg: 4 | total time: 148.78m | eta: 323.8m
step 01761/05568 (31.63%) | loss: 2.662241 | lrm: 1.00 | dt: 5081.90ms | tok/sec: 206,335 | bf16_mfu: 49.81 | epoch: 1 pq: 41 rg: 6 | total time: 148.87m | eta: 323.7m
step 01762/05568 (31.65%) | loss: 2.656692 | lrm: 1.00 | dt: 5072.48ms | tok/sec: 206,718 | bf16_mfu: 49.91 | epoch: 1 pq: 41 rg: 8 | total time: 148.95m | eta: 323.6m
step 01763/05568 (31.66%) | loss: 2.653521 | lrm: 1.00 | dt: 5081.29ms | tok/sec: 206,360 | bf16_mfu: 49.82 | epoch: 1 pq: 41 rg: 10 | total time: 149.04m | eta: 323.5m
step 01764/05568 (31.68%) | loss: 2.638797 | lrm: 1.00 | dt: 5075.14ms | tok/sec: 206,610 | bf16_mfu: 49.88 | epoch: 1 pq: 41 rg: 10 | total time: 149.12m | eta: 323.4m
step 01765/05568 (31.70%) | loss: 2.655942 | lrm: 1.00 | dt: 5073.12ms | tok/sec: 206,692 | bf16_mfu: 49.90 | epoch: 1 pq: 41 rg: 12 | total time: 149.21m | eta: 323.3m
step 01766/05568 (31.72%) | loss: 2.648892 | lrm: 1.00 | dt: 5073.23ms | tok/sec: 206,688 | bf16_mfu: 49.90 | epoch: 1 pq: 41 rg: 14 | total time: 149.29m | eta: 323.2m
step 01767/05568 (31.73%) | loss: 2.647025 | lrm: 1.00 | dt: 5078.30ms | tok/sec: 206,481 | bf16_mfu: 49.85 | epoch: 1 pq: 41 rg: 16 | total time: 149.37m | eta: 323.1m
step 01768/05568 (31.75%) | loss: 2.634530 | lrm: 1.00 | dt: 5070.53ms | tok/sec: 206,798 | bf16_mfu: 49.92 | epoch: 1 pq: 41 rg: 18 | total time: 149.46m | eta: 323.1m
step 01769/05568 (31.77%) | loss: 2.649639 | lrm: 1.00 | dt: 5085.18ms | tok/sec: 206,202 | bf16_mfu: 49.78 | epoch: 1 pq: 41 rg: 20 | total time: 149.54m | eta: 323.0m
step 01770/05568 (31.79%) | loss: 2.652121 | lrm: 1.00 | dt: 5084.21ms | tok/sec: 206,241 | bf16_mfu: 49.79 | epoch: 1 pq: 41 rg: 22 | total time: 149.63m | eta: 322.9m
step 01771/05568 (31.81%) | loss: 2.652791 | lrm: 1.00 | dt: 5074.67ms | tok/sec: 206,629 | bf16_mfu: 49.88 | epoch: 1 pq: 41 rg: 24 | total time: 149.71m | eta: 322.8m
step 01772/05568 (31.82%) | loss: 2.655704 | lrm: 1.00 | dt: 5078.71ms | tok/sec: 206,464 | bf16_mfu: 49.84 | epoch: 1 pq: 41 rg: 26 | total time: 149.80m | eta: 322.7m
step 01773/05568 (31.84%) | loss: 2.638080 | lrm: 1.00 | dt: 5074.78ms | tok/sec: 206,624 | bf16_mfu: 49.88 | epoch: 1 pq: 41 rg: 28 | total time: 149.88m | eta: 322.6m
step 01774/05568 (31.86%) | loss: 2.639948 | lrm: 1.00 | dt: 5076.67ms | tok/sec: 206,548 | bf16_mfu: 49.86 | epoch: 1 pq: 41 rg: 30 | total time: 149.97m | eta: 322.5m
step 01775/05568 (31.88%) | loss: 2.646430 | lrm: 1.00 | dt: 5693.45ms | tok/sec: 184,172 | bf16_mfu: 44.46 | epoch: 1 pq: 41 rg: 32 | total time: 150.06m | eta: 322.5m
step 01776/05568 (31.90%) | loss: 2.639155 | lrm: 1.00 | dt: 5195.46ms | tok/sec: 201,825 | bf16_mfu: 48.72 | epoch: 1 pq: 41 rg: 34 | total time: 150.15m | eta: 322.4m
step 01777/05568 (31.91%) | loss: 2.607149 | lrm: 1.00 | dt: 5051.19ms | tok/sec: 207,589 | bf16_mfu: 50.12 | epoch: 1 pq: 41 rg: 36 | total time: 150.23m | eta: 322.3m
step 01778/05568 (31.93%) | loss: 2.604913 | lrm: 1.00 | dt: 5061.50ms | tok/sec: 207,167 | bf16_mfu: 50.01 | epoch: 1 pq: 41 rg: 38 | total time: 150.32m | eta: 322.2m
step 01779/05568 (31.95%) | loss: 2.621025 | lrm: 1.00 | dt: 5059.94ms | tok/sec: 207,230 | bf16_mfu: 50.03 | epoch: 1 pq: 41 rg: 40 | total time: 150.40m | eta: 322.1m
step 01780/05568 (31.97%) | loss: 2.634406 | lrm: 1.00 | dt: 5071.13ms | tok/sec: 206,773 | bf16_mfu: 49.92 | epoch: 1 pq: 41 rg: 42 | total time: 150.49m | eta: 322.1m
step 01781/05568 (31.99%) | loss: 2.638095 | lrm: 1.00 | dt: 5065.57ms | tok/sec: 207,000 | bf16_mfu: 49.97 | epoch: 1 pq: 41 rg: 44 | total time: 150.57m | eta: 322.0m
step 01782/05568 (32.00%) | loss: 2.627091 | lrm: 1.00 | dt: 5068.10ms | tok/sec: 206,897 | bf16_mfu: 49.95 | epoch: 1 pq: 41 rg: 46 | total time: 150.66m | eta: 321.9m
step 01783/05568 (32.02%) | loss: 2.634490 | lrm: 1.00 | dt: 5060.31ms | tok/sec: 207,215 | bf16_mfu: 50.03 | epoch: 1 pq: 41 rg: 48 | total time: 150.74m | eta: 321.8m
step 01784/05568 (32.04%) | loss: 2.628276 | lrm: 1.00 | dt: 5062.59ms | tok/sec: 207,122 | bf16_mfu: 50.00 | epoch: 1 pq: 41 rg: 50 | total time: 150.82m | eta: 321.7m
step 01785/05568 (32.06%) | loss: 2.630902 | lrm: 1.00 | dt: 5058.61ms | tok/sec: 207,285 | bf16_mfu: 50.04 | epoch: 1 pq: 41 rg: 52 | total time: 150.91m | eta: 321.6m
step 01786/05568 (32.08%) | loss: 2.607171 | lrm: 1.00 | dt: 5044.65ms | tok/sec: 207,858 | bf16_mfu: 50.18 | epoch: 1 pq: 41 rg: 54 | total time: 150.99m | eta: 321.5m
step 01787/05568 (32.09%) | loss: 2.605204 | lrm: 1.00 | dt: 5051.21ms | tok/sec: 207,588 | bf16_mfu: 50.12 | epoch: 1 pq: 41 rg: 56 | total time: 151.08m | eta: 321.5m
step 01788/05568 (32.11%) | loss: 2.612581 | lrm: 1.00 | dt: 5041.89ms | tok/sec: 207,972 | bf16_mfu: 50.21 | epoch: 1 pq: 41 rg: 58 | total time: 151.16m | eta: 321.4m
step 01789/05568 (32.13%) | loss: 2.629009 | lrm: 1.00 | dt: 5225.49ms | tok/sec: 200,665 | bf16_mfu: 48.44 | epoch: 1 pq: 41 rg: 60 | total time: 151.25m | eta: 321.3m
step 01790/05568 (32.15%) | loss: 2.635568 | lrm: 1.00 | dt: 5039.27ms | tok/sec: 208,080 | bf16_mfu: 50.23 | epoch: 1 pq: 41 rg: 62 | total time: 151.33m | eta: 321.2m
step 01791/05568 (32.17%) | loss: 2.640202 | lrm: 1.00 | dt: 5046.76ms | tok/sec: 207,772 | bf16_mfu: 50.16 | epoch: 1 pq: 41 rg: 64 | total time: 151.42m | eta: 321.1m
step 01792/05568 (32.18%) | loss: 2.633898 | lrm: 1.00 | dt: 5044.41ms | tok/sec: 207,868 | bf16_mfu: 50.18 | epoch: 1 pq: 41 rg: 66 | total time: 151.50m | eta: 321.0m
step 01793/05568 (32.20%) | loss: 2.634753 | lrm: 1.00 | dt: 5043.40ms | tok/sec: 207,910 | bf16_mfu: 50.19 | epoch: 1 pq: 41 rg: 68 | total time: 151.58m | eta: 320.9m
step 01794/05568 (32.22%) | loss: 2.652075 | lrm: 1.00 | dt: 5039.50ms | tok/sec: 208,071 | bf16_mfu: 50.23 | epoch: 1 pq: 41 rg: 70 | total time: 151.67m | eta: 320.8m
step 01795/05568 (32.24%) | loss: 2.637488 | lrm: 1.00 | dt: 5037.75ms | tok/sec: 208,143 | bf16_mfu: 50.25 | epoch: 1 pq: 41 rg: 72 | total time: 151.75m | eta: 320.8m
step 01796/05568 (32.26%) | loss: 2.635790 | lrm: 1.00 | dt: 5046.53ms | tok/sec: 207,781 | bf16_mfu: 50.16 | epoch: 1 pq: 41 rg: 74 | total time: 151.84m | eta: 320.7m
step 01797/05568 (32.27%) | loss: 2.617570 | lrm: 1.00 | dt: 5039.90ms | tok/sec: 208,054 | bf16_mfu: 50.23 | epoch: 1 pq: 41 rg: 76 | total time: 151.92m | eta: 320.6m
step 01798/05568 (32.29%) | loss: 2.629703 | lrm: 1.00 | dt: 5081.09ms | tok/sec: 206,368 | bf16_mfu: 49.82 | epoch: 1 pq: 41 rg: 78 | total time: 152.00m | eta: 320.5m
step 01799/05568 (32.31%) | loss: 2.646402 | lrm: 1.00 | dt: 5036.03ms | tok/sec: 208,214 | bf16_mfu: 50.27 | epoch: 1 pq: 41 rg: 80 | total time: 152.09m | eta: 320.4m
step 01800/05568 (32.33%) | loss: 2.649232 | lrm: 1.00 | dt: 4962.20ms | tok/sec: 211,312 | bf16_mfu: 51.01 | epoch: 1 pq: 41 rg: 82 | total time: 152.17m | eta: 320.3m
step 01801/05568 (32.35%) | loss: 2.653222 | lrm: 1.00 | dt: 5005.15ms | tok/sec: 209,499 | bf16_mfu: 50.58 | epoch: 1 pq: 42 rg: 0 | total time: 152.25m | eta: 320.2m
step 01802/05568 (32.36%) | loss: 2.653100 | lrm: 1.00 | dt: 5013.10ms | tok/sec: 209,166 | bf16_mfu: 50.50 | epoch: 1 pq: 42 rg: 2 | total time: 152.34m | eta: 320.1m
step 01803/05568 (32.38%) | loss: 2.650628 | lrm: 1.00 | dt: 5018.00ms | tok/sec: 208,962 | bf16_mfu: 50.45 | epoch: 1 pq: 42 rg: 4 | total time: 152.42m | eta: 320.1m
step 01804/05568 (32.40%) | loss: 2.650027 | lrm: 1.00 | dt: 5031.48ms | tok/sec: 208,403 | bf16_mfu: 50.31 | epoch: 1 pq: 42 rg: 6 | total time: 152.51m | eta: 320.0m
step 01805/05568 (32.42%) | loss: 2.655005 | lrm: 1.00 | dt: 5023.37ms | tok/sec: 208,739 | bf16_mfu: 50.39 | epoch: 1 pq: 42 rg: 8 | total time: 152.59m | eta: 319.9m
step 01806/05568 (32.44%) | loss: 2.661079 | lrm: 1.00 | dt: 5027.86ms | tok/sec: 208,553 | bf16_mfu: 50.35 | epoch: 1 pq: 42 rg: 8 | total time: 152.67m | eta: 319.8m
step 01807/05568 (32.45%) | loss: 2.670905 | lrm: 1.00 | dt: 5018.19ms | tok/sec: 208,954 | bf16_mfu: 50.45 | epoch: 1 pq: 42 rg: 10 | total time: 152.76m | eta: 319.7m
step 01808/05568 (32.47%) | loss: 2.673216 | lrm: 1.00 | dt: 5028.87ms | tok/sec: 208,511 | bf16_mfu: 50.34 | epoch: 1 pq: 42 rg: 12 | total time: 152.84m | eta: 319.6m
step 01809/05568 (32.49%) | loss: 2.685308 | lrm: 1.00 | dt: 5028.06ms | tok/sec: 208,544 | bf16_mfu: 50.35 | epoch: 1 pq: 42 rg: 14 | total time: 152.92m | eta: 319.5m
step 01810/05568 (32.51%) | loss: 2.679291 | lrm: 1.00 | dt: 5029.03ms | tok/sec: 208,504 | bf16_mfu: 50.34 | epoch: 1 pq: 42 rg: 16 | total time: 153.01m | eta: 319.4m
step 01811/05568 (32.53%) | loss: 2.666096 | lrm: 1.00 | dt: 5021.95ms | tok/sec: 208,798 | bf16_mfu: 50.41 | epoch: 1 pq: 42 rg: 18 | total time: 153.09m | eta: 319.4m
step 01812/05568 (32.54%) | loss: 2.657960 | lrm: 1.00 | dt: 5029.56ms | tok/sec: 208,482 | bf16_mfu: 50.33 | epoch: 1 pq: 42 rg: 20 | total time: 153.18m | eta: 319.3m
step 01813/05568 (32.56%) | loss: 2.635264 | lrm: 1.00 | dt: 5053.01ms | tok/sec: 207,514 | bf16_mfu: 50.10 | epoch: 1 pq: 42 rg: 22 | total time: 153.26m | eta: 319.2m
step 01814/05568 (32.58%) | loss: 2.648010 | lrm: 1.00 | dt: 5022.53ms | tok/sec: 208,774 | bf16_mfu: 50.40 | epoch: 1 pq: 42 rg: 24 | total time: 153.34m | eta: 319.1m
step 01815/05568 (32.60%) | loss: 2.671621 | lrm: 1.00 | dt: 5026.08ms | tok/sec: 208,627 | bf16_mfu: 50.37 | epoch: 1 pq: 42 rg: 26 | total time: 153.43m | eta: 319.0m
step 01816/05568 (32.61%) | loss: 2.663816 | lrm: 1.00 | dt: 5025.93ms | tok/sec: 208,633 | bf16_mfu: 50.37 | epoch: 1 pq: 42 rg: 28 | total time: 153.51m | eta: 318.9m
step 01817/05568 (32.63%) | loss: 2.666715 | lrm: 1.00 | dt: 5020.00ms | tok/sec: 208,879 | bf16_mfu: 50.43 | epoch: 1 pq: 42 rg: 30 | total time: 153.59m | eta: 318.8m
step 01818/05568 (32.65%) | loss: 2.657213 | lrm: 1.00 | dt: 5033.80ms | tok/sec: 208,307 | bf16_mfu: 50.29 | epoch: 1 pq: 42 rg: 32 | total time: 153.68m | eta: 318.7m
step 01819/05568 (32.67%) | loss: 2.664459 | lrm: 1.00 | dt: 5019.99ms | tok/sec: 208,880 | bf16_mfu: 50.43 | epoch: 1 pq: 42 rg: 34 | total time: 153.76m | eta: 318.7m
step 01820/05568 (32.69%) | loss: 2.657963 | lrm: 1.00 | dt: 5032.37ms | tok/sec: 208,366 | bf16_mfu: 50.30 | epoch: 1 pq: 42 rg: 36 | total time: 153.85m | eta: 318.6m
step 01821/05568 (32.70%) | loss: 2.658835 | lrm: 1.00 | dt: 5022.69ms | tok/sec: 208,767 | bf16_mfu: 50.40 | epoch: 1 pq: 42 rg: 38 | total time: 153.93m | eta: 318.5m
step 01822/05568 (32.72%) | loss: 2.673866 | lrm: 1.00 | dt: 5022.65ms | tok/sec: 208,769 | bf16_mfu: 50.40 | epoch: 1 pq: 42 rg: 40 | total time: 154.01m | eta: 318.4m
step 01823/05568 (32.74%) | loss: 2.666177 | lrm: 1.00 | dt: 5023.19ms | tok/sec: 208,747 | bf16_mfu: 50.40 | epoch: 1 pq: 42 rg: 42 | total time: 154.10m | eta: 318.3m
step 01824/05568 (32.76%) | loss: 2.683903 | lrm: 1.00 | dt: 5025.54ms | tok/sec: 208,649 | bf16_mfu: 50.37 | epoch: 1 pq: 42 rg: 44 | total time: 154.18m | eta: 318.2m
step 01825/05568 (32.78%) | loss: 2.697195 | lrm: 1.00 | dt: 5023.66ms | tok/sec: 208,727 | bf16_mfu: 50.39 | epoch: 1 pq: 42 rg: 46 | total time: 154.26m | eta: 318.1m
step 01826/05568 (32.79%) | loss: 2.695677 | lrm: 1.00 | dt: 5020.56ms | tok/sec: 208,856 | bf16_mfu: 50.42 | epoch: 1 pq: 42 rg: 48 | total time: 154.35m | eta: 318.0m
step 01827/05568 (32.81%) | loss: 2.683574 | lrm: 1.00 | dt: 5027.41ms | tok/sec: 208,571 | bf16_mfu: 50.35 | epoch: 1 pq: 42 rg: 50 | total time: 154.43m | eta: 318.0m
step 01828/05568 (32.83%) | loss: 2.678521 | lrm: 1.00 | dt: 5024.07ms | tok/sec: 208,710 | bf16_mfu: 50.39 | epoch: 1 pq: 42 rg: 52 | total time: 154.52m | eta: 317.9m
step 01829/05568 (32.85%) | loss: 2.675804 | lrm: 1.00 | dt: 5022.46ms | tok/sec: 208,777 | bf16_mfu: 50.40 | epoch: 1 pq: 42 rg: 54 | total time: 154.60m | eta: 317.8m
step 01830/05568 (32.87%) | loss: 2.661674 | lrm: 1.00 | dt: 5027.31ms | tok/sec: 208,575 | bf16_mfu: 50.35 | epoch: 1 pq: 42 rg: 56 | total time: 154.68m | eta: 317.7m
step 01831/05568 (32.88%) | loss: 2.650910 | lrm: 1.00 | dt: 5022.31ms | tok/sec: 208,783 | bf16_mfu: 50.40 | epoch: 1 pq: 42 rg: 58 | total time: 154.77m | eta: 317.6m
step 01832/05568 (32.90%) | loss: 2.642618 | lrm: 1.00 | dt: 5025.48ms | tok/sec: 208,651 | bf16_mfu: 50.37 | epoch: 1 pq: 42 rg: 60 | total time: 154.85m | eta: 317.5m
step 01833/05568 (32.92%) | loss: 2.647249 | lrm: 1.00 | dt: 5032.47ms | tok/sec: 208,362 | bf16_mfu: 50.30 | epoch: 1 pq: 42 rg: 62 | total time: 154.93m | eta: 317.4m
step 01834/05568 (32.94%) | loss: 2.635892 | lrm: 1.00 | dt: 5027.35ms | tok/sec: 208,574 | bf16_mfu: 50.35 | epoch: 1 pq: 42 rg: 64 | total time: 155.02m | eta: 317.3m
step 01835/05568 (32.96%) | loss: 2.652787 | lrm: 1.00 | dt: 5029.25ms | tok/sec: 208,495 | bf16_mfu: 50.33 | epoch: 1 pq: 42 rg: 66 | total time: 155.10m | eta: 317.3m
step 01836/05568 (32.97%) | loss: 2.660651 | lrm: 1.00 | dt: 5226.97ms | tok/sec: 200,608 | bf16_mfu: 48.43 | epoch: 1 pq: 42 rg: 68 | total time: 155.19m | eta: 317.2m
step 01837/05568 (32.99%) | loss: 2.668463 | lrm: 1.00 | dt: 5007.11ms | tok/sec: 209,417 | bf16_mfu: 50.56 | epoch: 1 pq: 42 rg: 70 | total time: 155.27m | eta: 317.1m
step 01838/05568 (33.01%) | loss: 2.686878 | lrm: 1.00 | dt: 5031.78ms | tok/sec: 208,390 | bf16_mfu: 50.31 | epoch: 1 pq: 42 rg: 70 | total time: 155.36m | eta: 317.0m
step 01839/05568 (33.03%) | loss: 2.687446 | lrm: 1.00 | dt: 5015.25ms | tok/sec: 209,077 | bf16_mfu: 50.47 | epoch: 1 pq: 42 rg: 72 | total time: 155.44m | eta: 316.9m
step 01840/05568 (33.05%) | loss: 2.677792 | lrm: 1.00 | dt: 5027.68ms | tok/sec: 208,560 | bf16_mfu: 50.35 | epoch: 1 pq: 42 rg: 74 | total time: 155.52m | eta: 316.8m
step 01841/05568 (33.06%) | loss: 2.665159 | lrm: 1.00 | dt: 5036.94ms | tok/sec: 208,177 | bf16_mfu: 50.26 | epoch: 1 pq: 42 rg: 76 | total time: 155.61m | eta: 316.7m
step 01842/05568 (33.08%) | loss: 2.674672 | lrm: 1.00 | dt: 5024.21ms | tok/sec: 208,704 | bf16_mfu: 50.38 | epoch: 1 pq: 42 rg: 78 | total time: 155.69m | eta: 316.7m
step 01843/05568 (33.10%) | loss: 2.696825 | lrm: 1.00 | dt: 5031.50ms | tok/sec: 208,402 | bf16_mfu: 50.31 | epoch: 1 pq: 42 rg: 80 | total time: 155.78m | eta: 316.6m
step 01844/05568 (33.12%) | loss: 2.681099 | lrm: 1.00 | dt: 5033.18ms | tok/sec: 208,332 | bf16_mfu: 50.30 | epoch: 1 pq: 43 rg: 0 | total time: 155.86m | eta: 316.5m
step 01845/05568 (33.14%) | loss: 2.693254 | lrm: 1.00 | dt: 5022.56ms | tok/sec: 208,773 | bf16_mfu: 50.40 | epoch: 1 pq: 43 rg: 2 | total time: 155.94m | eta: 316.4m
step 01846/05568 (33.15%) | loss: 2.682711 | lrm: 1.00 | dt: 5023.94ms | tok/sec: 208,715 | bf16_mfu: 50.39 | epoch: 1 pq: 43 rg: 4 | total time: 156.03m | eta: 316.3m
step 01847/05568 (33.17%) | loss: 2.677970 | lrm: 1.00 | dt: 5029.94ms | tok/sec: 208,467 | bf16_mfu: 50.33 | epoch: 1 pq: 43 rg: 6 | total time: 156.11m | eta: 316.2m
step 01848/05568 (33.19%) | loss: 2.680129 | lrm: 1.00 | dt: 5034.52ms | tok/sec: 208,277 | bf16_mfu: 50.28 | epoch: 1 pq: 43 rg: 8 | total time: 156.19m | eta: 316.1m
step 01849/05568 (33.21%) | loss: 2.690489 | lrm: 1.00 | dt: 5020.89ms | tok/sec: 208,842 | bf16_mfu: 50.42 | epoch: 1 pq: 43 rg: 10 | total time: 156.28m | eta: 316.0m
step 01850/05568 (33.23%) | loss: 2.689716 | lrm: 1.00 | dt: 5024.65ms | tok/sec: 208,686 | bf16_mfu: 50.38 | epoch: 1 pq: 43 rg: 12 | total time: 156.36m | eta: 316.0m
step 01851/05568 (33.24%) | loss: 2.696902 | lrm: 1.00 | dt: 5409.04ms | tok/sec: 193,856 | bf16_mfu: 46.80 | epoch: 1 pq: 43 rg: 14 | total time: 156.45m | eta: 315.9m
step 01852/05568 (33.26%) | loss: 2.702021 | lrm: 1.00 | dt: 5028.43ms | tok/sec: 208,529 | bf16_mfu: 50.34 | epoch: 1 pq: 43 rg: 16 | total time: 156.54m | eta: 315.8m
step 01853/05568 (33.28%) | loss: 2.702459 | lrm: 1.00 | dt: 5025.40ms | tok/sec: 208,655 | bf16_mfu: 50.37 | epoch: 1 pq: 43 rg: 18 | total time: 156.62m | eta: 315.7m
step 01854/05568 (33.30%) | loss: 2.695685 | lrm: 1.00 | dt: 5026.42ms | tok/sec: 208,612 | bf16_mfu: 50.36 | epoch: 1 pq: 43 rg: 20 | total time: 156.70m | eta: 315.6m
step 01855/05568 (33.32%) | loss: 2.698536 | lrm: 1.00 | dt: 5024.54ms | tok/sec: 208,690 | bf16_mfu: 50.38 | epoch: 1 pq: 43 rg: 22 | total time: 156.79m | eta: 315.5m
step 01856/05568 (33.33%) | loss: 2.696816 | lrm: 1.00 | dt: 5030.08ms | tok/sec: 208,461 | bf16_mfu: 50.33 | epoch: 1 pq: 43 rg: 24 | total time: 156.87m | eta: 315.4m
step 01857/05568 (33.35%) | loss: 2.705828 | lrm: 1.00 | dt: 5019.88ms | tok/sec: 208,884 | bf16_mfu: 50.43 | epoch: 1 pq: 43 rg: 26 | total time: 156.96m | eta: 315.4m
step 01858/05568 (33.37%) | loss: 2.710712 | lrm: 1.00 | dt: 5030.69ms | tok/sec: 208,435 | bf16_mfu: 50.32 | epoch: 1 pq: 43 rg: 28 | total time: 157.04m | eta: 315.3m
step 01859/05568 (33.39%) | loss: 2.697305 | lrm: 1.00 | dt: 5036.89ms | tok/sec: 208,179 | bf16_mfu: 50.26 | epoch: 1 pq: 43 rg: 30 | total time: 157.12m | eta: 315.2m
step 01860/05568 (33.41%) | loss: 2.697081 | lrm: 1.00 | dt: 5032.50ms | tok/sec: 208,360 | bf16_mfu: 50.30 | epoch: 1 pq: 43 rg: 32 | total time: 157.21m | eta: 315.1m
step 01861/05568 (33.42%) | loss: 2.692000 | lrm: 1.00 | dt: 5025.72ms | tok/sec: 208,642 | bf16_mfu: 50.37 | epoch: 1 pq: 43 rg: 34 | total time: 157.29m | eta: 315.0m
step 01862/05568 (33.44%) | loss: 2.686832 | lrm: 1.00 | dt: 5019.39ms | tok/sec: 208,905 | bf16_mfu: 50.43 | epoch: 1 pq: 43 rg: 36 | total time: 157.37m | eta: 314.9m
step 01863/05568 (33.46%) | loss: 2.691148 | lrm: 1.00 | dt: 5024.28ms | tok/sec: 208,701 | bf16_mfu: 50.38 | epoch: 1 pq: 43 rg: 38 | total time: 157.46m | eta: 314.8m
step 01864/05568 (33.48%) | loss: 2.688310 | lrm: 1.00 | dt: 5096.09ms | tok/sec: 205,761 | bf16_mfu: 49.67 | epoch: 1 pq: 43 rg: 40 | total time: 157.54m | eta: 314.7m
step 01865/05568 (33.49%) | loss: 2.671424 | lrm: 1.00 | dt: 5019.93ms | tok/sec: 208,882 | bf16_mfu: 50.43 | epoch: 1 pq: 43 rg: 42 | total time: 157.63m | eta: 314.7m
step 01866/05568 (33.51%) | loss: 2.683685 | lrm: 1.00 | dt: 5026.87ms | tok/sec: 208,594 | bf16_mfu: 50.36 | epoch: 1 pq: 43 rg: 44 | total time: 157.71m | eta: 314.6m
step 01867/05568 (33.53%) | loss: 2.673756 | lrm: 1.00 | dt: 5023.13ms | tok/sec: 208,749 | bf16_mfu: 50.40 | epoch: 1 pq: 43 rg: 46 | total time: 157.79m | eta: 314.5m
step 01868/05568 (33.55%) | loss: 2.666281 | lrm: 1.00 | dt: 5025.51ms | tok/sec: 208,650 | bf16_mfu: 50.37 | epoch: 1 pq: 43 rg: 48 | total time: 157.88m | eta: 314.4m
step 01869/05568 (33.57%) | loss: 2.675087 | lrm: 1.00 | dt: 5020.86ms | tok/sec: 208,843 | bf16_mfu: 50.42 | epoch: 1 pq: 43 rg: 50 | total time: 157.96m | eta: 314.3m
step 01870/05568 (33.58%) | loss: 2.652745 | lrm: 1.00 | dt: 5023.24ms | tok/sec: 208,744 | bf16_mfu: 50.39 | epoch: 1 pq: 43 rg: 52 | total time: 158.05m | eta: 314.2m
step 01871/05568 (33.60%) | loss: 2.644790 | lrm: 1.00 | dt: 5026.43ms | tok/sec: 208,612 | bf16_mfu: 50.36 | epoch: 1 pq: 43 rg: 54 | total time: 158.13m | eta: 314.1m
step 01872/05568 (33.62%) | loss: 2.663532 | lrm: 1.00 | dt: 5030.70ms | tok/sec: 208,435 | bf16_mfu: 50.32 | epoch: 1 pq: 43 rg: 54 | total time: 158.21m | eta: 314.0m
step 01873/05568 (33.64%) | loss: 2.659936 | lrm: 1.00 | dt: 5022.71ms | tok/sec: 208,766 | bf16_mfu: 50.40 | epoch: 1 pq: 43 rg: 56 | total time: 158.30m | eta: 314.0m
step 01874/05568 (33.66%) | loss: 2.672136 | lrm: 1.00 | dt: 5023.91ms | tok/sec: 208,716 | bf16_mfu: 50.39 | epoch: 1 pq: 43 rg: 58 | total time: 158.38m | eta: 313.9m
step 01875/05568 (33.67%) | loss: 2.662010 | lrm: 1.00 | dt: 5022.89ms | tok/sec: 208,759 | bf16_mfu: 50.40 | epoch: 1 pq: 43 rg: 60 | total time: 158.46m | eta: 313.8m
step 01876/05568 (33.69%) | loss: 2.666681 | lrm: 1.00 | dt: 5018.03ms | tok/sec: 208,961 | bf16_mfu: 50.45 | epoch: 1 pq: 43 rg: 62 | total time: 158.55m | eta: 313.7m
step 01877/05568 (33.71%) | loss: 2.671624 | lrm: 1.00 | dt: 5021.54ms | tok/sec: 208,815 | bf16_mfu: 50.41 | epoch: 1 pq: 43 rg: 64 | total time: 158.63m | eta: 313.6m
step 01878/05568 (33.73%) | loss: 2.686300 | lrm: 1.00 | dt: 5027.30ms | tok/sec: 208,576 | bf16_mfu: 50.35 | epoch: 1 pq: 43 rg: 66 | total time: 158.72m | eta: 313.5m
step 01879/05568 (33.75%) | loss: 2.686086 | lrm: 1.00 | dt: 5026.18ms | tok/sec: 208,622 | bf16_mfu: 50.37 | epoch: 1 pq: 43 rg: 68 | total time: 158.80m | eta: 313.4m
step 01880/05568 (33.76%) | loss: 2.679987 | lrm: 1.00 | dt: 5023.49ms | tok/sec: 208,734 | bf16_mfu: 50.39 | epoch: 1 pq: 43 rg: 70 | total time: 158.88m | eta: 313.3m
step 01881/05568 (33.78%) | loss: 2.686027 | lrm: 1.00 | dt: 5026.15ms | tok/sec: 208,623 | bf16_mfu: 50.37 | epoch: 1 pq: 43 rg: 72 | total time: 158.97m | eta: 313.3m
step 01882/05568 (33.80%) | loss: 2.675187 | lrm: 1.00 | dt: 5018.78ms | tok/sec: 208,930 | bf16_mfu: 50.44 | epoch: 1 pq: 43 rg: 74 | total time: 159.05m | eta: 313.2m
step 01883/05568 (33.82%) | loss: 2.667288 | lrm: 1.00 | dt: 5013.74ms | tok/sec: 209,140 | bf16_mfu: 50.49 | epoch: 1 pq: 43 rg: 76 | total time: 159.13m | eta: 313.1m
step 01884/05568 (33.84%) | loss: 2.659205 | lrm: 1.00 | dt: 5027.14ms | tok/sec: 208,583 | bf16_mfu: 50.36 | epoch: 1 pq: 43 rg: 78 | total time: 159.22m | eta: 313.0m
step 01885/05568 (33.85%) | loss: 2.654158 | lrm: 1.00 | dt: 5018.79ms | tok/sec: 208,930 | bf16_mfu: 50.44 | epoch: 1 pq: 43 rg: 80 | total time: 159.30m | eta: 312.9m
step 01886/05568 (33.87%) | loss: 2.640900 | lrm: 1.00 | dt: 5018.98ms | tok/sec: 208,922 | bf16_mfu: 50.44 | epoch: 1 pq: 44 rg: 0 | total time: 159.38m | eta: 312.8m
step 01887/05568 (33.89%) | loss: 2.653407 | lrm: 1.00 | dt: 5019.95ms | tok/sec: 208,881 | bf16_mfu: 50.43 | epoch: 1 pq: 44 rg: 2 | total time: 159.47m | eta: 312.7m
step 01888/05568 (33.91%) | loss: 2.663341 | lrm: 1.00 | dt: 5075.31ms | tok/sec: 206,603 | bf16_mfu: 49.88 | epoch: 1 pq: 44 rg: 4 | total time: 159.55m | eta: 312.6m
step 01889/05568 (33.93%) | loss: 2.690634 | lrm: 1.00 | dt: 5016.66ms | tok/sec: 209,018 | bf16_mfu: 50.46 | epoch: 1 pq: 44 rg: 6 | total time: 159.64m | eta: 312.6m
step 01890/05568 (33.94%) | loss: 2.682885 | lrm: 1.00 | dt: 5018.14ms | tok/sec: 208,957 | bf16_mfu: 50.45 | epoch: 1 pq: 44 rg: 8 | total time: 159.72m | eta: 312.5m
step 01891/05568 (33.96%) | loss: 2.664228 | lrm: 1.00 | dt: 5021.65ms | tok/sec: 208,810 | bf16_mfu: 50.41 | epoch: 1 pq: 44 rg: 10 | total time: 159.80m | eta: 312.4m
step 01892/05568 (33.98%) | loss: 2.659211 | lrm: 1.00 | dt: 5018.87ms | tok/sec: 208,926 | bf16_mfu: 50.44 | epoch: 1 pq: 44 rg: 12 | total time: 159.89m | eta: 312.3m
step 01893/05568 (34.00%) | loss: 2.648250 | lrm: 1.00 | dt: 5030.00ms | tok/sec: 208,464 | bf16_mfu: 50.33 | epoch: 1 pq: 44 rg: 14 | total time: 159.97m | eta: 312.2m
step 01894/05568 (34.02%) | loss: 2.671134 | lrm: 1.00 | dt: 5623.04ms | tok/sec: 186,478 | bf16_mfu: 45.02 | epoch: 1 pq: 44 rg: 16 | total time: 160.06m | eta: 312.1m
step 01895/05568 (34.03%) | loss: 2.678998 | lrm: 1.00 | dt: 4992.71ms | tok/sec: 210,021 | bf16_mfu: 50.70 | epoch: 1 pq: 44 rg: 18 | total time: 160.15m | eta: 312.1m
step 01896/05568 (34.05%) | loss: 2.675103 | lrm: 1.00 | dt: 5020.99ms | tok/sec: 208,838 | bf16_mfu: 50.42 | epoch: 1 pq: 44 rg: 20 | total time: 160.23m | eta: 312.0m
step 01897/05568 (34.07%) | loss: 2.685518 | lrm: 1.00 | dt: 5020.14ms | tok/sec: 208,873 | bf16_mfu: 50.43 | epoch: 1 pq: 44 rg: 22 | total time: 160.32m | eta: 311.9m
step 01898/05568 (34.09%) | loss: 2.684116 | lrm: 1.00 | dt: 5007.95ms | tok/sec: 209,382 | bf16_mfu: 50.55 | epoch: 1 pq: 44 rg: 24 | total time: 160.40m | eta: 311.8m
step 01899/05568 (34.11%) | loss: 2.689279 | lrm: 1.00 | dt: 5018.53ms | tok/sec: 208,940 | bf16_mfu: 50.44 | epoch: 1 pq: 44 rg: 26 | total time: 160.48m | eta: 311.7m
step 01900/05568 (34.12%) | loss: 2.700332 | lrm: 1.00 | dt: 5028.30ms | tok/sec: 208,534 | bf16_mfu: 50.34 | epoch: 1 pq: 44 rg: 28 | total time: 160.57m | eta: 311.6m
step 01901/05568 (34.14%) | loss: 2.705231 | lrm: 1.00 | dt: 5025.56ms | tok/sec: 208,648 | bf16_mfu: 50.37 | epoch: 1 pq: 44 rg: 30 | total time: 160.65m | eta: 311.5m
step 01902/05568 (34.16%) | loss: 2.689664 | lrm: 1.00 | dt: 5018.26ms | tok/sec: 208,952 | bf16_mfu: 50.44 | epoch: 1 pq: 44 rg: 32 | total time: 160.73m | eta: 311.4m
step 01903/05568 (34.18%) | loss: 2.670125 | lrm: 1.00 | dt: 5259.02ms | tok/sec: 199,386 | bf16_mfu: 48.14 | epoch: 1 pq: 44 rg: 34 | total time: 160.82m | eta: 311.4m
step 01904/05568 (34.20%) | loss: 2.661471 | lrm: 1.00 | dt: 4996.17ms | tok/sec: 209,876 | bf16_mfu: 50.67 | epoch: 1 pq: 44 rg: 34 | total time: 160.90m | eta: 311.3m
step 01905/05568 (34.21%) | loss: 2.657927 | lrm: 1.00 | dt: 8848.83ms | tok/sec: 118,498 | bf16_mfu: 28.61 | epoch: 1 pq: 44 rg: 36 | total time: 161.05m | eta: 311.3m
step 01906/05568 (34.23%) | loss: 2.669730 | lrm: 1.00 | dt: 5093.56ms | tok/sec: 205,863 | bf16_mfu: 49.70 | epoch: 1 pq: 44 rg: 38 | total time: 161.14m | eta: 311.2m
step 01907/05568 (34.25%) | loss: 2.678296 | lrm: 1.00 | dt: 4999.19ms | tok/sec: 209,749 | bf16_mfu: 50.64 | epoch: 1 pq: 44 rg: 40 | total time: 161.22m | eta: 311.1m
step 01908/05568 (34.27%) | loss: 2.680064 | lrm: 1.00 | dt: 5020.66ms | tok/sec: 208,852 | bf16_mfu: 50.42 | epoch: 1 pq: 44 rg: 42 | total time: 161.30m | eta: 311.1m
step 01909/05568 (34.29%) | loss: 2.681691 | lrm: 1.00 | dt: 5015.42ms | tok/sec: 209,070 | bf16_mfu: 50.47 | epoch: 1 pq: 44 rg: 44 | total time: 161.39m | eta: 311.0m
step 01910/05568 (34.30%) | loss: 2.682898 | lrm: 1.00 | dt: 5017.01ms | tok/sec: 209,004 | bf16_mfu: 50.46 | epoch: 1 pq: 44 rg: 46 | total time: 161.47m | eta: 310.9m
step 01911/05568 (34.32%) | loss: 2.676556 | lrm: 1.00 | dt: 5018.40ms | tok/sec: 208,946 | bf16_mfu: 50.44 | epoch: 1 pq: 44 rg: 48 | total time: 161.56m | eta: 310.8m
step 01912/05568 (34.34%) | loss: 2.665650 | lrm: 1.00 | dt: 5020.69ms | tok/sec: 208,851 | bf16_mfu: 50.42 | epoch: 1 pq: 44 rg: 50 | total time: 161.64m | eta: 310.7m
step 01913/05568 (34.36%) | loss: 2.675138 | lrm: 1.00 | dt: 5015.23ms | tok/sec: 209,078 | bf16_mfu: 50.48 | epoch: 1 pq: 44 rg: 52 | total time: 161.72m | eta: 310.6m
step 01914/05568 (34.38%) | loss: 2.658618 | lrm: 1.00 | dt: 5017.85ms | tok/sec: 208,969 | bf16_mfu: 50.45 | epoch: 1 pq: 44 rg: 54 | total time: 161.81m | eta: 310.5m
step 01915/05568 (34.39%) | loss: 2.654983 | lrm: 1.00 | dt: 5008.73ms | tok/sec: 209,349 | bf16_mfu: 50.54 | epoch: 1 pq: 44 rg: 56 | total time: 161.89m | eta: 310.4m
step 01916/05568 (34.41%) | loss: 2.644854 | lrm: 1.00 | dt: 5019.39ms | tok/sec: 208,905 | bf16_mfu: 50.43 | epoch: 1 pq: 44 rg: 58 | total time: 161.97m | eta: 310.3m
step 01917/05568 (34.43%) | loss: 2.648999 | lrm: 1.00 | dt: 5016.80ms | tok/sec: 209,012 | bf16_mfu: 50.46 | epoch: 1 pq: 44 rg: 60 | total time: 162.06m | eta: 310.3m
step 01918/05568 (34.45%) | loss: 2.655305 | lrm: 1.00 | dt: 5017.88ms | tok/sec: 208,967 | bf16_mfu: 50.45 | epoch: 1 pq: 44 rg: 62 | total time: 162.14m | eta: 310.2m
step 01919/05568 (34.46%) | loss: 2.669156 | lrm: 1.00 | dt: 5019.85ms | tok/sec: 208,885 | bf16_mfu: 50.43 | epoch: 1 pq: 44 rg: 64 | total time: 162.22m | eta: 310.1m
step 01920/05568 (34.48%) | loss: 2.655894 | lrm: 1.00 | dt: 5019.28ms | tok/sec: 208,909 | bf16_mfu: 50.43 | epoch: 1 pq: 44 rg: 66 | total time: 162.31m | eta: 310.0m
step 01921/05568 (34.50%) | loss: 2.654939 | lrm: 1.00 | dt: 5017.91ms | tok/sec: 208,966 | bf16_mfu: 50.45 | epoch: 1 pq: 44 rg: 68 | total time: 162.39m | eta: 309.9m
step 01922/05568 (34.52%) | loss: 2.654014 | lrm: 1.00 | dt: 5010.77ms | tok/sec: 209,264 | bf16_mfu: 50.52 | epoch: 1 pq: 44 rg: 70 | total time: 162.47m | eta: 309.8m
step 01923/05568 (34.54%) | loss: 2.648466 | lrm: 1.00 | dt: 5013.01ms | tok/sec: 209,171 | bf16_mfu: 50.50 | epoch: 1 pq: 44 rg: 72 | total time: 162.56m | eta: 309.7m
step 01924/05568 (34.55%) | loss: 2.645795 | lrm: 1.00 | dt: 5024.84ms | tok/sec: 208,678 | bf16_mfu: 50.38 | epoch: 1 pq: 44 rg: 74 | total time: 162.64m | eta: 309.6m
step 01925/05568 (34.57%) | loss: 2.633897 | lrm: 1.00 | dt: 5016.30ms | tok/sec: 209,033 | bf16_mfu: 50.46 | epoch: 1 pq: 44 rg: 76 | total time: 162.73m | eta: 309.6m
step 01926/05568 (34.59%) | loss: 2.613072 | lrm: 1.00 | dt: 5019.91ms | tok/sec: 208,883 | bf16_mfu: 50.43 | epoch: 1 pq: 44 rg: 78 | total time: 162.81m | eta: 309.5m
step 01927/05568 (34.61%) | loss: 2.605583 | lrm: 1.00 | dt: 5019.35ms | tok/sec: 208,906 | bf16_mfu: 50.43 | epoch: 1 pq: 44 rg: 80 | total time: 162.89m | eta: 309.4m
step 01928/05568 (34.63%) | loss: 2.606576 | lrm: 1.00 | dt: 5028.35ms | tok/sec: 208,532 | bf16_mfu: 50.34 | epoch: 1 pq: 44 rg: 82 | total time: 162.98m | eta: 309.3m
step 01929/05568 (34.64%) | loss: 2.589382 | lrm: 1.00 | dt: 5020.98ms | tok/sec: 208,838 | bf16_mfu: 50.42 | epoch: 1 pq: 45 rg: 0 | total time: 163.06m | eta: 309.2m
step 01930/05568 (34.66%) | loss: 2.596089 | lrm: 1.00 | dt: 5009.91ms | tok/sec: 209,300 | bf16_mfu: 50.53 | epoch: 1 pq: 45 rg: 2 | total time: 163.14m | eta: 309.1m
step 01931/05568 (34.68%) | loss: 2.578756 | lrm: 1.00 | dt: 5020.75ms | tok/sec: 208,848 | bf16_mfu: 50.42 | epoch: 1 pq: 45 rg: 4 | total time: 163.23m | eta: 309.0m
step 01932/05568 (34.70%) | loss: 2.562677 | lrm: 1.00 | dt: 5019.52ms | tok/sec: 208,899 | bf16_mfu: 50.43 | epoch: 1 pq: 45 rg: 6 | total time: 163.31m | eta: 308.9m
step 01933/05568 (34.72%) | loss: 2.555672 | lrm: 1.00 | dt: 5017.07ms | tok/sec: 209,001 | bf16_mfu: 50.46 | epoch: 1 pq: 45 rg: 8 | total time: 163.39m | eta: 308.9m
step 01934/05568 (34.73%) | loss: 2.565883 | lrm: 1.00 | dt: 5021.17ms | tok/sec: 208,830 | bf16_mfu: 50.42 | epoch: 1 pq: 45 rg: 10 | total time: 163.48m | eta: 308.8m
step 01935/05568 (34.75%) | loss: 2.576936 | lrm: 1.00 | dt: 5020.41ms | tok/sec: 208,862 | bf16_mfu: 50.42 | epoch: 1 pq: 45 rg: 12 | total time: 163.56m | eta: 308.7m
step 01936/05568 (34.77%) | loss: 2.567868 | lrm: 1.00 | dt: 5017.19ms | tok/sec: 208,996 | bf16_mfu: 50.46 | epoch: 1 pq: 45 rg: 14 | total time: 163.65m | eta: 308.6m
step 01937/05568 (34.79%) | loss: 2.579852 | lrm: 1.00 | dt: 5013.67ms | tok/sec: 209,143 | bf16_mfu: 50.49 | epoch: 1 pq: 45 rg: 16 | total time: 163.73m | eta: 308.5m
step 01938/05568 (34.81%) | loss: 2.582485 | lrm: 1.00 | dt: 5007.77ms | tok/sec: 209,389 | bf16_mfu: 50.55 | epoch: 1 pq: 45 rg: 16 | total time: 163.81m | eta: 308.4m
step 01939/05568 (34.82%) | loss: 2.585082 | lrm: 1.00 | dt: 5006.62ms | tok/sec: 209,437 | bf16_mfu: 50.56 | epoch: 1 pq: 45 rg: 18 | total time: 163.90m | eta: 308.3m
step 01940/05568 (34.84%) | loss: 2.604139 | lrm: 1.00 | dt: 5022.04ms | tok/sec: 208,794 | bf16_mfu: 50.41 | epoch: 1 pq: 45 rg: 20 | total time: 163.98m | eta: 308.2m
step 01941/05568 (34.86%) | loss: 2.612238 | lrm: 1.00 | dt: 5015.03ms | tok/sec: 209,086 | bf16_mfu: 50.48 | epoch: 1 pq: 45 rg: 22 | total time: 164.06m | eta: 308.2m
step 01942/05568 (34.88%) | loss: 2.610764 | lrm: 1.00 | dt: 5021.87ms | tok/sec: 208,801 | bf16_mfu: 50.41 | epoch: 1 pq: 45 rg: 24 | total time: 164.15m | eta: 308.1m
step 01943/05568 (34.90%) | loss: 2.627072 | lrm: 1.00 | dt: 5016.75ms | tok/sec: 209,015 | bf16_mfu: 50.46 | epoch: 1 pq: 45 rg: 26 | total time: 164.23m | eta: 308.0m
step 01944/05568 (34.91%) | loss: 2.621997 | lrm: 1.00 | dt: 5015.67ms | tok/sec: 209,060 | bf16_mfu: 50.47 | epoch: 1 pq: 45 rg: 28 | total time: 164.31m | eta: 307.9m
step 01945/05568 (34.93%) | loss: 2.607588 | lrm: 1.00 | dt: 5019.64ms | tok/sec: 208,894 | bf16_mfu: 50.43 | epoch: 1 pq: 45 rg: 30 | total time: 164.40m | eta: 307.8m
step 01946/05568 (34.95%) | loss: 2.623878 | lrm: 1.00 | dt: 5024.61ms | tok/sec: 208,687 | bf16_mfu: 50.38 | epoch: 1 pq: 45 rg: 32 | total time: 164.48m | eta: 307.7m
step 01947/05568 (34.97%) | loss: 2.631734 | lrm: 1.00 | dt: 5018.71ms | tok/sec: 208,933 | bf16_mfu: 50.44 | epoch: 1 pq: 45 rg: 34 | total time: 164.57m | eta: 307.6m
step 01948/05568 (34.99%) | loss: 2.640737 | lrm: 1.00 | dt: 5022.37ms | tok/sec: 208,781 | bf16_mfu: 50.40 | epoch: 1 pq: 45 rg: 36 | total time: 164.65m | eta: 307.5m
step 01949/05568 (35.00%) | loss: 2.630919 | lrm: 1.00 | dt: 5012.49ms | tok/sec: 209,192 | bf16_mfu: 50.50 | epoch: 1 pq: 45 rg: 38 | total time: 164.73m | eta: 307.5m
step 01950/05568 (35.02%) | loss: 2.630150 | lrm: 1.00 | dt: 5019.79ms | tok/sec: 208,888 | bf16_mfu: 50.43 | epoch: 1 pq: 45 rg: 40 | total time: 164.82m | eta: 307.4m
step 01951/05568 (35.04%) | loss: 2.635837 | lrm: 1.00 | dt: 5024.46ms | tok/sec: 208,694 | bf16_mfu: 50.38 | epoch: 1 pq: 45 rg: 42 | total time: 164.90m | eta: 307.3m
step 01952/05568 (35.06%) | loss: 2.631905 | lrm: 1.00 | dt: 5016.11ms | tok/sec: 209,041 | bf16_mfu: 50.47 | epoch: 1 pq: 45 rg: 44 | total time: 164.98m | eta: 307.2m
step 01953/05568 (35.08%) | loss: 2.624685 | lrm: 1.00 | dt: 5023.65ms | tok/sec: 208,728 | bf16_mfu: 50.39 | epoch: 1 pq: 45 rg: 46 | total time: 165.07m | eta: 307.1m
step 01954/05568 (35.09%) | loss: 2.620938 | lrm: 1.00 | dt: 5023.30ms | tok/sec: 208,742 | bf16_mfu: 50.39 | epoch: 1 pq: 45 rg: 48 | total time: 165.15m | eta: 307.0m
step 01955/05568 (35.11%) | loss: 2.627688 | lrm: 1.00 | dt: 5022.13ms | tok/sec: 208,791 | bf16_mfu: 50.41 | epoch: 1 pq: 45 rg: 50 | total time: 165.24m | eta: 306.9m
step 01956/05568 (35.13%) | loss: 2.626196 | lrm: 1.00 | dt: 5025.95ms | tok/sec: 208,632 | bf16_mfu: 50.37 | epoch: 1 pq: 45 rg: 52 | total time: 165.32m | eta: 306.9m
step 01957/05568 (35.15%) | loss: 2.621291 | lrm: 1.00 | dt: 5256.14ms | tok/sec: 199,495 | bf16_mfu: 48.16 | epoch: 1 pq: 45 rg: 54 | total time: 165.41m | eta: 306.8m
step 01958/05568 (35.17%) | loss: 2.596819 | lrm: 1.00 | dt: 5016.50ms | tok/sec: 209,025 | bf16_mfu: 50.46 | epoch: 1 pq: 45 rg: 56 | total time: 165.49m | eta: 306.7m
step 01959/05568 (35.18%) | loss: 2.604629 | lrm: 1.00 | dt: 5021.84ms | tok/sec: 208,803 | bf16_mfu: 50.41 | epoch: 1 pq: 45 rg: 58 | total time: 165.57m | eta: 306.6m
step 01960/05568 (35.20%) | loss: 2.605430 | lrm: 1.00 | dt: 5016.17ms | tok/sec: 209,039 | bf16_mfu: 50.47 | epoch: 1 pq: 45 rg: 60 | total time: 165.66m | eta: 306.5m
step 01961/05568 (35.22%) | loss: 2.582769 | lrm: 1.00 | dt: 5017.13ms | tok/sec: 208,999 | bf16_mfu: 50.46 | epoch: 1 pq: 45 rg: 62 | total time: 165.74m | eta: 306.4m
step 01962/05568 (35.24%) | loss: 2.588616 | lrm: 1.00 | dt: 5016.64ms | tok/sec: 209,019 | bf16_mfu: 50.46 | epoch: 1 pq: 45 rg: 62 | total time: 165.82m | eta: 306.3m
step 01963/05568 (35.26%) | loss: 2.590461 | lrm: 1.00 | dt: 5022.13ms | tok/sec: 208,791 | bf16_mfu: 50.41 | epoch: 1 pq: 45 rg: 64 | total time: 165.91m | eta: 306.2m
step 01964/05568 (35.27%) | loss: 2.601175 | lrm: 1.00 | dt: 5016.69ms | tok/sec: 209,017 | bf16_mfu: 50.46 | epoch: 1 pq: 45 rg: 66 | total time: 165.99m | eta: 306.2m
step 01965/05568 (35.29%) | loss: 2.614014 | lrm: 1.00 | dt: 5022.89ms | tok/sec: 208,759 | bf16_mfu: 50.40 | epoch: 1 pq: 45 rg: 68 | total time: 166.08m | eta: 306.1m
step 01966/05568 (35.31%) | loss: 2.626426 | lrm: 1.00 | dt: 5020.66ms | tok/sec: 208,852 | bf16_mfu: 50.42 | epoch: 1 pq: 45 rg: 70 | total time: 166.16m | eta: 306.0m
step 01967/05568 (35.33%) | loss: 2.631165 | lrm: 1.00 | dt: 5017.06ms | tok/sec: 209,002 | bf16_mfu: 50.46 | epoch: 1 pq: 45 rg: 72 | total time: 166.24m | eta: 305.9m
step 01968/05568 (35.34%) | loss: 2.650134 | lrm: 1.00 | dt: 5023.47ms | tok/sec: 208,735 | bf16_mfu: 50.39 | epoch: 1 pq: 45 rg: 74 | total time: 166.33m | eta: 305.8m
step 01969/05568 (35.36%) | loss: 2.647063 | lrm: 0.99 | dt: 5024.60ms | tok/sec: 208,688 | bf16_mfu: 50.38 | epoch: 1 pq: 45 rg: 76 | total time: 166.41m | eta: 305.7m
step 01970/05568 (35.38%) | loss: 2.649565 | lrm: 0.99 | dt: 5017.03ms | tok/sec: 209,003 | bf16_mfu: 50.46 | epoch: 1 pq: 45 rg: 78 | total time: 166.49m | eta: 305.6m
step 01971/05568 (35.40%) | loss: 2.647053 | lrm: 0.99 | dt: 5020.85ms | tok/sec: 208,844 | bf16_mfu: 50.42 | epoch: 1 pq: 45 rg: 80 | total time: 166.58m | eta: 305.5m
step 01972/05568 (35.42%) | loss: 2.658693 | lrm: 0.99 | dt: 5092.55ms | tok/sec: 205,904 | bf16_mfu: 49.71 | epoch: 1 pq: 46 rg: 0 | total time: 166.66m | eta: 305.5m
step 01973/05568 (35.43%) | loss: 2.672219 | lrm: 0.99 | dt: 5032.99ms | tok/sec: 208,340 | bf16_mfu: 50.30 | epoch: 1 pq: 46 rg: 2 | total time: 166.75m | eta: 305.4m
step 01974/05568 (35.45%) | loss: 2.676507 | lrm: 0.99 | dt: 5029.09ms | tok/sec: 208,502 | bf16_mfu: 50.34 | epoch: 1 pq: 46 rg: 4 | total time: 166.83m | eta: 305.3m
step 01975/05568 (35.47%) | loss: 2.678803 | lrm: 0.99 | dt: 5021.59ms | tok/sec: 208,813 | bf16_mfu: 50.41 | epoch: 1 pq: 46 rg: 6 | total time: 166.91m | eta: 305.2m
step 01976/05568 (35.49%) | loss: 2.677599 | lrm: 0.99 | dt: 5012.71ms | tok/sec: 209,183 | bf16_mfu: 50.50 | epoch: 1 pq: 46 rg: 8 | total time: 167.00m | eta: 305.1m
step 01977/05568 (35.51%) | loss: 2.672907 | lrm: 0.99 | dt: 5022.41ms | tok/sec: 208,779 | bf16_mfu: 50.40 | epoch: 1 pq: 46 rg: 10 | total time: 167.08m | eta: 305.0m
step 01978/05568 (35.52%) | loss: 2.665237 | lrm: 0.99 | dt: 5007.62ms | tok/sec: 209,396 | bf16_mfu: 50.55 | epoch: 1 pq: 46 rg: 12 | total time: 167.16m | eta: 304.9m
step 01979/05568 (35.54%) | loss: 2.652156 | lrm: 0.99 | dt: 5022.28ms | tok/sec: 208,784 | bf16_mfu: 50.40 | epoch: 1 pq: 46 rg: 14 | total time: 167.25m | eta: 304.9m
step 01980/05568 (35.56%) | loss: 2.641153 | lrm: 0.99 | dt: 5018.10ms | tok/sec: 208,958 | bf16_mfu: 50.45 | epoch: 1 pq: 46 rg: 16 | total time: 167.33m | eta: 304.8m
step 01981/05568 (35.58%) | loss: 2.634319 | lrm: 0.99 | dt: 5020.42ms | tok/sec: 208,862 | bf16_mfu: 50.42 | epoch: 1 pq: 46 rg: 18 | total time: 167.42m | eta: 304.7m
step 01982/05568 (35.60%) | loss: 2.648950 | lrm: 0.99 | dt: 5023.66ms | tok/sec: 208,727 | bf16_mfu: 50.39 | epoch: 1 pq: 46 rg: 20 | total time: 167.50m | eta: 304.6m
step 01983/05568 (35.61%) | loss: 2.638529 | lrm: 0.99 | dt: 5019.78ms | tok/sec: 208,889 | bf16_mfu: 50.43 | epoch: 1 pq: 46 rg: 22 | total time: 167.58m | eta: 304.5m
step 01984/05568 (35.63%) | loss: 2.634057 | lrm: 0.99 | dt: 5021.16ms | tok/sec: 208,831 | bf16_mfu: 50.42 | epoch: 1 pq: 46 rg: 24 | total time: 167.67m | eta: 304.4m
step 01985/05568 (35.65%) | loss: 2.656775 | lrm: 0.99 | dt: 5013.48ms | tok/sec: 209,151 | bf16_mfu: 50.49 | epoch: 1 pq: 46 rg: 26 | total time: 167.75m | eta: 304.3m
step 01986/05568 (35.67%) | loss: 2.657202 | lrm: 0.99 | dt: 5006.94ms | tok/sec: 209,424 | bf16_mfu: 50.56 | epoch: 1 pq: 46 rg: 28 | total time: 167.83m | eta: 304.2m
step 01987/05568 (35.69%) | loss: 2.629121 | lrm: 0.99 | dt: 5022.47ms | tok/sec: 208,776 | bf16_mfu: 50.40 | epoch: 1 pq: 46 rg: 30 | total time: 167.92m | eta: 304.2m
step 01988/05568 (35.70%) | loss: 2.642982 | lrm: 0.99 | dt: 5016.48ms | tok/sec: 209,026 | bf16_mfu: 50.46 | epoch: 1 pq: 46 rg: 32 | total time: 168.00m | eta: 304.1m
step 01989/05568 (35.72%) | loss: 2.652388 | lrm: 0.99 | dt: 5017.51ms | tok/sec: 208,983 | bf16_mfu: 50.45 | epoch: 1 pq: 46 rg: 34 | total time: 168.08m | eta: 304.0m
step 01990/05568 (35.74%) | loss: 2.664248 | lrm: 0.99 | dt: 5024.94ms | tok/sec: 208,674 | bf16_mfu: 50.38 | epoch: 1 pq: 46 rg: 36 | total time: 168.17m | eta: 303.9m
step 01991/05568 (35.76%) | loss: 2.673727 | lrm: 0.99 | dt: 5025.86ms | tok/sec: 208,635 | bf16_mfu: 50.37 | epoch: 1 pq: 46 rg: 36 | total time: 168.25m | eta: 303.8m
step 01992/05568 (35.78%) | loss: 2.678069 | lrm: 0.99 | dt: 5020.52ms | tok/sec: 208,857 | bf16_mfu: 50.42 | epoch: 1 pq: 46 rg: 38 | total time: 168.34m | eta: 303.7m
step 01993/05568 (35.79%) | loss: 2.685209 | lrm: 0.99 | dt: 5022.03ms | tok/sec: 208,795 | bf16_mfu: 50.41 | epoch: 1 pq: 46 rg: 40 | total time: 168.42m | eta: 303.6m
step 01994/05568 (35.81%) | loss: 2.671281 | lrm: 0.99 | dt: 5014.79ms | tok/sec: 209,096 | bf16_mfu: 50.48 | epoch: 1 pq: 46 rg: 42 | total time: 168.50m | eta: 303.5m
step 01995/05568 (35.83%) | loss: 2.666133 | lrm: 0.99 | dt: 5019.12ms | tok/sec: 208,916 | bf16_mfu: 50.44 | epoch: 1 pq: 46 rg: 44 | total time: 168.59m | eta: 303.5m
step 01996/05568 (35.85%) | loss: 2.657686 | lrm: 0.99 | dt: 5012.83ms | tok/sec: 209,178 | bf16_mfu: 50.50 | epoch: 1 pq: 46 rg: 46 | total time: 168.67m | eta: 303.4m
step 01997/05568 (35.87%) | loss: 2.623172 | lrm: 0.99 | dt: 5027.91ms | tok/sec: 208,550 | bf16_mfu: 50.35 | epoch: 1 pq: 46 rg: 48 | total time: 168.75m | eta: 303.3m
step 01998/05568 (35.88%) | loss: 2.611621 | lrm: 0.99 | dt: 5010.20ms | tok/sec: 209,288 | bf16_mfu: 50.53 | epoch: 1 pq: 46 rg: 50 | total time: 168.84m | eta: 303.2m
step 01999/05568 (35.90%) | loss: 2.630099 | lrm: 0.99 | dt: 5012.90ms | tok/sec: 209,175 | bf16_mfu: 50.50 | epoch: 1 pq: 46 rg: 52 | total time: 168.92m | eta: 303.1m
Step 02000 | Validation bpb: 0.808287
Downloading https://karpathy-public.s3.us-west-2.amazonaws.com/eval_bundle.zip...
Downloaded to /home/hice1/pzolotarev3/scratch/nanochat/eval_bundle.zip
Placed eval_bundle directory at /home/hice1/pzolotarev3/scratch/nanochat/eval_bundle
Evaluating: hellaswag_zeroshot (0-shot, type: multiple_choice)... accuracy: 0.4520 | centered: 0.2693 | time: 9.74s
Evaluating: jeopardy (10-shot, type: language_modeling)... accuracy: 0.0340 | centered: 0.0340 | time: 5.16s
Evaluating: bigbench_qa_wikidata (10-shot, type: language_modeling)... accuracy: 0.3360 | centered: 0.3360 | time: 4.67s
Evaluating: arc_easy (10-shot, type: multiple_choice)... accuracy: 0.6560 | centered: 0.5413 | time: 5.39s
Evaluating: arc_challenge (10-shot, type: multiple_choice)... accuracy: 0.3420 | centered: 0.1227 | time: 5.12s
Evaluating: copa (0-shot, type: multiple_choice)... accuracy: 0.6200 | centered: 0.2400 | time: 0.95s
Evaluating: commonsense_qa (10-shot, type: multiple_choice)... accuracy: 0.3020 | centered: 0.1275 | time: 5.18s
Evaluating: piqa (10-shot, type: multiple_choice)... accuracy: 0.7160 | centered: 0.4320 | time: 5.39s
Evaluating: openbook_qa (0-shot, type: multiple_choice)... accuracy: 0.3480 | centered: 0.1307 | time: 4.72s
Evaluating: lambada_openai (0-shot, type: language_modeling)... accuracy: 0.3620 | centered: 0.3620 | time: 4.75s
Evaluating: hellaswag (10-shot, type: multiple_choice)... accuracy: 0.4300 | centered: 0.2400 | time: 6.81s
Evaluating: winograd (0-shot, type: schema)... accuracy: 0.5824 | centered: 0.1648 | time: 2.39s
Evaluating: winogrande (0-shot, type: schema)... accuracy: 0.5260 | centered: 0.0520 | time: 4.29s
Evaluating: bigbench_dyck_languages (10-shot, type: language_modeling)... accuracy: 0.0940 | centered: 0.0940 | time: 5.00s
Evaluating: agi_eval_lsat_ar (3-shot, type: multiple_choice)... accuracy: 0.2391 | centered: 0.0489 | time: 3.01s
Evaluating: bigbench_cs_algorithms (10-shot, type: language_modeling)... accuracy: 0.4420 | centered: 0.4420 | time: 4.67s
Evaluating: bigbench_operators (10-shot, type: language_modeling)... accuracy: 0.1333 | centered: 0.1333 | time: 1.96s
Evaluating: bigbench_repeat_copy_logic (10-shot, type: language_modeling)... accuracy: 0.0312 | centered: 0.0312 | time: 0.30s
Evaluating: squad (10-shot, type: language_modeling)... accuracy: 0.2900 | centered: 0.2900 | time: 5.98s
Evaluating: coqa (0-shot, type: language_modeling)... accuracy: 0.2400 | centered: 0.2400 | time: 4.80s
Evaluating: boolq (10-shot, type: multiple_choice)... accuracy: 0.5140 | centered: -0.2789 | time: 6.57s
Evaluating: bigbench_language_identification (10-shot, type: multiple_choice)... accuracy: 0.2580 | centered: 0.1837 | time: 10.75s
Step 02000 | CORE metric: 0.1926
<|bos|>The capital of France is Paris, and the capital of the United States is New York City. The capital
<|bos|>The chemical symbol of gold is Au. Gold is a soft, malleable, and ductile metal. It
<|bos|>If yesterday was Friday, then tomorrow will be Saturday. If you're not sure what to do, you can use the calendar
<|bos|>The opposite of hot is cold. Cold is a state of being cold. Hot is a state of being
<|bos|>The planets of the solar system are: Mercury, Venus, Earth, Mars, Jupiter, Saturn, Uranus, Ne
<|bos|>My favorite color is blue. I love the color blue because it is a calming color. I love
<|bos|>If 5*x + 3 = 13, then x is a positive number. If 5*x + 3 = 13,
step 02000/05568 (35.92%) | loss: 2.625334 | lrm: 0.99 | dt: 4964.26ms | tok/sec: 211,225 | bf16_mfu: 50.99 | epoch: 1 pq: 46 rg: 54 | total time: 169.00m | eta: 303.0m
step 02001/05568 (35.94%) | loss: 2.613792 | lrm: 0.99 | dt: 4981.50ms | tok/sec: 210,493 | bf16_mfu: 50.82 | epoch: 1 pq: 46 rg: 56 | total time: 169.09m | eta: 302.9m
step 02002/05568 (35.96%) | loss: 2.635611 | lrm: 0.99 | dt: 4994.31ms | tok/sec: 209,954 | bf16_mfu: 50.69 | epoch: 1 pq: 46 rg: 58 | total time: 169.17m | eta: 302.8m
step 02003/05568 (35.97%) | loss: 2.610692 | lrm: 0.99 | dt: 5007.77ms | tok/sec: 209,389 | bf16_mfu: 50.55 | epoch: 1 pq: 46 rg: 60 | total time: 169.25m | eta: 302.8m
step 02004/05568 (35.99%) | loss: 2.608774 | lrm: 0.99 | dt: 5012.95ms | tok/sec: 209,173 | bf16_mfu: 50.50 | epoch: 1 pq: 46 rg: 62 | total time: 169.34m | eta: 302.7m
step 02005/05568 (36.01%) | loss: 2.600226 | lrm: 0.99 | dt: 5003.63ms | tok/sec: 209,562 | bf16_mfu: 50.59 | epoch: 1 pq: 46 rg: 64 | total time: 169.42m | eta: 302.6m
step 02006/05568 (36.03%) | loss: 2.596985 | lrm: 0.99 | dt: 5010.62ms | tok/sec: 209,270 | bf16_mfu: 50.52 | epoch: 1 pq: 46 rg: 66 | total time: 169.50m | eta: 302.5m
step 02007/05568 (36.05%) | loss: 2.618350 | lrm: 0.98 | dt: 5009.93ms | tok/sec: 209,299 | bf16_mfu: 50.53 | epoch: 1 pq: 46 rg: 68 | total time: 169.59m | eta: 302.4m
step 02008/05568 (36.06%) | loss: 2.617086 | lrm: 0.98 | dt: 5053.34ms | tok/sec: 207,501 | bf16_mfu: 50.09 | epoch: 1 pq: 46 rg: 70 | total time: 169.67m | eta: 302.3m
step 02009/05568 (36.08%) | loss: 2.613094 | lrm: 0.98 | dt: 5004.79ms | tok/sec: 209,514 | bf16_mfu: 50.58 | epoch: 1 pq: 46 rg: 72 | total time: 169.76m | eta: 302.2m
step 02010/05568 (36.10%) | loss: 2.615937 | lrm: 0.98 | dt: 5016.72ms | tok/sec: 209,016 | bf16_mfu: 50.46 | epoch: 1 pq: 46 rg: 74 | total time: 169.84m | eta: 302.1m
step 02011/05568 (36.12%) | loss: 2.616465 | lrm: 0.98 | dt: 5011.06ms | tok/sec: 209,252 | bf16_mfu: 50.52 | epoch: 1 pq: 46 rg: 76 | total time: 169.92m | eta: 302.1m
step 02012/05568 (36.14%) | loss: 2.609566 | lrm: 0.98 | dt: 5010.10ms | tok/sec: 209,292 | bf16_mfu: 50.53 | epoch: 1 pq: 46 rg: 78 | total time: 170.01m | eta: 302.0m
step 02013/05568 (36.15%) | loss: 2.607086 | lrm: 0.98 | dt: 5019.77ms | tok/sec: 208,889 | bf16_mfu: 50.43 | epoch: 1 pq: 46 rg: 80 | total time: 170.09m | eta: 301.9m
step 02014/05568 (36.17%) | loss: 2.626523 | lrm: 0.98 | dt: 5016.62ms | tok/sec: 209,020 | bf16_mfu: 50.46 | epoch: 1 pq: 46 rg: 82 | total time: 170.17m | eta: 301.8m
step 02015/05568 (36.19%) | loss: 2.616087 | lrm: 0.98 | dt: 5492.87ms | tok/sec: 190,897 | bf16_mfu: 46.09 | epoch: 1 pq: 47 rg: 0 | total time: 170.26m | eta: 301.7m
step 02016/05568 (36.21%) | loss: 2.626845 | lrm: 0.98 | dt: 5013.32ms | tok/sec: 209,158 | bf16_mfu: 50.49 | epoch: 1 pq: 47 rg: 2 | total time: 170.35m | eta: 301.6m
step 02017/05568 (36.22%) | loss: 2.615097 | lrm: 0.98 | dt: 5021.83ms | tok/sec: 208,803 | bf16_mfu: 50.41 | epoch: 1 pq: 47 rg: 4 | total time: 170.43m | eta: 301.5m
step 02018/05568 (36.24%) | loss: 2.618999 | lrm: 0.98 | dt: 5006.07ms | tok/sec: 209,460 | bf16_mfu: 50.57 | epoch: 1 pq: 47 rg: 6 | total time: 170.52m | eta: 301.5m
step 02019/05568 (36.26%) | loss: 2.610464 | lrm: 0.98 | dt: 5017.35ms | tok/sec: 208,990 | bf16_mfu: 50.45 | epoch: 1 pq: 47 rg: 8 | total time: 170.60m | eta: 301.4m
step 02020/05568 (36.28%) | loss: 2.616070 | lrm: 0.98 | dt: 5010.03ms | tok/sec: 209,295 | bf16_mfu: 50.53 | epoch: 1 pq: 47 rg: 10 | total time: 170.68m | eta: 301.3m
step 02021/05568 (36.30%) | loss: 2.623339 | lrm: 0.98 | dt: 5051.22ms | tok/sec: 207,588 | bf16_mfu: 50.12 | epoch: 1 pq: 47 rg: 12 | total time: 170.77m | eta: 301.2m
step 02022/05568 (36.31%) | loss: 2.602283 | lrm: 0.98 | dt: 5023.80ms | tok/sec: 208,721 | bf16_mfu: 50.39 | epoch: 1 pq: 47 rg: 14 | total time: 170.85m | eta: 301.1m
step 02023/05568 (36.33%) | loss: 2.614623 | lrm: 0.98 | dt: 5023.02ms | tok/sec: 208,753 | bf16_mfu: 50.40 | epoch: 1 pq: 47 rg: 16 | total time: 170.93m | eta: 301.0m
step 02024/05568 (36.35%) | loss: 2.621240 | lrm: 0.98 | dt: 5023.39ms | tok/sec: 208,738 | bf16_mfu: 50.39 | epoch: 1 pq: 47 rg: 18 | total time: 171.02m | eta: 300.9m
step 02025/05568 (36.37%) | loss: 2.614753 | lrm: 0.98 | dt: 5020.75ms | tok/sec: 208,848 | bf16_mfu: 50.42 | epoch: 1 pq: 47 rg: 20 | total time: 171.10m | eta: 300.8m
step 02026/05568 (36.39%) | loss: 2.613095 | lrm: 0.98 | dt: 5014.39ms | tok/sec: 209,113 | bf16_mfu: 50.48 | epoch: 1 pq: 47 rg: 20 | total time: 171.19m | eta: 300.8m
step 02027/05568 (36.40%) | loss: 2.616928 | lrm: 0.98 | dt: 5023.27ms | tok/sec: 208,743 | bf16_mfu: 50.39 | epoch: 1 pq: 47 rg: 22 | total time: 171.27m | eta: 300.7m
step 02028/05568 (36.42%) | loss: 2.613351 | lrm: 0.98 | dt: 5021.41ms | tok/sec: 208,821 | bf16_mfu: 50.41 | epoch: 1 pq: 47 rg: 24 | total time: 171.35m | eta: 300.6m
step 02029/05568 (36.44%) | loss: 2.615890 | lrm: 0.98 | dt: 5019.45ms | tok/sec: 208,902 | bf16_mfu: 50.43 | epoch: 1 pq: 47 rg: 26 | total time: 171.44m | eta: 300.5m
step 02030/05568 (36.46%) | loss: 2.623614 | lrm: 0.98 | dt: 5026.35ms | tok/sec: 208,615 | bf16_mfu: 50.36 | epoch: 1 pq: 47 rg: 28 | total time: 171.52m | eta: 300.4m
step 02031/05568 (36.48%) | loss: 2.613548 | lrm: 0.98 | dt: 5023.90ms | tok/sec: 208,717 | bf16_mfu: 50.39 | epoch: 1 pq: 47 rg: 30 | total time: 171.60m | eta: 300.3m
step 02032/05568 (36.49%) | loss: 2.603125 | lrm: 0.98 | dt: 5019.29ms | tok/sec: 208,909 | bf16_mfu: 50.43 | epoch: 1 pq: 47 rg: 32 | total time: 171.69m | eta: 300.2m
step 02033/05568 (36.51%) | loss: 2.612151 | lrm: 0.98 | dt: 5011.82ms | tok/sec: 209,220 | bf16_mfu: 50.51 | epoch: 1 pq: 47 rg: 34 | total time: 171.77m | eta: 300.2m
step 02034/05568 (36.53%) | loss: 2.611938 | lrm: 0.98 | dt: 5018.23ms | tok/sec: 208,953 | bf16_mfu: 50.44 | epoch: 1 pq: 47 rg: 36 | total time: 171.85m | eta: 300.1m
step 02035/05568 (36.55%) | loss: 2.603790 | lrm: 0.98 | dt: 5020.08ms | tok/sec: 208,876 | bf16_mfu: 50.43 | epoch: 1 pq: 47 rg: 38 | total time: 171.94m | eta: 300.0m
step 02036/05568 (36.57%) | loss: 2.607806 | lrm: 0.98 | dt: 5009.61ms | tok/sec: 209,312 | bf16_mfu: 50.53 | epoch: 1 pq: 47 rg: 40 | total time: 172.02m | eta: 299.9m
step 02037/05568 (36.58%) | loss: 2.615636 | lrm: 0.98 | dt: 5014.43ms | tok/sec: 209,111 | bf16_mfu: 50.48 | epoch: 1 pq: 47 rg: 42 | total time: 172.11m | eta: 299.8m
step 02038/05568 (36.60%) | loss: 2.609678 | lrm: 0.98 | dt: 5010.64ms | tok/sec: 209,269 | bf16_mfu: 50.52 | epoch: 1 pq: 47 rg: 44 | total time: 172.19m | eta: 299.7m
step 02039/05568 (36.62%) | loss: 2.606271 | lrm: 0.98 | dt: 5019.44ms | tok/sec: 208,903 | bf16_mfu: 50.43 | epoch: 1 pq: 47 rg: 46 | total time: 172.27m | eta: 299.6m
step 02040/05568 (36.64%) | loss: 2.620527 | lrm: 0.98 | dt: 5011.80ms | tok/sec: 209,221 | bf16_mfu: 50.51 | epoch: 1 pq: 47 rg: 48 | total time: 172.36m | eta: 299.5m
step 02041/05568 (36.66%) | loss: 2.624353 | lrm: 0.98 | dt: 5014.24ms | tok/sec: 209,119 | bf16_mfu: 50.48 | epoch: 1 pq: 47 rg: 50 | total time: 172.44m | eta: 299.5m
step 02042/05568 (36.67%) | loss: 2.618653 | lrm: 0.98 | dt: 5016.67ms | tok/sec: 209,018 | bf16_mfu: 50.46 | epoch: 1 pq: 47 rg: 52 | total time: 172.52m | eta: 299.4m
step 02043/05568 (36.69%) | loss: 2.623318 | lrm: 0.98 | dt: 5017.14ms | tok/sec: 208,998 | bf16_mfu: 50.46 | epoch: 1 pq: 47 rg: 54 | total time: 172.61m | eta: 299.3m
step 02044/05568 (36.71%) | loss: 2.619777 | lrm: 0.98 | dt: 5015.58ms | tok/sec: 209,063 | bf16_mfu: 50.47 | epoch: 1 pq: 47 rg: 56 | total time: 172.69m | eta: 299.2m
step 02045/05568 (36.73%) | loss: 2.623896 | lrm: 0.97 | dt: 5017.82ms | tok/sec: 208,970 | bf16_mfu: 50.45 | epoch: 1 pq: 47 rg: 58 | total time: 172.77m | eta: 299.1m
step 02046/05568 (36.75%) | loss: 2.623096 | lrm: 0.97 | dt: 5015.28ms | tok/sec: 209,076 | bf16_mfu: 50.47 | epoch: 1 pq: 47 rg: 60 | total time: 172.86m | eta: 299.0m
step 02047/05568 (36.76%) | loss: 2.620173 | lrm: 0.97 | dt: 5018.45ms | tok/sec: 208,944 | bf16_mfu: 50.44 | epoch: 1 pq: 47 rg: 62 | total time: 172.94m | eta: 298.9m
step 02048/05568 (36.78%) | loss: 2.637419 | lrm: 0.97 | dt: 5029.19ms | tok/sec: 208,497 | bf16_mfu: 50.33 | epoch: 1 pq: 47 rg: 64 | total time: 173.02m | eta: 298.8m
step 02049/05568 (36.80%) | loss: 2.644104 | lrm: 0.97 | dt: 5017.19ms | tok/sec: 208,996 | bf16_mfu: 50.46 | epoch: 1 pq: 47 rg: 66 | total time: 173.11m | eta: 298.8m
step 02050/05568 (36.82%) | loss: 2.639806 | lrm: 0.97 | dt: 5023.01ms | tok/sec: 208,754 | bf16_mfu: 50.40 | epoch: 1 pq: 47 rg: 68 | total time: 173.19m | eta: 298.7m
step 02051/05568 (36.84%) | loss: 2.634758 | lrm: 0.97 | dt: 5016.14ms | tok/sec: 209,040 | bf16_mfu: 50.47 | epoch: 1 pq: 47 rg: 70 | total time: 173.28m | eta: 298.6m
step 02052/05568 (36.85%) | loss: 2.633835 | lrm: 0.97 | dt: 5023.43ms | tok/sec: 208,736 | bf16_mfu: 50.39 | epoch: 1 pq: 47 rg: 72 | total time: 173.36m | eta: 298.5m
step 02053/05568 (36.87%) | loss: 2.635462 | lrm: 0.97 | dt: 5204.97ms | tok/sec: 201,456 | bf16_mfu: 48.64 | epoch: 1 pq: 47 rg: 74 | total time: 173.45m | eta: 298.4m
step 02054/05568 (36.89%) | loss: 2.632840 | lrm: 0.97 | dt: 5008.75ms | tok/sec: 209,348 | bf16_mfu: 50.54 | epoch: 1 pq: 47 rg: 76 | total time: 173.53m | eta: 298.3m
step 02055/05568 (36.91%) | loss: 2.633814 | lrm: 0.97 | dt: 5020.29ms | tok/sec: 208,867 | bf16_mfu: 50.42 | epoch: 1 pq: 47 rg: 78 | total time: 173.61m | eta: 298.2m
step 02056/05568 (36.93%) | loss: 2.620984 | lrm: 0.97 | dt: 5029.84ms | tok/sec: 208,470 | bf16_mfu: 50.33 | epoch: 1 pq: 47 rg: 80 | total time: 173.70m | eta: 298.2m
step 02057/05568 (36.94%) | loss: 2.633935 | lrm: 0.97 | dt: 5023.90ms | tok/sec: 208,717 | bf16_mfu: 50.39 | epoch: 1 pq: 48 rg: 0 | total time: 173.78m | eta: 298.1m
step 02058/05568 (36.96%) | loss: 2.645568 | lrm: 0.97 | dt: 5019.46ms | tok/sec: 208,902 | bf16_mfu: 50.43 | epoch: 1 pq: 48 rg: 2 | total time: 173.86m | eta: 298.0m
step 02059/05568 (36.98%) | loss: 2.646577 | lrm: 0.97 | dt: 5021.32ms | tok/sec: 208,824 | bf16_mfu: 50.41 | epoch: 1 pq: 48 rg: 4 | total time: 173.95m | eta: 297.9m
step 02060/05568 (37.00%) | loss: 2.632819 | lrm: 0.97 | dt: 5021.44ms | tok/sec: 208,819 | bf16_mfu: 50.41 | epoch: 1 pq: 48 rg: 4 | total time: 174.03m | eta: 297.8m
step 02061/05568 (37.02%) | loss: 2.637780 | lrm: 0.97 | dt: 5022.14ms | tok/sec: 208,790 | bf16_mfu: 50.41 | epoch: 1 pq: 48 rg: 6 | total time: 174.12m | eta: 297.7m
step 02062/05568 (37.03%) | loss: 2.655961 | lrm: 0.97 | dt: 5022.57ms | tok/sec: 208,772 | bf16_mfu: 50.40 | epoch: 1 pq: 48 rg: 8 | total time: 174.20m | eta: 297.6m
step 02063/05568 (37.05%) | loss: 2.645332 | lrm: 0.97 | dt: 5011.09ms | tok/sec: 209,250 | bf16_mfu: 50.52 | epoch: 1 pq: 48 rg: 10 | total time: 174.28m | eta: 297.5m
step 02064/05568 (37.07%) | loss: 2.632455 | lrm: 0.97 | dt: 5115.96ms | tok/sec: 204,961 | bf16_mfu: 49.48 | epoch: 1 pq: 48 rg: 12 | total time: 174.37m | eta: 297.5m
step 02065/05568 (37.09%) | loss: 2.650738 | lrm: 0.97 | dt: 5594.91ms | tok/sec: 187,416 | bf16_mfu: 45.25 | epoch: 1 pq: 48 rg: 14 | total time: 174.46m | eta: 297.4m
step 02066/05568 (37.10%) | loss: 2.670557 | lrm: 0.97 | dt: 5028.87ms | tok/sec: 208,511 | bf16_mfu: 50.34 | epoch: 1 pq: 48 rg: 16 | total time: 174.55m | eta: 297.3m
step 02067/05568 (37.12%) | loss: 2.675028 | lrm: 0.97 | dt: 5037.94ms | tok/sec: 208,135 | bf16_mfu: 50.25 | epoch: 1 pq: 48 rg: 18 | total time: 174.63m | eta: 297.2m
step 02068/05568 (37.14%) | loss: 2.692157 | lrm: 0.97 | dt: 5029.78ms | tok/sec: 208,473 | bf16_mfu: 50.33 | epoch: 1 pq: 48 rg: 20 | total time: 174.71m | eta: 297.1m
step 02069/05568 (37.16%) | loss: 2.681447 | lrm: 0.97 | dt: 5028.58ms | tok/sec: 208,523 | bf16_mfu: 50.34 | epoch: 1 pq: 48 rg: 22 | total time: 174.80m | eta: 297.0m
step 02070/05568 (37.18%) | loss: 2.681457 | lrm: 0.97 | dt: 5022.18ms | tok/sec: 208,789 | bf16_mfu: 50.41 | epoch: 1 pq: 48 rg: 24 | total time: 174.88m | eta: 297.0m
step 02071/05568 (37.19%) | loss: 2.660779 | lrm: 0.97 | dt: 5019.18ms | tok/sec: 208,914 | bf16_mfu: 50.44 | epoch: 1 pq: 48 rg: 26 | total time: 174.96m | eta: 296.9m
step 02072/05568 (37.21%) | loss: 2.681410 | lrm: 0.97 | dt: 5024.74ms | tok/sec: 208,682 | bf16_mfu: 50.38 | epoch: 1 pq: 48 rg: 28 | total time: 175.05m | eta: 296.8m
step 02073/05568 (37.23%) | loss: 2.683210 | lrm: 0.97 | dt: 5012.89ms | tok/sec: 209,175 | bf16_mfu: 50.50 | epoch: 1 pq: 48 rg: 30 | total time: 175.13m | eta: 296.7m
step 02074/05568 (37.25%) | loss: 2.669127 | lrm: 0.97 | dt: 5017.81ms | tok/sec: 208,970 | bf16_mfu: 50.45 | epoch: 1 pq: 48 rg: 32 | total time: 175.22m | eta: 296.6m
step 02075/05568 (37.27%) | loss: 2.695463 | lrm: 0.97 | dt: 5015.01ms | tok/sec: 209,087 | bf16_mfu: 50.48 | epoch: 1 pq: 48 rg: 34 | total time: 175.30m | eta: 296.5m
step 02076/05568 (37.28%) | loss: 2.702788 | lrm: 0.97 | dt: 5014.48ms | tok/sec: 209,109 | bf16_mfu: 50.48 | epoch: 1 pq: 48 rg: 36 | total time: 175.38m | eta: 296.4m
step 02077/05568 (37.30%) | loss: 2.703805 | lrm: 0.97 | dt: 5026.22ms | tok/sec: 208,621 | bf16_mfu: 50.36 | epoch: 1 pq: 48 rg: 38 | total time: 175.47m | eta: 296.3m
step 02078/05568 (37.32%) | loss: 2.686891 | lrm: 0.97 | dt: 5018.13ms | tok/sec: 208,957 | bf16_mfu: 50.45 | epoch: 1 pq: 48 rg: 40 | total time: 175.55m | eta: 296.3m
step 02079/05568 (37.34%) | loss: 2.694456 | lrm: 0.97 | dt: 5017.87ms | tok/sec: 208,968 | bf16_mfu: 50.45 | epoch: 1 pq: 48 rg: 42 | total time: 175.63m | eta: 296.2m
step 02080/05568 (37.36%) | loss: 2.706856 | lrm: 0.97 | dt: 5023.59ms | tok/sec: 208,730 | bf16_mfu: 50.39 | epoch: 1 pq: 48 rg: 44 | total time: 175.72m | eta: 296.1m
step 02081/05568 (37.37%) | loss: 2.711648 | lrm: 0.97 | dt: 5015.34ms | tok/sec: 209,073 | bf16_mfu: 50.47 | epoch: 1 pq: 48 rg: 46 | total time: 175.80m | eta: 296.0m
step 02082/05568 (37.39%) | loss: 2.689267 | lrm: 0.97 | dt: 5030.48ms | tok/sec: 208,444 | bf16_mfu: 50.32 | epoch: 1 pq: 48 rg: 48 | total time: 175.88m | eta: 295.9m
step 02083/05568 (37.41%) | loss: 2.693031 | lrm: 0.96 | dt: 5021.07ms | tok/sec: 208,835 | bf16_mfu: 50.42 | epoch: 1 pq: 48 rg: 50 | total time: 175.97m | eta: 295.8m
step 02084/05568 (37.43%) | loss: 2.689817 | lrm: 0.96 | dt: 5028.83ms | tok/sec: 208,512 | bf16_mfu: 50.34 | epoch: 1 pq: 48 rg: 52 | total time: 176.05m | eta: 295.7m
step 02085/05568 (37.45%) | loss: 2.687797 | lrm: 0.96 | dt: 8977.64ms | tok/sec: 116,798 | bf16_mfu: 28.20 | epoch: 1 pq: 48 rg: 54 | total time: 176.20m | eta: 295.8m
step 02086/05568 (37.46%) | loss: 2.683321 | lrm: 0.96 | dt: 4985.28ms | tok/sec: 210,334 | bf16_mfu: 50.78 | epoch: 1 pq: 48 rg: 56 | total time: 176.28m | eta: 295.7m
step 02087/05568 (37.48%) | loss: 2.667858 | lrm: 0.96 | dt: 5008.37ms | tok/sec: 209,364 | bf16_mfu: 50.54 | epoch: 1 pq: 48 rg: 58 | total time: 176.37m | eta: 295.6m
step 02088/05568 (37.50%) | loss: 2.651662 | lrm: 0.96 | dt: 5026.90ms | tok/sec: 208,593 | bf16_mfu: 50.36 | epoch: 1 pq: 48 rg: 60 | total time: 176.45m | eta: 295.5m
step 02089/05568 (37.52%) | loss: 2.641171 | lrm: 0.96 | dt: 5015.18ms | tok/sec: 209,080 | bf16_mfu: 50.48 | epoch: 1 pq: 48 rg: 60 | total time: 176.54m | eta: 295.4m
step 02090/05568 (37.54%) | loss: 2.651979 | lrm: 0.96 | dt: 5020.36ms | tok/sec: 208,864 | bf16_mfu: 50.42 | epoch: 1 pq: 48 rg: 62 | total time: 176.62m | eta: 295.3m
step 02091/05568 (37.55%) | loss: 2.651363 | lrm: 0.96 | dt: 5019.96ms | tok/sec: 208,881 | bf16_mfu: 50.43 | epoch: 1 pq: 48 rg: 64 | total time: 176.70m | eta: 295.2m
step 02092/05568 (37.57%) | loss: 2.647377 | lrm: 0.96 | dt: 5018.89ms | tok/sec: 208,925 | bf16_mfu: 50.44 | epoch: 1 pq: 48 rg: 66 | total time: 176.79m | eta: 295.2m
step 02093/05568 (37.59%) | loss: 2.660445 | lrm: 0.96 | dt: 5019.97ms | tok/sec: 208,880 | bf16_mfu: 50.43 | epoch: 1 pq: 48 rg: 68 | total time: 176.87m | eta: 295.1m
step 02094/05568 (37.61%) | loss: 2.661659 | lrm: 0.96 | dt: 5741.23ms | tok/sec: 182,639 | bf16_mfu: 44.09 | epoch: 1 pq: 48 rg: 70 | total time: 176.97m | eta: 295.0m
step 02095/05568 (37.63%) | loss: 2.640009 | lrm: 0.96 | dt: 4994.39ms | tok/sec: 209,950 | bf16_mfu: 50.69 | epoch: 1 pq: 48 rg: 72 | total time: 177.05m | eta: 294.9m
step 02096/05568 (37.64%) | loss: 2.626475 | lrm: 0.96 | dt: 5027.81ms | tok/sec: 208,555 | bf16_mfu: 50.35 | epoch: 1 pq: 48 rg: 74 | total time: 177.13m | eta: 294.8m
step 02097/05568 (37.66%) | loss: 2.630104 | lrm: 0.96 | dt: 5138.71ms | tok/sec: 204,054 | bf16_mfu: 49.26 | epoch: 1 pq: 48 rg: 76 | total time: 177.22m | eta: 294.7m
step 02098/05568 (37.68%) | loss: 2.632137 | lrm: 0.96 | dt: 5107.42ms | tok/sec: 205,304 | bf16_mfu: 49.56 | epoch: 1 pq: 48 rg: 78 | total time: 177.30m | eta: 294.7m
step 02099/05568 (37.70%) | loss: 2.658547 | lrm: 0.96 | dt: 5026.09ms | tok/sec: 208,626 | bf16_mfu: 50.37 | epoch: 1 pq: 48 rg: 80 | total time: 177.39m | eta: 294.6m
step 02100/05568 (37.72%) | loss: 2.668077 | lrm: 0.96 | dt: 5022.95ms | tok/sec: 208,757 | bf16_mfu: 50.40 | epoch: 1 pq: 48 rg: 82 | total time: 177.47m | eta: 294.5m
step 02101/05568 (37.73%) | loss: 2.669595 | lrm: 0.96 | dt: 5025.26ms | tok/sec: 208,661 | bf16_mfu: 50.37 | epoch: 1 pq: 49 rg: 0 | total time: 177.56m | eta: 294.4m
step 02102/05568 (37.75%) | loss: 2.662642 | lrm: 0.96 | dt: 5015.25ms | tok/sec: 209,077 | bf16_mfu: 50.47 | epoch: 1 pq: 49 rg: 2 | total time: 177.64m | eta: 294.3m
step 02103/05568 (37.77%) | loss: 2.666109 | lrm: 0.96 | dt: 5049.69ms | tok/sec: 207,651 | bf16_mfu: 50.13 | epoch: 1 pq: 49 rg: 4 | total time: 177.72m | eta: 294.2m
step 02104/05568 (37.79%) | loss: 2.662643 | lrm: 0.96 | dt: 5021.52ms | tok/sec: 208,816 | bf16_mfu: 50.41 | epoch: 1 pq: 49 rg: 6 | total time: 177.81m | eta: 294.1m
step 02105/05568 (37.81%) | loss: 2.654017 | lrm: 0.96 | dt: 5023.27ms | tok/sec: 208,743 | bf16_mfu: 50.39 | epoch: 1 pq: 49 rg: 8 | total time: 177.89m | eta: 294.0m
step 02106/05568 (37.82%) | loss: 2.676569 | lrm: 0.96 | dt: 5025.33ms | tok/sec: 208,658 | bf16_mfu: 50.37 | epoch: 1 pq: 49 rg: 10 | total time: 177.97m | eta: 294.0m
step 02107/05568 (37.84%) | loss: 2.673730 | lrm: 0.96 | dt: 5020.69ms | tok/sec: 208,850 | bf16_mfu: 50.42 | epoch: 1 pq: 49 rg: 12 | total time: 178.06m | eta: 293.9m
step 02108/05568 (37.86%) | loss: 2.681266 | lrm: 0.96 | dt: 5016.72ms | tok/sec: 209,016 | bf16_mfu: 50.46 | epoch: 1 pq: 49 rg: 14 | total time: 178.14m | eta: 293.8m
step 02109/05568 (37.88%) | loss: 2.668020 | lrm: 0.96 | dt: 5017.70ms | tok/sec: 208,975 | bf16_mfu: 50.45 | epoch: 1 pq: 49 rg: 16 | total time: 178.22m | eta: 293.7m
step 02110/05568 (37.90%) | loss: 2.653974 | lrm: 0.96 | dt: 5016.01ms | tok/sec: 209,045 | bf16_mfu: 50.47 | epoch: 1 pq: 49 rg: 18 | total time: 178.31m | eta: 293.6m
step 02111/05568 (37.91%) | loss: 2.644537 | lrm: 0.96 | dt: 5021.77ms | tok/sec: 208,806 | bf16_mfu: 50.41 | epoch: 1 pq: 49 rg: 20 | total time: 178.39m | eta: 293.5m
step 02112/05568 (37.93%) | loss: 2.656547 | lrm: 0.96 | dt: 5020.90ms | tok/sec: 208,842 | bf16_mfu: 50.42 | epoch: 1 pq: 49 rg: 22 | total time: 178.48m | eta: 293.4m
step 02113/05568 (37.95%) | loss: 2.656391 | lrm: 0.96 | dt: 5021.26ms | tok/sec: 208,827 | bf16_mfu: 50.41 | epoch: 1 pq: 49 rg: 24 | total time: 178.56m | eta: 293.4m
step 02114/05568 (37.97%) | loss: 2.659004 | lrm: 0.96 | dt: 5024.64ms | tok/sec: 208,686 | bf16_mfu: 50.38 | epoch: 1 pq: 49 rg: 26 | total time: 178.64m | eta: 293.3m
step 02115/05568 (37.98%) | loss: 2.643781 | lrm: 0.96 | dt: 5025.57ms | tok/sec: 208,648 | bf16_mfu: 50.37 | epoch: 1 pq: 49 rg: 28 | total time: 178.73m | eta: 293.2m
step 02116/05568 (38.00%) | loss: 2.660810 | lrm: 0.96 | dt: 5016.40ms | tok/sec: 209,029 | bf16_mfu: 50.46 | epoch: 1 pq: 49 rg: 30 | total time: 178.81m | eta: 293.1m
step 02117/05568 (38.02%) | loss: 2.664293 | lrm: 0.96 | dt: 5031.95ms | tok/sec: 208,383 | bf16_mfu: 50.31 | epoch: 1 pq: 49 rg: 32 | total time: 178.89m | eta: 293.0m
step 02118/05568 (38.04%) | loss: 2.663197 | lrm: 0.96 | dt: 5028.30ms | tok/sec: 208,534 | bf16_mfu: 50.34 | epoch: 1 pq: 49 rg: 34 | total time: 178.98m | eta: 292.9m
step 02119/05568 (38.06%) | loss: 2.671785 | lrm: 0.96 | dt: 5025.78ms | tok/sec: 208,639 | bf16_mfu: 50.37 | epoch: 1 pq: 49 rg: 36 | total time: 179.06m | eta: 292.8m
step 02120/05568 (38.07%) | loss: 2.661189 | lrm: 0.96 | dt: 5023.25ms | tok/sec: 208,744 | bf16_mfu: 50.39 | epoch: 1 pq: 49 rg: 38 | total time: 179.15m | eta: 292.7m
step 02121/05568 (38.09%) | loss: 2.658001 | lrm: 0.95 | dt: 5022.01ms | tok/sec: 208,795 | bf16_mfu: 50.41 | epoch: 1 pq: 49 rg: 40 | total time: 179.23m | eta: 292.7m
step 02122/05568 (38.11%) | loss: 2.658828 | lrm: 0.95 | dt: 5022.07ms | tok/sec: 208,793 | bf16_mfu: 50.41 | epoch: 1 pq: 49 rg: 42 | total time: 179.31m | eta: 292.6m
step 02123/05568 (38.13%) | loss: 2.665298 | lrm: 0.95 | dt: 5027.41ms | tok/sec: 208,571 | bf16_mfu: 50.35 | epoch: 1 pq: 49 rg: 42 | total time: 179.40m | eta: 292.5m
step 02124/05568 (38.15%) | loss: 2.680448 | lrm: 0.95 | dt: 5021.61ms | tok/sec: 208,812 | bf16_mfu: 50.41 | epoch: 1 pq: 49 rg: 44 | total time: 179.48m | eta: 292.4m
step 02125/05568 (38.16%) | loss: 2.671298 | lrm: 0.95 | dt: 5015.86ms | tok/sec: 209,051 | bf16_mfu: 50.47 | epoch: 1 pq: 49 rg: 46 | total time: 179.56m | eta: 292.3m
step 02126/05568 (38.18%) | loss: 2.661306 | lrm: 0.95 | dt: 5022.74ms | tok/sec: 208,765 | bf16_mfu: 50.40 | epoch: 1 pq: 49 rg: 48 | total time: 179.65m | eta: 292.2m
step 02127/05568 (38.20%) | loss: 2.656969 | lrm: 0.95 | dt: 5019.63ms | tok/sec: 208,894 | bf16_mfu: 50.43 | epoch: 1 pq: 49 rg: 50 | total time: 179.73m | eta: 292.1m
step 02128/05568 (38.22%) | loss: 2.669439 | lrm: 0.95 | dt: 5017.32ms | tok/sec: 208,991 | bf16_mfu: 50.45 | epoch: 1 pq: 49 rg: 52 | total time: 179.82m | eta: 292.1m
step 02129/05568 (38.24%) | loss: 2.683569 | lrm: 0.95 | dt: 5025.17ms | tok/sec: 208,664 | bf16_mfu: 50.38 | epoch: 1 pq: 49 rg: 54 | total time: 179.90m | eta: 292.0m
step 02130/05568 (38.25%) | loss: 2.699015 | lrm: 0.95 | dt: 5017.47ms | tok/sec: 208,985 | bf16_mfu: 50.45 | epoch: 1 pq: 49 rg: 56 | total time: 179.98m | eta: 291.9m
step 02131/05568 (38.27%) | loss: 2.695739 | lrm: 0.95 | dt: 5015.51ms | tok/sec: 209,066 | bf16_mfu: 50.47 | epoch: 1 pq: 49 rg: 58 | total time: 180.07m | eta: 291.8m
step 02132/05568 (38.29%) | loss: 2.693954 | lrm: 0.95 | dt: 5022.39ms | tok/sec: 208,780 | bf16_mfu: 50.40 | epoch: 1 pq: 49 rg: 60 | total time: 180.15m | eta: 291.7m
step 02133/05568 (38.31%) | loss: 2.678219 | lrm: 0.95 | dt: 5013.67ms | tok/sec: 209,143 | bf16_mfu: 50.49 | epoch: 1 pq: 49 rg: 62 | total time: 180.23m | eta: 291.6m
step 02134/05568 (38.33%) | loss: 2.696266 | lrm: 0.95 | dt: 5604.45ms | tok/sec: 187,096 | bf16_mfu: 45.17 | epoch: 1 pq: 49 rg: 64 | total time: 180.33m | eta: 291.5m
step 02135/05568 (38.34%) | loss: 2.681869 | lrm: 0.95 | dt: 4999.94ms | tok/sec: 209,717 | bf16_mfu: 50.63 | epoch: 1 pq: 49 rg: 66 | total time: 180.41m | eta: 291.5m
step 02136/05568 (38.36%) | loss: 2.670149 | lrm: 0.95 | dt: 5020.30ms | tok/sec: 208,867 | bf16_mfu: 50.42 | epoch: 1 pq: 49 rg: 68 | total time: 180.49m | eta: 291.4m
step 02137/05568 (38.38%) | loss: 2.653922 | lrm: 0.95 | dt: 5020.33ms | tok/sec: 208,865 | bf16_mfu: 50.42 | epoch: 1 pq: 49 rg: 70 | total time: 180.58m | eta: 291.3m
step 02138/05568 (38.40%) | loss: 2.665225 | lrm: 0.95 | dt: 5018.45ms | tok/sec: 208,944 | bf16_mfu: 50.44 | epoch: 1 pq: 49 rg: 72 | total time: 180.66m | eta: 291.2m
step 02139/05568 (38.42%) | loss: 2.676174 | lrm: 0.95 | dt: 5020.57ms | tok/sec: 208,855 | bf16_mfu: 50.42 | epoch: 1 pq: 49 rg: 74 | total time: 180.74m | eta: 291.1m
step 02140/05568 (38.43%) | loss: 2.667116 | lrm: 0.95 | dt: 5021.37ms | tok/sec: 208,822 | bf16_mfu: 50.41 | epoch: 1 pq: 49 rg: 76 | total time: 180.83m | eta: 291.0m
step 02141/05568 (38.45%) | loss: 2.683805 | lrm: 0.95 | dt: 5014.54ms | tok/sec: 209,107 | bf16_mfu: 50.48 | epoch: 1 pq: 49 rg: 78 | total time: 180.91m | eta: 290.9m
step 02142/05568 (38.47%) | loss: 2.693106 | lrm: 0.95 | dt: 5017.78ms | tok/sec: 208,972 | bf16_mfu: 50.45 | epoch: 1 pq: 49 rg: 80 | total time: 181.00m | eta: 290.8m
step 02143/05568 (38.49%) | loss: 2.698957 | lrm: 0.95 | dt: 5016.34ms | tok/sec: 209,032 | bf16_mfu: 50.46 | epoch: 1 pq: 49 rg: 82 | total time: 181.08m | eta: 290.8m
step 02144/05568 (38.51%) | loss: 2.682042 | lrm: 0.95 | dt: 5327.15ms | tok/sec: 196,836 | bf16_mfu: 47.52 | epoch: 1 pq: 50 rg: 0 | total time: 181.17m | eta: 290.7m
step 02145/05568 (38.52%) | loss: 2.681890 | lrm: 0.95 | dt: 5022.17ms | tok/sec: 208,789 | bf16_mfu: 50.41 | epoch: 1 pq: 50 rg: 2 | total time: 181.25m | eta: 290.6m
step 02146/05568 (38.54%) | loss: 2.662539 | lrm: 0.95 | dt: 5020.36ms | tok/sec: 208,864 | bf16_mfu: 50.42 | epoch: 1 pq: 50 rg: 4 | total time: 181.34m | eta: 290.5m
step 02147/05568 (38.56%) | loss: 2.657279 | lrm: 0.95 | dt: 5017.20ms | tok/sec: 208,996 | bf16_mfu: 50.46 | epoch: 1 pq: 50 rg: 6 | total time: 181.42m | eta: 290.4m
step 02148/05568 (38.58%) | loss: 2.652611 | lrm: 0.95 | dt: 5020.62ms | tok/sec: 208,853 | bf16_mfu: 50.42 | epoch: 1 pq: 50 rg: 8 | total time: 181.50m | eta: 290.3m
step 02149/05568 (38.60%) | loss: 2.660774 | lrm: 0.95 | dt: 5024.08ms | tok/sec: 208,709 | bf16_mfu: 50.39 | epoch: 1 pq: 50 rg: 10 | total time: 181.59m | eta: 290.2m
step 02150/05568 (38.61%) | loss: 2.652777 | lrm: 0.95 | dt: 5026.25ms | tok/sec: 208,620 | bf16_mfu: 50.36 | epoch: 1 pq: 50 rg: 12 | total time: 181.67m | eta: 290.2m
step 02151/05568 (38.63%) | loss: 2.614939 | lrm: 0.95 | dt: 5024.22ms | tok/sec: 208,704 | bf16_mfu: 50.38 | epoch: 1 pq: 50 rg: 14 | total time: 181.75m | eta: 290.1m
step 02152/05568 (38.65%) | loss: 2.603851 | lrm: 0.95 | dt: 5016.91ms | tok/sec: 209,008 | bf16_mfu: 50.46 | epoch: 1 pq: 50 rg: 16 | total time: 181.84m | eta: 290.0m
step 02153/05568 (38.67%) | loss: 2.595864 | lrm: 0.95 | dt: 5019.21ms | tok/sec: 208,912 | bf16_mfu: 50.43 | epoch: 1 pq: 50 rg: 18 | total time: 181.92m | eta: 289.9m
step 02154/05568 (38.69%) | loss: 2.584720 | lrm: 0.95 | dt: 5017.69ms | tok/sec: 208,976 | bf16_mfu: 50.45 | epoch: 1 pq: 50 rg: 20 | total time: 182.01m | eta: 289.8m
step 02155/05568 (38.70%) | loss: 2.591190 | lrm: 0.95 | dt: 5024.82ms | tok/sec: 208,679 | bf16_mfu: 50.38 | epoch: 1 pq: 50 rg: 22 | total time: 182.09m | eta: 289.7m
step 02156/05568 (38.72%) | loss: 2.584638 | lrm: 0.95 | dt: 5025.94ms | tok/sec: 208,632 | bf16_mfu: 50.37 | epoch: 1 pq: 50 rg: 24 | total time: 182.17m | eta: 289.6m
step 02157/05568 (38.74%) | loss: 2.573288 | lrm: 0.95 | dt: 5020.96ms | tok/sec: 208,839 | bf16_mfu: 50.42 | epoch: 1 pq: 50 rg: 26 | total time: 182.26m | eta: 289.6m
step 02158/05568 (38.76%) | loss: 2.588916 | lrm: 0.95 | dt: 5019.11ms | tok/sec: 208,916 | bf16_mfu: 50.44 | epoch: 1 pq: 50 rg: 26 | total time: 182.34m | eta: 289.5m
step 02159/05568 (38.78%) | loss: 2.600865 | lrm: 0.94 | dt: 5023.04ms | tok/sec: 208,753 | bf16_mfu: 50.40 | epoch: 1 pq: 50 rg: 28 | total time: 182.42m | eta: 289.4m
step 02160/05568 (38.79%) | loss: 2.609271 | lrm: 0.94 | dt: 5019.17ms | tok/sec: 208,914 | bf16_mfu: 50.44 | epoch: 1 pq: 50 rg: 30 | total time: 182.51m | eta: 289.3m
step 02161/05568 (38.81%) | loss: 2.611809 | lrm: 0.94 | dt: 5017.00ms | tok/sec: 209,004 | bf16_mfu: 50.46 | epoch: 1 pq: 50 rg: 32 | total time: 182.59m | eta: 289.2m
step 02162/05568 (38.83%) | loss: 2.605763 | lrm: 0.94 | dt: 5023.08ms | tok/sec: 208,751 | bf16_mfu: 50.40 | epoch: 1 pq: 50 rg: 34 | total time: 182.67m | eta: 289.1m
step 02163/05568 (38.85%) | loss: 2.611636 | lrm: 0.94 | dt: 5019.54ms | tok/sec: 208,898 | bf16_mfu: 50.43 | epoch: 1 pq: 50 rg: 36 | total time: 182.76m | eta: 289.0m
step 02164/05568 (38.86%) | loss: 2.597968 | lrm: 0.94 | dt: 5014.65ms | tok/sec: 209,102 | bf16_mfu: 50.48 | epoch: 1 pq: 50 rg: 38 | total time: 182.84m | eta: 288.9m
step 02165/05568 (38.88%) | loss: 2.629074 | lrm: 0.94 | dt: 5016.94ms | tok/sec: 209,006 | bf16_mfu: 50.46 | epoch: 1 pq: 50 rg: 40 | total time: 182.93m | eta: 288.9m
step 02166/05568 (38.90%) | loss: 2.618087 | lrm: 0.94 | dt: 5020.53ms | tok/sec: 208,857 | bf16_mfu: 50.42 | epoch: 1 pq: 50 rg: 42 | total time: 183.01m | eta: 288.8m
step 02167/05568 (38.92%) | loss: 2.603088 | lrm: 0.94 | dt: 5029.06ms | tok/sec: 208,503 | bf16_mfu: 50.34 | epoch: 1 pq: 50 rg: 44 | total time: 183.09m | eta: 288.7m
step 02168/05568 (38.94%) | loss: 2.622097 | lrm: 0.94 | dt: 5019.39ms | tok/sec: 208,905 | bf16_mfu: 50.43 | epoch: 1 pq: 50 rg: 46 | total time: 183.18m | eta: 288.6m
step 02169/05568 (38.95%) | loss: 2.625714 | lrm: 0.94 | dt: 5018.63ms | tok/sec: 208,936 | bf16_mfu: 50.44 | epoch: 1 pq: 50 rg: 48 | total time: 183.26m | eta: 288.5m
step 02170/05568 (38.97%) | loss: 2.632386 | lrm: 0.94 | dt: 5012.72ms | tok/sec: 209,182 | bf16_mfu: 50.50 | epoch: 1 pq: 50 rg: 50 | total time: 183.34m | eta: 288.4m
step 02171/05568 (38.99%) | loss: 2.636832 | lrm: 0.94 | dt: 5025.14ms | tok/sec: 208,666 | bf16_mfu: 50.38 | epoch: 1 pq: 50 rg: 52 | total time: 183.43m | eta: 288.3m
step 02172/05568 (39.01%) | loss: 2.645086 | lrm: 0.94 | dt: 5022.49ms | tok/sec: 208,776 | bf16_mfu: 50.40 | epoch: 1 pq: 50 rg: 54 | total time: 183.51m | eta: 288.3m
step 02173/05568 (39.03%) | loss: 2.639553 | lrm: 0.94 | dt: 5021.79ms | tok/sec: 208,805 | bf16_mfu: 50.41 | epoch: 1 pq: 50 rg: 56 | total time: 183.59m | eta: 288.2m
step 02174/05568 (39.04%) | loss: 2.651773 | lrm: 0.94 | dt: 5015.90ms | tok/sec: 209,050 | bf16_mfu: 50.47 | epoch: 1 pq: 50 rg: 58 | total time: 183.68m | eta: 288.1m
step 02175/05568 (39.06%) | loss: 2.660838 | lrm: 0.94 | dt: 5034.92ms | tok/sec: 208,260 | bf16_mfu: 50.28 | epoch: 1 pq: 50 rg: 60 | total time: 183.76m | eta: 288.0m
step 02176/05568 (39.08%) | loss: 2.672578 | lrm: 0.94 | dt: 5238.05ms | tok/sec: 200,184 | bf16_mfu: 48.33 | epoch: 1 pq: 50 rg: 62 | total time: 183.85m | eta: 287.9m
step 02177/05568 (39.10%) | loss: 2.659308 | lrm: 0.94 | dt: 5023.42ms | tok/sec: 208,737 | bf16_mfu: 50.39 | epoch: 1 pq: 50 rg: 64 | total time: 183.93m | eta: 287.8m
step 02178/05568 (39.12%) | loss: 2.639399 | lrm: 0.94 | dt: 5031.29ms | tok/sec: 208,411 | bf16_mfu: 50.31 | epoch: 1 pq: 50 rg: 66 | total time: 184.02m | eta: 287.7m
step 02179/05568 (39.13%) | loss: 2.632891 | lrm: 0.94 | dt: 5025.63ms | tok/sec: 208,645 | bf16_mfu: 50.37 | epoch: 1 pq: 50 rg: 68 | total time: 184.10m | eta: 287.7m
step 02180/05568 (39.15%) | loss: 2.634146 | lrm: 0.94 | dt: 5027.21ms | tok/sec: 208,579 | bf16_mfu: 50.35 | epoch: 1 pq: 50 rg: 70 | total time: 184.18m | eta: 287.6m
step 02181/05568 (39.17%) | loss: 2.643437 | lrm: 0.94 | dt: 5096.01ms | tok/sec: 205,764 | bf16_mfu: 49.67 | epoch: 1 pq: 50 rg: 72 | total time: 184.27m | eta: 287.5m
step 02182/05568 (39.19%) | loss: 2.645740 | lrm: 0.94 | dt: 5027.02ms | tok/sec: 208,587 | bf16_mfu: 50.36 | epoch: 1 pq: 50 rg: 74 | total time: 184.35m | eta: 287.4m
step 02183/05568 (39.21%) | loss: 2.638150 | lrm: 0.94 | dt: 5527.35ms | tok/sec: 189,706 | bf16_mfu: 45.80 | epoch: 1 pq: 50 rg: 76 | total time: 184.45m | eta: 287.3m
step 02184/05568 (39.22%) | loss: 2.629702 | lrm: 0.94 | dt: 5017.84ms | tok/sec: 208,969 | bf16_mfu: 50.45 | epoch: 1 pq: 50 rg: 78 | total time: 184.53m | eta: 287.2m
step 02185/05568 (39.24%) | loss: 2.616092 | lrm: 0.94 | dt: 5027.64ms | tok/sec: 208,562 | bf16_mfu: 50.35 | epoch: 1 pq: 50 rg: 78 | total time: 184.61m | eta: 287.1m
step 02186/05568 (39.26%) | loss: 2.622655 | lrm: 0.94 | dt: 5138.73ms | tok/sec: 204,053 | bf16_mfu: 49.26 | epoch: 1 pq: 51 rg: 0 | total time: 184.70m | eta: 287.1m
step 02187/05568 (39.28%) | loss: 2.624721 | lrm: 0.94 | dt: 5013.51ms | tok/sec: 209,150 | bf16_mfu: 50.49 | epoch: 1 pq: 51 rg: 0 | total time: 184.78m | eta: 287.0m
step 02188/05568 (39.30%) | loss: 2.645614 | lrm: 0.94 | dt: 5026.63ms | tok/sec: 208,604 | bf16_mfu: 50.36 | epoch: 1 pq: 51 rg: 2 | total time: 184.87m | eta: 286.9m
step 02189/05568 (39.31%) | loss: 2.654414 | lrm: 0.94 | dt: 5028.59ms | tok/sec: 208,522 | bf16_mfu: 50.34 | epoch: 1 pq: 51 rg: 4 | total time: 184.95m | eta: 286.8m
step 02190/05568 (39.33%) | loss: 2.614671 | lrm: 0.94 | dt: 5028.27ms | tok/sec: 208,536 | bf16_mfu: 50.34 | epoch: 1 pq: 51 rg: 6 | total time: 185.03m | eta: 286.7m
step 02191/05568 (39.35%) | loss: 2.611365 | lrm: 0.94 | dt: 5026.08ms | tok/sec: 208,626 | bf16_mfu: 50.37 | epoch: 1 pq: 51 rg: 8 | total time: 185.12m | eta: 286.6m
step 02192/05568 (39.37%) | loss: 2.601983 | lrm: 0.94 | dt: 5021.14ms | tok/sec: 208,832 | bf16_mfu: 50.42 | epoch: 1 pq: 51 rg: 10 | total time: 185.20m | eta: 286.5m
step 02193/05568 (39.39%) | loss: 2.612828 | lrm: 0.94 | dt: 5031.06ms | tok/sec: 208,420 | bf16_mfu: 50.32 | epoch: 1 pq: 51 rg: 12 | total time: 185.29m | eta: 286.5m
step 02194/05568 (39.40%) | loss: 2.617285 | lrm: 0.94 | dt: 5025.84ms | tok/sec: 208,637 | bf16_mfu: 50.37 | epoch: 1 pq: 51 rg: 14 | total time: 185.37m | eta: 286.4m
step 02195/05568 (39.42%) | loss: 2.618989 | lrm: 0.94 | dt: 6924.13ms | tok/sec: 151,437 | bf16_mfu: 36.56 | epoch: 1 pq: 51 rg: 16 | total time: 185.48m | eta: 286.3m
step 02196/05568 (39.44%) | loss: 2.622134 | lrm: 0.94 | dt: 5063.78ms | tok/sec: 207,073 | bf16_mfu: 49.99 | epoch: 1 pq: 51 rg: 18 | total time: 185.57m | eta: 286.2m
step 02197/05568 (39.46%) | loss: 2.618378 | lrm: 0.93 | dt: 5019.92ms | tok/sec: 208,883 | bf16_mfu: 50.43 | epoch: 1 pq: 51 rg: 20 | total time: 185.65m | eta: 286.2m
step 02198/05568 (39.48%) | loss: 2.618264 | lrm: 0.93 | dt: 5017.48ms | tok/sec: 208,984 | bf16_mfu: 50.45 | epoch: 1 pq: 51 rg: 22 | total time: 185.74m | eta: 286.1m
step 02199/05568 (39.49%) | loss: 2.618843 | lrm: 0.93 | dt: 5028.11ms | tok/sec: 208,542 | bf16_mfu: 50.35 | epoch: 1 pq: 51 rg: 24 | total time: 185.82m | eta: 286.0m
step 02200/05568 (39.51%) | loss: 2.627182 | lrm: 0.93 | dt: 4964.21ms | tok/sec: 211,227 | bf16_mfu: 50.99 | epoch: 1 pq: 51 rg: 26 | total time: 185.90m | eta: 285.9m
step 02201/05568 (39.53%) | loss: 2.621734 | lrm: 0.93 | dt: 5013.51ms | tok/sec: 209,150 | bf16_mfu: 50.49 | epoch: 1 pq: 51 rg: 28 | total time: 185.99m | eta: 285.8m
step 02202/05568 (39.55%) | loss: 2.631391 | lrm: 0.93 | dt: 5019.24ms | tok/sec: 208,911 | bf16_mfu: 50.43 | epoch: 1 pq: 51 rg: 30 | total time: 186.07m | eta: 285.7m
step 02203/05568 (39.57%) | loss: 2.614022 | lrm: 0.93 | dt: 5017.83ms | tok/sec: 208,970 | bf16_mfu: 50.45 | epoch: 1 pq: 51 rg: 32 | total time: 186.15m | eta: 285.6m
step 02204/05568 (39.58%) | loss: 2.599729 | lrm: 0.93 | dt: 5020.77ms | tok/sec: 208,847 | bf16_mfu: 50.42 | epoch: 1 pq: 51 rg: 34 | total time: 186.24m | eta: 285.6m
step 02205/05568 (39.60%) | loss: 2.601533 | lrm: 0.93 | dt: 5023.36ms | tok/sec: 208,739 | bf16_mfu: 50.39 | epoch: 1 pq: 51 rg: 36 | total time: 186.32m | eta: 285.5m
step 02206/05568 (39.62%) | loss: 2.598152 | lrm: 0.93 | dt: 5028.95ms | tok/sec: 208,508 | bf16_mfu: 50.34 | epoch: 1 pq: 51 rg: 38 | total time: 186.40m | eta: 285.4m
step 02207/05568 (39.64%) | loss: 2.601723 | lrm: 0.93 | dt: 5021.50ms | tok/sec: 208,817 | bf16_mfu: 50.41 | epoch: 1 pq: 51 rg: 40 | total time: 186.49m | eta: 285.3m
step 02208/05568 (39.66%) | loss: 2.580774 | lrm: 0.93 | dt: 5028.00ms | tok/sec: 208,547 | bf16_mfu: 50.35 | epoch: 1 pq: 51 rg: 42 | total time: 186.57m | eta: 285.2m
step 02209/05568 (39.67%) | loss: 2.589543 | lrm: 0.93 | dt: 5024.81ms | tok/sec: 208,679 | bf16_mfu: 50.38 | epoch: 1 pq: 51 rg: 44 | total time: 186.66m | eta: 285.1m
step 02210/05568 (39.69%) | loss: 2.589289 | lrm: 0.93 | dt: 5015.79ms | tok/sec: 209,055 | bf16_mfu: 50.47 | epoch: 1 pq: 51 rg: 46 | total time: 186.74m | eta: 285.0m
step 02211/05568 (39.71%) | loss: 2.591624 | lrm: 0.93 | dt: 5028.61ms | tok/sec: 208,522 | bf16_mfu: 50.34 | epoch: 1 pq: 51 rg: 48 | total time: 186.82m | eta: 284.9m
step 02212/05568 (39.73%) | loss: 2.587535 | lrm: 0.93 | dt: 5026.37ms | tok/sec: 208,614 | bf16_mfu: 50.36 | epoch: 1 pq: 51 rg: 50 | total time: 186.91m | eta: 284.9m
step 02213/05568 (39.74%) | loss: 2.596434 | lrm: 0.93 | dt: 5023.12ms | tok/sec: 208,749 | bf16_mfu: 50.40 | epoch: 1 pq: 51 rg: 50 | total time: 186.99m | eta: 284.8m
step 02214/05568 (39.76%) | loss: 2.598136 | lrm: 0.93 | dt: 5025.05ms | tok/sec: 208,669 | bf16_mfu: 50.38 | epoch: 1 pq: 51 rg: 52 | total time: 187.07m | eta: 284.7m
step 02215/05568 (39.78%) | loss: 2.627119 | lrm: 0.93 | dt: 5161.42ms | tok/sec: 203,156 | bf16_mfu: 49.05 | epoch: 1 pq: 51 rg: 54 | total time: 187.16m | eta: 284.6m
step 02216/05568 (39.80%) | loss: 2.639064 | lrm: 0.93 | dt: 5029.69ms | tok/sec: 208,477 | bf16_mfu: 50.33 | epoch: 1 pq: 51 rg: 56 | total time: 187.24m | eta: 284.5m
step 02217/05568 (39.82%) | loss: 2.627509 | lrm: 0.93 | dt: 5031.55ms | tok/sec: 208,400 | bf16_mfu: 50.31 | epoch: 1 pq: 51 rg: 58 | total time: 187.33m | eta: 284.4m
step 02218/05568 (39.83%) | loss: 2.643313 | lrm: 0.93 | dt: 5026.88ms | tok/sec: 208,593 | bf16_mfu: 50.36 | epoch: 1 pq: 51 rg: 60 | total time: 187.41m | eta: 284.3m
step 02219/05568 (39.85%) | loss: 2.650340 | lrm: 0.93 | dt: 5035.02ms | tok/sec: 208,256 | bf16_mfu: 50.28 | epoch: 1 pq: 51 rg: 62 | total time: 187.50m | eta: 284.3m
step 02220/05568 (39.87%) | loss: 2.642732 | lrm: 0.93 | dt: 5030.92ms | tok/sec: 208,426 | bf16_mfu: 50.32 | epoch: 1 pq: 51 rg: 64 | total time: 187.58m | eta: 284.2m
step 02221/05568 (39.89%) | loss: 2.640798 | lrm: 0.93 | dt: 5035.05ms | tok/sec: 208,255 | bf16_mfu: 50.28 | epoch: 1 pq: 51 rg: 66 | total time: 187.66m | eta: 284.1m
step 02222/05568 (39.91%) | loss: 2.638934 | lrm: 0.93 | dt: 5037.75ms | tok/sec: 208,143 | bf16_mfu: 50.25 | epoch: 1 pq: 51 rg: 68 | total time: 187.75m | eta: 284.0m
step 02223/05568 (39.92%) | loss: 2.654357 | lrm: 0.93 | dt: 5035.37ms | tok/sec: 208,242 | bf16_mfu: 50.27 | epoch: 1 pq: 51 rg: 70 | total time: 187.83m | eta: 283.9m
step 02224/05568 (39.94%) | loss: 2.661455 | lrm: 0.93 | dt: 5039.18ms | tok/sec: 208,084 | bf16_mfu: 50.24 | epoch: 1 pq: 51 rg: 72 | total time: 187.92m | eta: 283.8m
step 02225/05568 (39.96%) | loss: 2.648466 | lrm: 0.93 | dt: 5030.86ms | tok/sec: 208,428 | bf16_mfu: 50.32 | epoch: 1 pq: 51 rg: 74 | total time: 188.00m | eta: 283.7m
step 02226/05568 (39.98%) | loss: 2.648545 | lrm: 0.93 | dt: 5029.74ms | tok/sec: 208,475 | bf16_mfu: 50.33 | epoch: 1 pq: 51 rg: 76 | total time: 188.08m | eta: 283.7m
step 02227/05568 (40.00%) | loss: 2.650978 | lrm: 0.93 | dt: 5031.47ms | tok/sec: 208,403 | bf16_mfu: 50.31 | epoch: 1 pq: 51 rg: 78 | total time: 188.17m | eta: 283.6m
step 02228/05568 (40.01%) | loss: 2.653119 | lrm: 0.93 | dt: 5035.09ms | tok/sec: 208,253 | bf16_mfu: 50.28 | epoch: 1 pq: 51 rg: 80 | total time: 188.25m | eta: 283.5m
step 02229/05568 (40.03%) | loss: 2.632488 | lrm: 0.93 | dt: 5035.09ms | tok/sec: 208,253 | bf16_mfu: 50.28 | epoch: 1 pq: 52 rg: 0 | total time: 188.33m | eta: 283.4m
step 02230/05568 (40.05%) | loss: 2.644959 | lrm: 0.93 | dt: 5034.93ms | tok/sec: 208,260 | bf16_mfu: 50.28 | epoch: 1 pq: 52 rg: 2 | total time: 188.42m | eta: 283.3m
step 02231/05568 (40.07%) | loss: 2.640472 | lrm: 0.93 | dt: 5039.63ms | tok/sec: 208,065 | bf16_mfu: 50.23 | epoch: 1 pq: 52 rg: 4 | total time: 188.50m | eta: 283.2m
step 02232/05568 (40.09%) | loss: 2.640114 | lrm: 0.93 | dt: 5030.23ms | tok/sec: 208,454 | bf16_mfu: 50.32 | epoch: 1 pq: 52 rg: 6 | total time: 188.59m | eta: 283.1m
step 02233/05568 (40.10%) | loss: 2.628383 | lrm: 0.93 | dt: 5030.96ms | tok/sec: 208,424 | bf16_mfu: 50.32 | epoch: 1 pq: 52 rg: 8 | total time: 188.67m | eta: 283.0m
step 02234/05568 (40.12%) | loss: 2.634577 | lrm: 0.93 | dt: 5033.07ms | tok/sec: 208,337 | bf16_mfu: 50.30 | epoch: 1 pq: 52 rg: 10 | total time: 188.75m | eta: 283.0m
step 02235/05568 (40.14%) | loss: 2.627928 | lrm: 0.92 | dt: 5036.51ms | tok/sec: 208,195 | bf16_mfu: 50.26 | epoch: 1 pq: 52 rg: 12 | total time: 188.84m | eta: 282.9m
step 02236/05568 (40.16%) | loss: 2.632870 | lrm: 0.92 | dt: 5030.90ms | tok/sec: 208,427 | bf16_mfu: 50.32 | epoch: 1 pq: 52 rg: 14 | total time: 188.92m | eta: 282.8m
step 02237/05568 (40.18%) | loss: 2.623186 | lrm: 0.92 | dt: 5036.37ms | tok/sec: 208,200 | bf16_mfu: 50.26 | epoch: 1 pq: 52 rg: 16 | total time: 189.01m | eta: 282.7m
step 02238/05568 (40.19%) | loss: 2.631635 | lrm: 0.92 | dt: 5028.91ms | tok/sec: 208,509 | bf16_mfu: 50.34 | epoch: 1 pq: 52 rg: 18 | total time: 189.09m | eta: 282.6m
step 02239/05568 (40.21%) | loss: 2.636874 | lrm: 0.92 | dt: 5032.89ms | tok/sec: 208,344 | bf16_mfu: 50.30 | epoch: 1 pq: 52 rg: 20 | total time: 189.17m | eta: 282.5m
step 02240/05568 (40.23%) | loss: 2.640744 | lrm: 0.92 | dt: 5033.57ms | tok/sec: 208,316 | bf16_mfu: 50.29 | epoch: 1 pq: 52 rg: 22 | total time: 189.26m | eta: 282.4m
step 02241/05568 (40.25%) | loss: 2.637768 | lrm: 0.92 | dt: 5028.02ms | tok/sec: 208,546 | bf16_mfu: 50.35 | epoch: 1 pq: 52 rg: 24 | total time: 189.34m | eta: 282.4m
step 02242/05568 (40.27%) | loss: 2.649638 | lrm: 0.92 | dt: 5034.68ms | tok/sec: 208,270 | bf16_mfu: 50.28 | epoch: 1 pq: 52 rg: 24 | total time: 189.43m | eta: 282.3m
step 02243/05568 (40.28%) | loss: 2.640063 | lrm: 0.92 | dt: 5027.18ms | tok/sec: 208,581 | bf16_mfu: 50.36 | epoch: 1 pq: 52 rg: 26 | total time: 189.51m | eta: 282.2m
step 02244/05568 (40.30%) | loss: 2.654604 | lrm: 0.92 | dt: 5041.87ms | tok/sec: 207,973 | bf16_mfu: 50.21 | epoch: 1 pq: 52 rg: 28 | total time: 189.59m | eta: 282.1m
step 02245/05568 (40.32%) | loss: 2.653306 | lrm: 0.92 | dt: 5038.84ms | tok/sec: 208,098 | bf16_mfu: 50.24 | epoch: 1 pq: 52 rg: 30 | total time: 189.68m | eta: 282.0m
step 02246/05568 (40.34%) | loss: 2.664268 | lrm: 0.92 | dt: 5028.30ms | tok/sec: 208,534 | bf16_mfu: 50.34 | epoch: 1 pq: 52 rg: 32 | total time: 189.76m | eta: 281.9m
step 02247/05568 (40.36%) | loss: 2.644341 | lrm: 0.92 | dt: 5036.11ms | tok/sec: 208,211 | bf16_mfu: 50.27 | epoch: 1 pq: 52 rg: 34 | total time: 189.84m | eta: 281.8m
step 02248/05568 (40.37%) | loss: 2.644398 | lrm: 0.92 | dt: 5037.65ms | tok/sec: 208,147 | bf16_mfu: 50.25 | epoch: 1 pq: 52 rg: 36 | total time: 189.93m | eta: 281.8m
step 02249/05568 (40.39%) | loss: 2.656604 | lrm: 0.92 | dt: 5037.11ms | tok/sec: 208,170 | bf16_mfu: 50.26 | epoch: 1 pq: 52 rg: 38 | total time: 190.01m | eta: 281.7m
Step 02250 | Validation bpb: 0.797791
step 02250/05568 (40.41%) | loss: 2.627056 | lrm: 0.92 | dt: 4998.35ms | tok/sec: 209,784 | bf16_mfu: 50.65 | epoch: 1 pq: 52 rg: 40 | total time: 190.10m | eta: 281.6m
step 02251/05568 (40.43%) | loss: 2.626426 | lrm: 0.92 | dt: 5018.77ms | tok/sec: 208,930 | bf16_mfu: 50.44 | epoch: 1 pq: 52 rg: 42 | total time: 190.18m | eta: 281.5m
step 02252/05568 (40.45%) | loss: 2.633178 | lrm: 0.92 | dt: 5020.54ms | tok/sec: 208,857 | bf16_mfu: 50.42 | epoch: 1 pq: 52 rg: 44 | total time: 190.26m | eta: 281.4m
step 02253/05568 (40.46%) | loss: 2.618417 | lrm: 0.92 | dt: 5025.47ms | tok/sec: 208,652 | bf16_mfu: 50.37 | epoch: 1 pq: 52 rg: 46 | total time: 190.35m | eta: 281.3m
step 02254/05568 (40.48%) | loss: 2.609151 | lrm: 0.92 | dt: 5018.97ms | tok/sec: 208,922 | bf16_mfu: 50.44 | epoch: 1 pq: 52 rg: 48 | total time: 190.43m | eta: 281.2m
step 02255/05568 (40.50%) | loss: 2.630378 | lrm: 0.92 | dt: 5017.66ms | tok/sec: 208,976 | bf16_mfu: 50.45 | epoch: 1 pq: 52 rg: 50 | total time: 190.51m | eta: 281.1m
step 02256/05568 (40.52%) | loss: 2.620206 | lrm: 0.92 | dt: 5025.36ms | tok/sec: 208,656 | bf16_mfu: 50.37 | epoch: 1 pq: 52 rg: 52 | total time: 190.60m | eta: 281.1m
step 02257/05568 (40.54%) | loss: 2.624784 | lrm: 0.92 | dt: 5022.08ms | tok/sec: 208,793 | bf16_mfu: 50.41 | epoch: 1 pq: 52 rg: 54 | total time: 190.68m | eta: 281.0m
step 02258/05568 (40.55%) | loss: 2.624150 | lrm: 0.92 | dt: 5030.84ms | tok/sec: 208,429 | bf16_mfu: 50.32 | epoch: 1 pq: 52 rg: 56 | total time: 190.77m | eta: 280.9m
step 02259/05568 (40.57%) | loss: 2.613088 | lrm: 0.92 | dt: 5026.10ms | tok/sec: 208,626 | bf16_mfu: 50.37 | epoch: 1 pq: 52 rg: 58 | total time: 190.85m | eta: 280.8m
step 02260/05568 (40.59%) | loss: 2.613556 | lrm: 0.92 | dt: 5017.18ms | tok/sec: 208,997 | bf16_mfu: 50.46 | epoch: 1 pq: 52 rg: 60 | total time: 190.93m | eta: 280.7m
step 02261/05568 (40.61%) | loss: 2.610740 | lrm: 0.92 | dt: 5026.63ms | tok/sec: 208,604 | bf16_mfu: 50.36 | epoch: 1 pq: 52 rg: 62 | total time: 191.02m | eta: 280.6m
step 02262/05568 (40.62%) | loss: 2.616595 | lrm: 0.92 | dt: 5023.57ms | tok/sec: 208,731 | bf16_mfu: 50.39 | epoch: 1 pq: 52 rg: 64 | total time: 191.10m | eta: 280.5m
step 02263/05568 (40.64%) | loss: 2.608602 | lrm: 0.92 | dt: 5024.34ms | tok/sec: 208,699 | bf16_mfu: 50.38 | epoch: 1 pq: 52 rg: 66 | total time: 191.18m | eta: 280.5m
step 02264/05568 (40.66%) | loss: 2.612174 | lrm: 0.92 | dt: 5026.25ms | tok/sec: 208,620 | bf16_mfu: 50.36 | epoch: 1 pq: 52 rg: 68 | total time: 191.27m | eta: 280.4m
step 02265/05568 (40.68%) | loss: 2.621875 | lrm: 0.92 | dt: 5028.95ms | tok/sec: 208,507 | bf16_mfu: 50.34 | epoch: 1 pq: 52 rg: 70 | total time: 191.35m | eta: 280.3m
step 02266/05568 (40.70%) | loss: 2.632168 | lrm: 0.92 | dt: 5022.03ms | tok/sec: 208,795 | bf16_mfu: 50.41 | epoch: 1 pq: 52 rg: 72 | total time: 191.44m | eta: 280.2m
step 02267/05568 (40.71%) | loss: 2.635585 | lrm: 0.92 | dt: 5017.45ms | tok/sec: 208,986 | bf16_mfu: 50.45 | epoch: 1 pq: 52 rg: 74 | total time: 191.52m | eta: 280.1m
step 02268/05568 (40.73%) | loss: 2.637174 | lrm: 0.92 | dt: 5018.57ms | tok/sec: 208,939 | bf16_mfu: 50.44 | epoch: 1 pq: 52 rg: 76 | total time: 191.60m | eta: 280.0m
step 02269/05568 (40.75%) | loss: 2.631276 | lrm: 0.92 | dt: 5029.60ms | tok/sec: 208,481 | bf16_mfu: 50.33 | epoch: 1 pq: 52 rg: 78 | total time: 191.69m | eta: 279.9m
step 02270/05568 (40.77%) | loss: 2.642875 | lrm: 0.92 | dt: 5024.77ms | tok/sec: 208,681 | bf16_mfu: 50.38 | epoch: 1 pq: 52 rg: 80 | total time: 191.77m | eta: 279.8m
step 02271/05568 (40.79%) | loss: 2.634910 | lrm: 0.92 | dt: 5024.91ms | tok/sec: 208,675 | bf16_mfu: 50.38 | epoch: 1 pq: 53 rg: 0 | total time: 191.85m | eta: 279.8m
step 02272/05568 (40.80%) | loss: 2.637745 | lrm: 0.92 | dt: 5023.75ms | tok/sec: 208,723 | bf16_mfu: 50.39 | epoch: 1 pq: 53 rg: 2 | total time: 191.94m | eta: 279.7m
step 02273/05568 (40.82%) | loss: 2.650112 | lrm: 0.91 | dt: 5032.68ms | tok/sec: 208,353 | bf16_mfu: 50.30 | epoch: 1 pq: 53 rg: 4 | total time: 192.02m | eta: 279.6m
step 02274/05568 (40.84%) | loss: 2.653920 | lrm: 0.91 | dt: 5014.72ms | tok/sec: 209,099 | bf16_mfu: 50.48 | epoch: 1 pq: 53 rg: 4 | total time: 192.11m | eta: 279.5m
step 02275/05568 (40.86%) | loss: 2.656782 | lrm: 0.91 | dt: 5019.93ms | tok/sec: 208,882 | bf16_mfu: 50.43 | epoch: 1 pq: 53 rg: 6 | total time: 192.19m | eta: 279.4m
step 02276/05568 (40.88%) | loss: 2.636180 | lrm: 0.91 | dt: 5023.91ms | tok/sec: 208,717 | bf16_mfu: 50.39 | epoch: 1 pq: 53 rg: 8 | total time: 192.27m | eta: 279.3m
step 02277/05568 (40.89%) | loss: 2.629995 | lrm: 0.91 | dt: 5021.07ms | tok/sec: 208,835 | bf16_mfu: 50.42 | epoch: 1 pq: 53 rg: 10 | total time: 192.36m | eta: 279.2m
step 02278/05568 (40.91%) | loss: 2.626926 | lrm: 0.91 | dt: 5022.74ms | tok/sec: 208,765 | bf16_mfu: 50.40 | epoch: 1 pq: 53 rg: 12 | total time: 192.44m | eta: 279.2m
step 02279/05568 (40.93%) | loss: 2.626182 | lrm: 0.91 | dt: 5012.59ms | tok/sec: 209,188 | bf16_mfu: 50.50 | epoch: 1 pq: 53 rg: 14 | total time: 192.52m | eta: 279.1m
step 02280/05568 (40.95%) | loss: 2.611880 | lrm: 0.91 | dt: 5019.81ms | tok/sec: 208,887 | bf16_mfu: 50.43 | epoch: 1 pq: 53 rg: 16 | total time: 192.61m | eta: 279.0m
step 02281/05568 (40.97%) | loss: 2.595065 | lrm: 0.91 | dt: 5021.04ms | tok/sec: 208,836 | bf16_mfu: 50.42 | epoch: 1 pq: 53 rg: 18 | total time: 192.69m | eta: 278.9m
step 02282/05568 (40.98%) | loss: 2.586974 | lrm: 0.91 | dt: 5027.95ms | tok/sec: 208,549 | bf16_mfu: 50.35 | epoch: 1 pq: 53 rg: 20 | total time: 192.77m | eta: 278.8m
step 02283/05568 (41.00%) | loss: 2.580137 | lrm: 0.91 | dt: 5025.97ms | tok/sec: 208,631 | bf16_mfu: 50.37 | epoch: 1 pq: 53 rg: 22 | total time: 192.86m | eta: 278.7m
step 02284/05568 (41.02%) | loss: 2.573921 | lrm: 0.91 | dt: 5027.87ms | tok/sec: 208,552 | bf16_mfu: 50.35 | epoch: 1 pq: 53 rg: 24 | total time: 192.94m | eta: 278.6m
step 02285/05568 (41.04%) | loss: 2.575962 | lrm: 0.91 | dt: 5021.85ms | tok/sec: 208,802 | bf16_mfu: 50.41 | epoch: 1 pq: 53 rg: 26 | total time: 193.03m | eta: 278.6m
step 02286/05568 (41.06%) | loss: 2.582852 | lrm: 0.91 | dt: 5023.98ms | tok/sec: 208,714 | bf16_mfu: 50.39 | epoch: 1 pq: 53 rg: 28 | total time: 193.11m | eta: 278.5m
step 02287/05568 (41.07%) | loss: 2.585821 | lrm: 0.91 | dt: 5028.06ms | tok/sec: 208,544 | bf16_mfu: 50.35 | epoch: 1 pq: 53 rg: 30 | total time: 193.19m | eta: 278.4m
step 02288/05568 (41.09%) | loss: 2.574284 | lrm: 0.91 | dt: 5032.74ms | tok/sec: 208,351 | bf16_mfu: 50.30 | epoch: 1 pq: 53 rg: 32 | total time: 193.28m | eta: 278.3m
step 02289/05568 (41.11%) | loss: 2.588516 | lrm: 0.91 | dt: 5304.21ms | tok/sec: 197,687 | bf16_mfu: 47.73 | epoch: 1 pq: 53 rg: 34 | total time: 193.37m | eta: 278.2m
step 02290/05568 (41.13%) | loss: 2.603072 | lrm: 0.91 | dt: 5013.69ms | tok/sec: 209,142 | bf16_mfu: 50.49 | epoch: 1 pq: 53 rg: 36 | total time: 193.45m | eta: 278.1m
step 02291/05568 (41.15%) | loss: 2.607663 | lrm: 0.91 | dt: 5019.91ms | tok/sec: 208,883 | bf16_mfu: 50.43 | epoch: 1 pq: 53 rg: 38 | total time: 193.53m | eta: 278.0m
step 02292/05568 (41.16%) | loss: 2.606488 | lrm: 0.91 | dt: 5027.50ms | tok/sec: 208,567 | bf16_mfu: 50.35 | epoch: 1 pq: 53 rg: 40 | total time: 193.62m | eta: 278.0m
step 02293/05568 (41.18%) | loss: 2.604147 | lrm: 0.91 | dt: 5025.26ms | tok/sec: 208,660 | bf16_mfu: 50.37 | epoch: 1 pq: 53 rg: 42 | total time: 193.70m | eta: 277.9m
step 02294/05568 (41.20%) | loss: 2.592509 | lrm: 0.91 | dt: 5027.32ms | tok/sec: 208,575 | bf16_mfu: 50.35 | epoch: 1 pq: 53 rg: 44 | total time: 193.78m | eta: 277.8m
step 02295/05568 (41.22%) | loss: 2.594994 | lrm: 0.91 | dt: 5024.61ms | tok/sec: 208,688 | bf16_mfu: 50.38 | epoch: 1 pq: 53 rg: 46 | total time: 193.87m | eta: 277.7m
step 02296/05568 (41.24%) | loss: 2.589786 | lrm: 0.91 | dt: 5027.65ms | tok/sec: 208,561 | bf16_mfu: 50.35 | epoch: 1 pq: 53 rg: 48 | total time: 193.95m | eta: 277.6m
step 02297/05568 (41.25%) | loss: 2.599552 | lrm: 0.91 | dt: 5030.14ms | tok/sec: 208,458 | bf16_mfu: 50.33 | epoch: 1 pq: 53 rg: 50 | total time: 194.04m | eta: 277.5m
step 02298/05568 (41.27%) | loss: 2.621296 | lrm: 0.91 | dt: 5019.36ms | tok/sec: 208,906 | bf16_mfu: 50.43 | epoch: 1 pq: 53 rg: 52 | total time: 194.12m | eta: 277.4m
step 02299/05568 (41.29%) | loss: 2.634159 | lrm: 0.91 | dt: 5024.53ms | tok/sec: 208,691 | bf16_mfu: 50.38 | epoch: 1 pq: 53 rg: 54 | total time: 194.20m | eta: 277.3m
step 02300/05568 (41.31%) | loss: 2.632862 | lrm: 0.91 | dt: 5023.52ms | tok/sec: 208,733 | bf16_mfu: 50.39 | epoch: 1 pq: 53 rg: 56 | total time: 194.29m | eta: 277.3m
step 02301/05568 (41.33%) | loss: 2.613859 | lrm: 0.91 | dt: 5021.56ms | tok/sec: 208,814 | bf16_mfu: 50.41 | epoch: 1 pq: 53 rg: 58 | total time: 194.37m | eta: 277.2m
step 02302/05568 (41.34%) | loss: 2.612060 | lrm: 0.91 | dt: 5031.73ms | tok/sec: 208,392 | bf16_mfu: 50.31 | epoch: 1 pq: 53 rg: 60 | total time: 194.45m | eta: 277.1m
step 02303/05568 (41.36%) | loss: 2.600977 | lrm: 0.91 | dt: 5030.60ms | tok/sec: 208,439 | bf16_mfu: 50.32 | epoch: 1 pq: 53 rg: 62 | total time: 194.54m | eta: 277.0m
step 02304/05568 (41.38%) | loss: 2.603986 | lrm: 0.91 | dt: 5019.54ms | tok/sec: 208,898 | bf16_mfu: 50.43 | epoch: 1 pq: 53 rg: 64 | total time: 194.62m | eta: 276.9m
step 02305/05568 (41.40%) | loss: 2.612706 | lrm: 0.91 | dt: 5025.95ms | tok/sec: 208,632 | bf16_mfu: 50.37 | epoch: 1 pq: 53 rg: 66 | total time: 194.71m | eta: 276.8m
step 02306/05568 (41.42%) | loss: 2.614987 | lrm: 0.91 | dt: 5019.62ms | tok/sec: 208,895 | bf16_mfu: 50.43 | epoch: 1 pq: 53 rg: 68 | total time: 194.79m | eta: 276.7m
step 02307/05568 (41.43%) | loss: 2.615262 | lrm: 0.91 | dt: 5015.66ms | tok/sec: 209,060 | bf16_mfu: 50.47 | epoch: 1 pq: 53 rg: 70 | total time: 194.87m | eta: 276.7m
step 02308/05568 (41.45%) | loss: 2.617457 | lrm: 0.91 | dt: 5022.79ms | tok/sec: 208,763 | bf16_mfu: 50.40 | epoch: 1 pq: 53 rg: 70 | total time: 194.96m | eta: 276.6m
step 02309/05568 (41.47%) | loss: 2.629888 | lrm: 0.91 | dt: 5018.23ms | tok/sec: 208,953 | bf16_mfu: 50.44 | epoch: 1 pq: 53 rg: 72 | total time: 195.04m | eta: 276.5m
step 02310/05568 (41.49%) | loss: 2.631551 | lrm: 0.91 | dt: 5018.50ms | tok/sec: 208,942 | bf16_mfu: 50.44 | epoch: 1 pq: 53 rg: 74 | total time: 195.12m | eta: 276.4m
step 02311/05568 (41.51%) | loss: 2.646109 | lrm: 0.90 | dt: 5021.46ms | tok/sec: 208,818 | bf16_mfu: 50.41 | epoch: 1 pq: 53 rg: 76 | total time: 195.21m | eta: 276.3m
step 02312/05568 (41.52%) | loss: 2.639861 | lrm: 0.90 | dt: 5017.23ms | tok/sec: 208,995 | bf16_mfu: 50.45 | epoch: 1 pq: 53 rg: 78 | total time: 195.29m | eta: 276.2m
step 02313/05568 (41.54%) | loss: 2.622941 | lrm: 0.90 | dt: 5020.68ms | tok/sec: 208,851 | bf16_mfu: 50.42 | epoch: 1 pq: 53 rg: 80 | total time: 195.38m | eta: 276.1m
step 02314/05568 (41.56%) | loss: 2.624587 | lrm: 0.90 | dt: 5022.15ms | tok/sec: 208,790 | bf16_mfu: 50.41 | epoch: 1 pq: 54 rg: 0 | total time: 195.46m | eta: 276.1m
step 02315/05568 (41.58%) | loss: 2.645421 | lrm: 0.90 | dt: 5015.50ms | tok/sec: 209,066 | bf16_mfu: 50.47 | epoch: 1 pq: 54 rg: 2 | total time: 195.54m | eta: 276.0m
step 02316/05568 (41.59%) | loss: 2.638484 | lrm: 0.90 | dt: 5009.65ms | tok/sec: 209,311 | bf16_mfu: 50.53 | epoch: 1 pq: 54 rg: 4 | total time: 195.63m | eta: 275.9m
step 02317/05568 (41.61%) | loss: 2.640553 | lrm: 0.90 | dt: 5026.54ms | tok/sec: 208,608 | bf16_mfu: 50.36 | epoch: 1 pq: 54 rg: 6 | total time: 195.71m | eta: 275.8m
step 02318/05568 (41.63%) | loss: 2.639695 | lrm: 0.90 | dt: 5025.03ms | tok/sec: 208,670 | bf16_mfu: 50.38 | epoch: 1 pq: 54 rg: 8 | total time: 195.79m | eta: 275.7m
step 02319/05568 (41.65%) | loss: 2.626260 | lrm: 0.90 | dt: 5023.48ms | tok/sec: 208,734 | bf16_mfu: 50.39 | epoch: 1 pq: 54 rg: 10 | total time: 195.88m | eta: 275.6m
step 02320/05568 (41.67%) | loss: 2.615954 | lrm: 0.90 | dt: 5013.85ms | tok/sec: 209,135 | bf16_mfu: 50.49 | epoch: 1 pq: 54 rg: 12 | total time: 195.96m | eta: 275.5m
step 02321/05568 (41.68%) | loss: 2.613456 | lrm: 0.90 | dt: 5026.26ms | tok/sec: 208,619 | bf16_mfu: 50.36 | epoch: 1 pq: 54 rg: 14 | total time: 196.04m | eta: 275.4m
step 02322/05568 (41.70%) | loss: 2.622047 | lrm: 0.90 | dt: 5019.14ms | tok/sec: 208,915 | bf16_mfu: 50.44 | epoch: 1 pq: 54 rg: 16 | total time: 196.13m | eta: 275.4m
step 02323/05568 (41.72%) | loss: 2.622735 | lrm: 0.90 | dt: 5023.90ms | tok/sec: 208,717 | bf16_mfu: 50.39 | epoch: 1 pq: 54 rg: 18 | total time: 196.21m | eta: 275.3m
step 02324/05568 (41.74%) | loss: 2.612750 | lrm: 0.90 | dt: 5017.94ms | tok/sec: 208,965 | bf16_mfu: 50.45 | epoch: 1 pq: 54 rg: 20 | total time: 196.30m | eta: 275.2m
step 02325/05568 (41.76%) | loss: 2.621196 | lrm: 0.90 | dt: 5010.48ms | tok/sec: 209,276 | bf16_mfu: 50.52 | epoch: 1 pq: 54 rg: 22 | total time: 196.38m | eta: 275.1m
step 02326/05568 (41.77%) | loss: 2.611072 | lrm: 0.90 | dt: 5021.51ms | tok/sec: 208,817 | bf16_mfu: 50.41 | epoch: 1 pq: 54 rg: 24 | total time: 196.46m | eta: 275.0m
step 02327/05568 (41.79%) | loss: 2.613714 | lrm: 0.90 | dt: 5020.39ms | tok/sec: 208,863 | bf16_mfu: 50.42 | epoch: 1 pq: 54 rg: 26 | total time: 196.55m | eta: 274.9m
step 02328/05568 (41.81%) | loss: 2.605019 | lrm: 0.90 | dt: 5023.60ms | tok/sec: 208,730 | bf16_mfu: 50.39 | epoch: 1 pq: 54 rg: 28 | total time: 196.63m | eta: 274.8m
step 02329/05568 (41.83%) | loss: 2.573405 | lrm: 0.90 | dt: 5043.34ms | tok/sec: 207,912 | bf16_mfu: 50.19 | epoch: 1 pq: 54 rg: 30 | total time: 196.71m | eta: 274.8m
step 02330/05568 (41.85%) | loss: 2.587580 | lrm: 0.90 | dt: 5016.63ms | tok/sec: 209,020 | bf16_mfu: 50.46 | epoch: 1 pq: 54 rg: 32 | total time: 196.80m | eta: 274.7m
step 02331/05568 (41.86%) | loss: 2.602344 | lrm: 0.90 | dt: 5011.27ms | tok/sec: 209,243 | bf16_mfu: 50.51 | epoch: 1 pq: 54 rg: 34 | total time: 196.88m | eta: 274.6m
step 02332/05568 (41.88%) | loss: 2.614614 | lrm: 0.90 | dt: 5029.79ms | tok/sec: 208,473 | bf16_mfu: 50.33 | epoch: 1 pq: 54 rg: 36 | total time: 196.97m | eta: 274.5m
step 02333/05568 (41.90%) | loss: 2.622389 | lrm: 0.90 | dt: 5035.89ms | tok/sec: 208,220 | bf16_mfu: 50.27 | epoch: 1 pq: 54 rg: 38 | total time: 197.05m | eta: 274.4m
step 02334/05568 (41.92%) | loss: 2.611443 | lrm: 0.90 | dt: 5017.42ms | tok/sec: 208,987 | bf16_mfu: 50.45 | epoch: 1 pq: 54 rg: 40 | total time: 197.13m | eta: 274.3m
step 02335/05568 (41.94%) | loss: 2.615137 | lrm: 0.90 | dt: 5017.59ms | tok/sec: 208,980 | bf16_mfu: 50.45 | epoch: 1 pq: 54 rg: 42 | total time: 197.22m | eta: 274.2m
step 02336/05568 (41.95%) | loss: 2.616947 | lrm: 0.90 | dt: 5019.91ms | tok/sec: 208,883 | bf16_mfu: 50.43 | epoch: 1 pq: 54 rg: 44 | total time: 197.30m | eta: 274.2m
step 02337/05568 (41.97%) | loss: 2.601967 | lrm: 0.90 | dt: 5024.68ms | tok/sec: 208,684 | bf16_mfu: 50.38 | epoch: 1 pq: 54 rg: 46 | total time: 197.38m | eta: 274.1m
step 02338/05568 (41.99%) | loss: 2.608298 | lrm: 0.90 | dt: 5019.87ms | tok/sec: 208,884 | bf16_mfu: 50.43 | epoch: 1 pq: 54 rg: 48 | total time: 197.47m | eta: 274.0m
step 02339/05568 (42.01%) | loss: 2.615707 | lrm: 0.90 | dt: 5028.95ms | tok/sec: 208,508 | bf16_mfu: 50.34 | epoch: 1 pq: 54 rg: 50 | total time: 197.55m | eta: 273.9m
step 02340/05568 (42.03%) | loss: 2.630952 | lrm: 0.90 | dt: 5019.24ms | tok/sec: 208,911 | bf16_mfu: 50.43 | epoch: 1 pq: 54 rg: 52 | total time: 197.63m | eta: 273.8m
step 02341/05568 (42.04%) | loss: 2.638710 | lrm: 0.90 | dt: 5020.33ms | tok/sec: 208,866 | bf16_mfu: 50.42 | epoch: 1 pq: 54 rg: 54 | total time: 197.72m | eta: 273.7m
step 02342/05568 (42.06%) | loss: 2.619069 | lrm: 0.90 | dt: 5023.96ms | tok/sec: 208,715 | bf16_mfu: 50.39 | epoch: 1 pq: 54 rg: 56 | total time: 197.80m | eta: 273.6m
step 02343/05568 (42.08%) | loss: 2.609763 | lrm: 0.90 | dt: 5021.70ms | tok/sec: 208,808 | bf16_mfu: 50.41 | epoch: 1 pq: 54 rg: 58 | total time: 197.89m | eta: 273.5m
step 02344/05568 (42.10%) | loss: 2.614885 | lrm: 0.90 | dt: 5018.06ms | tok/sec: 208,960 | bf16_mfu: 50.45 | epoch: 1 pq: 54 rg: 58 | total time: 197.97m | eta: 273.5m
step 02345/05568 (42.12%) | loss: 2.615781 | lrm: 0.90 | dt: 5020.27ms | tok/sec: 208,868 | bf16_mfu: 50.42 | epoch: 1 pq: 54 rg: 60 | total time: 198.05m | eta: 273.4m
step 02346/05568 (42.13%) | loss: 2.597953 | lrm: 0.90 | dt: 5023.13ms | tok/sec: 208,749 | bf16_mfu: 50.40 | epoch: 1 pq: 54 rg: 62 | total time: 198.14m | eta: 273.3m
step 02347/05568 (42.15%) | loss: 2.603876 | lrm: 0.90 | dt: 5024.52ms | tok/sec: 208,691 | bf16_mfu: 50.38 | epoch: 1 pq: 54 rg: 64 | total time: 198.22m | eta: 273.2m
step 02348/05568 (42.17%) | loss: 2.620012 | lrm: 0.90 | dt: 5016.88ms | tok/sec: 209,009 | bf16_mfu: 50.46 | epoch: 1 pq: 54 rg: 66 | total time: 198.30m | eta: 273.1m
step 02349/05568 (42.19%) | loss: 2.611744 | lrm: 0.89 | dt: 5022.43ms | tok/sec: 208,778 | bf16_mfu: 50.40 | epoch: 1 pq: 54 rg: 68 | total time: 198.39m | eta: 273.0m
step 02350/05568 (42.21%) | loss: 2.617760 | lrm: 0.89 | dt: 5057.34ms | tok/sec: 207,337 | bf16_mfu: 50.05 | epoch: 1 pq: 54 rg: 70 | total time: 198.47m | eta: 272.9m
step 02351/05568 (42.22%) | loss: 2.619557 | lrm: 0.89 | dt: 6156.21ms | tok/sec: 170,328 | bf16_mfu: 41.12 | epoch: 1 pq: 54 rg: 72 | total time: 198.57m | eta: 272.9m
step 02352/05568 (42.24%) | loss: 2.611076 | lrm: 0.89 | dt: 5003.72ms | tok/sec: 209,559 | bf16_mfu: 50.59 | epoch: 1 pq: 54 rg: 74 | total time: 198.66m | eta: 272.8m
step 02353/05568 (42.26%) | loss: 2.607510 | lrm: 0.89 | dt: 5018.10ms | tok/sec: 208,958 | bf16_mfu: 50.45 | epoch: 1 pq: 54 rg: 76 | total time: 198.74m | eta: 272.7m
step 02354/05568 (42.28%) | loss: 2.608240 | lrm: 0.89 | dt: 5021.81ms | tok/sec: 208,804 | bf16_mfu: 50.41 | epoch: 1 pq: 54 rg: 78 | total time: 198.83m | eta: 272.6m
step 02355/05568 (42.30%) | loss: 2.605013 | lrm: 0.89 | dt: 5018.43ms | tok/sec: 208,945 | bf16_mfu: 50.44 | epoch: 1 pq: 54 rg: 80 | total time: 198.91m | eta: 272.5m
step 02356/05568 (42.31%) | loss: 2.605722 | lrm: 0.89 | dt: 5022.88ms | tok/sec: 208,759 | bf16_mfu: 50.40 | epoch: 1 pq: 54 rg: 82 | total time: 198.99m | eta: 272.4m
step 02357/05568 (42.33%) | loss: 2.605814 | lrm: 0.89 | dt: 5016.76ms | tok/sec: 209,014 | bf16_mfu: 50.46 | epoch: 1 pq: 55 rg: 0 | total time: 199.08m | eta: 272.4m
step 02358/05568 (42.35%) | loss: 2.610424 | lrm: 0.89 | dt: 5016.70ms | tok/sec: 209,017 | bf16_mfu: 50.46 | epoch: 1 pq: 55 rg: 2 | total time: 199.16m | eta: 272.3m
step 02359/05568 (42.37%) | loss: 2.609521 | lrm: 0.89 | dt: 5019.13ms | tok/sec: 208,915 | bf16_mfu: 50.44 | epoch: 1 pq: 55 rg: 4 | total time: 199.24m | eta: 272.2m
step 02360/05568 (42.39%) | loss: 2.601195 | lrm: 0.89 | dt: 5016.12ms | tok/sec: 209,041 | bf16_mfu: 50.47 | epoch: 1 pq: 55 rg: 6 | total time: 199.33m | eta: 272.1m
step 02361/05568 (42.40%) | loss: 2.605678 | lrm: 0.89 | dt: 5021.89ms | tok/sec: 208,801 | bf16_mfu: 50.41 | epoch: 1 pq: 55 rg: 8 | total time: 199.41m | eta: 272.0m
step 02362/05568 (42.42%) | loss: 2.615599 | lrm: 0.89 | dt: 5008.03ms | tok/sec: 209,379 | bf16_mfu: 50.55 | epoch: 1 pq: 55 rg: 10 | total time: 199.49m | eta: 271.9m
step 02363/05568 (42.44%) | loss: 2.631175 | lrm: 0.89 | dt: 5014.60ms | tok/sec: 209,104 | bf16_mfu: 50.48 | epoch: 1 pq: 55 rg: 12 | total time: 199.58m | eta: 271.8m
step 02364/05568 (42.46%) | loss: 2.637932 | lrm: 0.89 | dt: 5022.21ms | tok/sec: 208,787 | bf16_mfu: 50.40 | epoch: 1 pq: 55 rg: 14 | total time: 199.66m | eta: 271.8m
step 02365/05568 (42.47%) | loss: 2.636454 | lrm: 0.89 | dt: 5017.33ms | tok/sec: 208,990 | bf16_mfu: 50.45 | epoch: 1 pq: 55 rg: 16 | total time: 199.75m | eta: 271.7m
step 02366/05568 (42.49%) | loss: 2.623674 | lrm: 0.89 | dt: 5017.81ms | tok/sec: 208,970 | bf16_mfu: 50.45 | epoch: 1 pq: 55 rg: 18 | total time: 199.83m | eta: 271.6m
step 02367/05568 (42.51%) | loss: 2.619088 | lrm: 0.89 | dt: 5011.94ms | tok/sec: 209,215 | bf16_mfu: 50.51 | epoch: 1 pq: 55 rg: 20 | total time: 199.91m | eta: 271.5m
step 02368/05568 (42.53%) | loss: 2.604008 | lrm: 0.89 | dt: 5588.28ms | tok/sec: 187,638 | bf16_mfu: 45.30 | epoch: 1 pq: 55 rg: 22 | total time: 200.01m | eta: 271.4m
step 02369/05568 (42.55%) | loss: 2.592854 | lrm: 0.89 | dt: 5016.38ms | tok/sec: 209,030 | bf16_mfu: 50.46 | epoch: 1 pq: 55 rg: 24 | total time: 200.09m | eta: 271.3m
step 02370/05568 (42.56%) | loss: 2.601722 | lrm: 0.89 | dt: 5025.30ms | tok/sec: 208,659 | bf16_mfu: 50.37 | epoch: 1 pq: 55 rg: 26 | total time: 200.17m | eta: 271.3m
step 02371/05568 (42.58%) | loss: 2.589775 | lrm: 0.89 | dt: 5017.11ms | tok/sec: 209,000 | bf16_mfu: 50.46 | epoch: 1 pq: 55 rg: 28 | total time: 200.26m | eta: 271.2m
step 02372/05568 (42.60%) | loss: 2.594211 | lrm: 0.89 | dt: 5025.13ms | tok/sec: 208,666 | bf16_mfu: 50.38 | epoch: 1 pq: 55 rg: 30 | total time: 200.34m | eta: 271.1m
step 02373/05568 (42.62%) | loss: 2.578128 | lrm: 0.89 | dt: 5028.84ms | tok/sec: 208,512 | bf16_mfu: 50.34 | epoch: 1 pq: 55 rg: 32 | total time: 200.42m | eta: 271.0m
step 02374/05568 (42.64%) | loss: 2.563606 | lrm: 0.89 | dt: 5021.69ms | tok/sec: 208,809 | bf16_mfu: 50.41 | epoch: 1 pq: 55 rg: 34 | total time: 200.51m | eta: 270.9m
step 02375/05568 (42.65%) | loss: 2.580847 | lrm: 0.89 | dt: 5021.33ms | tok/sec: 208,824 | bf16_mfu: 50.41 | epoch: 1 pq: 55 rg: 34 | total time: 200.59m | eta: 270.8m
step 02376/05568 (42.67%) | loss: 2.592958 | lrm: 0.89 | dt: 5026.05ms | tok/sec: 208,628 | bf16_mfu: 50.37 | epoch: 1 pq: 55 rg: 36 | total time: 200.68m | eta: 270.7m
step 02377/05568 (42.69%) | loss: 2.587917 | lrm: 0.89 | dt: 5021.86ms | tok/sec: 208,802 | bf16_mfu: 50.41 | epoch: 1 pq: 55 rg: 38 | total time: 200.76m | eta: 270.6m
step 02378/05568 (42.71%) | loss: 2.585149 | lrm: 0.89 | dt: 5024.31ms | tok/sec: 208,700 | bf16_mfu: 50.38 | epoch: 1 pq: 55 rg: 40 | total time: 200.84m | eta: 270.6m
step 02379/05568 (42.73%) | loss: 2.579180 | lrm: 0.89 | dt: 5019.97ms | tok/sec: 208,880 | bf16_mfu: 50.43 | epoch: 1 pq: 55 rg: 42 | total time: 200.93m | eta: 270.5m
step 02380/05568 (42.74%) | loss: 2.583808 | lrm: 0.89 | dt: 5015.16ms | tok/sec: 209,081 | bf16_mfu: 50.48 | epoch: 1 pq: 55 rg: 44 | total time: 201.01m | eta: 270.4m
step 02381/05568 (42.76%) | loss: 2.566893 | lrm: 0.89 | dt: 5023.51ms | tok/sec: 208,733 | bf16_mfu: 50.39 | epoch: 1 pq: 55 rg: 46 | total time: 201.09m | eta: 270.3m
step 02382/05568 (42.78%) | loss: 2.570955 | lrm: 0.89 | dt: 5017.60ms | tok/sec: 208,979 | bf16_mfu: 50.45 | epoch: 1 pq: 55 rg: 48 | total time: 201.18m | eta: 270.2m
step 02383/05568 (42.80%) | loss: 2.576669 | lrm: 0.89 | dt: 5021.64ms | tok/sec: 208,811 | bf16_mfu: 50.41 | epoch: 1 pq: 55 rg: 50 | total time: 201.26m | eta: 270.1m
step 02384/05568 (42.82%) | loss: 2.571231 | lrm: 0.89 | dt: 5021.86ms | tok/sec: 208,802 | bf16_mfu: 50.41 | epoch: 1 pq: 55 rg: 52 | total time: 201.34m | eta: 270.0m
step 02385/05568 (42.83%) | loss: 2.581604 | lrm: 0.89 | dt: 5018.54ms | tok/sec: 208,940 | bf16_mfu: 50.44 | epoch: 1 pq: 55 rg: 54 | total time: 201.43m | eta: 270.0m
step 02386/05568 (42.85%) | loss: 2.574427 | lrm: 0.89 | dt: 5020.79ms | tok/sec: 208,846 | bf16_mfu: 50.42 | epoch: 1 pq: 55 rg: 56 | total time: 201.51m | eta: 269.9m
step 02387/05568 (42.87%) | loss: 2.579001 | lrm: 0.89 | dt: 5016.14ms | tok/sec: 209,040 | bf16_mfu: 50.47 | epoch: 1 pq: 55 rg: 58 | total time: 201.60m | eta: 269.8m
step 02388/05568 (42.89%) | loss: 2.582111 | lrm: 0.88 | dt: 5024.21ms | tok/sec: 208,704 | bf16_mfu: 50.38 | epoch: 1 pq: 55 rg: 60 | total time: 201.68m | eta: 269.7m
step 02389/05568 (42.91%) | loss: 2.570984 | lrm: 0.88 | dt: 5003.32ms | tok/sec: 209,576 | bf16_mfu: 50.60 | epoch: 1 pq: 55 rg: 62 | total time: 201.76m | eta: 269.6m
step 02390/05568 (42.92%) | loss: 2.586939 | lrm: 0.88 | dt: 5022.32ms | tok/sec: 208,783 | bf16_mfu: 50.40 | epoch: 1 pq: 55 rg: 64 | total time: 201.85m | eta: 269.5m
step 02391/05568 (42.94%) | loss: 2.576553 | lrm: 0.88 | dt: 5020.28ms | tok/sec: 208,868 | bf16_mfu: 50.42 | epoch: 1 pq: 55 rg: 66 | total time: 201.93m | eta: 269.4m
step 02392/05568 (42.96%) | loss: 2.568724 | lrm: 0.88 | dt: 5023.13ms | tok/sec: 208,749 | bf16_mfu: 50.40 | epoch: 1 pq: 55 rg: 68 | total time: 202.01m | eta: 269.4m
step 02393/05568 (42.98%) | loss: 2.582880 | lrm: 0.88 | dt: 5021.23ms | tok/sec: 208,828 | bf16_mfu: 50.41 | epoch: 1 pq: 55 rg: 70 | total time: 202.10m | eta: 269.3m
step 02394/05568 (43.00%) | loss: 2.588102 | lrm: 0.88 | dt: 5017.23ms | tok/sec: 208,994 | bf16_mfu: 50.45 | epoch: 1 pq: 55 rg: 72 | total time: 202.18m | eta: 269.2m
step 02395/05568 (43.01%) | loss: 2.570484 | lrm: 0.88 | dt: 5026.80ms | tok/sec: 208,596 | bf16_mfu: 50.36 | epoch: 1 pq: 55 rg: 74 | total time: 202.27m | eta: 269.1m
step 02396/05568 (43.03%) | loss: 2.573705 | lrm: 0.88 | dt: 5026.91ms | tok/sec: 208,592 | bf16_mfu: 50.36 | epoch: 1 pq: 55 rg: 76 | total time: 202.35m | eta: 269.0m
step 02397/05568 (43.05%) | loss: 2.572899 | lrm: 0.88 | dt: 5023.66ms | tok/sec: 208,727 | bf16_mfu: 50.39 | epoch: 1 pq: 55 rg: 78 | total time: 202.43m | eta: 268.9m
step 02398/05568 (43.07%) | loss: 2.567234 | lrm: 0.88 | dt: 5031.72ms | tok/sec: 208,393 | bf16_mfu: 50.31 | epoch: 1 pq: 55 rg: 80 | total time: 202.52m | eta: 268.8m
step 02399/05568 (43.09%) | loss: 2.559580 | lrm: 0.88 | dt: 5024.93ms | tok/sec: 208,674 | bf16_mfu: 50.38 | epoch: 1 pq: 55 rg: 82 | total time: 202.60m | eta: 268.7m
step 02400/05568 (43.10%) | loss: 2.574714 | lrm: 0.88 | dt: 5221.10ms | tok/sec: 200,834 | bf16_mfu: 48.48 | epoch: 1 pq: 56 rg: 0 | total time: 202.69m | eta: 268.7m
step 02401/05568 (43.12%) | loss: 2.571777 | lrm: 0.88 | dt: 4987.19ms | tok/sec: 210,253 | bf16_mfu: 50.76 | epoch: 1 pq: 56 rg: 2 | total time: 202.77m | eta: 268.6m
step 02402/05568 (43.14%) | loss: 2.569580 | lrm: 0.88 | dt: 5012.54ms | tok/sec: 209,190 | bf16_mfu: 50.50 | epoch: 1 pq: 56 rg: 4 | total time: 202.85m | eta: 268.5m
step 02403/05568 (43.16%) | loss: 2.591646 | lrm: 0.88 | dt: 5017.41ms | tok/sec: 208,987 | bf16_mfu: 50.45 | epoch: 1 pq: 56 rg: 6 | total time: 202.94m | eta: 268.4m
step 02404/05568 (43.18%) | loss: 2.614131 | lrm: 0.88 | dt: 5021.32ms | tok/sec: 208,824 | bf16_mfu: 50.41 | epoch: 1 pq: 56 rg: 8 | total time: 203.02m | eta: 268.3m
step 02405/05568 (43.19%) | loss: 2.611010 | lrm: 0.88 | dt: 5013.38ms | tok/sec: 209,155 | bf16_mfu: 50.49 | epoch: 1 pq: 56 rg: 10 | total time: 203.10m | eta: 268.2m
step 02406/05568 (43.21%) | loss: 2.586647 | lrm: 0.88 | dt: 5017.18ms | tok/sec: 208,996 | bf16_mfu: 50.46 | epoch: 1 pq: 56 rg: 12 | total time: 203.19m | eta: 268.1m
step 02407/05568 (43.23%) | loss: 2.600347 | lrm: 0.88 | dt: 5031.58ms | tok/sec: 208,398 | bf16_mfu: 50.31 | epoch: 1 pq: 56 rg: 12 | total time: 203.27m | eta: 268.1m
step 02408/05568 (43.25%) | loss: 2.603880 | lrm: 0.88 | dt: 5022.90ms | tok/sec: 208,759 | bf16_mfu: 50.40 | epoch: 1 pq: 56 rg: 14 | total time: 203.36m | eta: 268.0m
step 02409/05568 (43.27%) | loss: 2.585809 | lrm: 0.88 | dt: 5015.51ms | tok/sec: 209,066 | bf16_mfu: 50.47 | epoch: 1 pq: 56 rg: 16 | total time: 203.44m | eta: 267.9m
step 02410/05568 (43.28%) | loss: 2.581725 | lrm: 0.88 | dt: 5012.67ms | tok/sec: 209,185 | bf16_mfu: 50.50 | epoch: 1 pq: 56 rg: 18 | total time: 203.52m | eta: 267.8m
step 02411/05568 (43.30%) | loss: 2.571243 | lrm: 0.88 | dt: 5014.74ms | tok/sec: 209,098 | bf16_mfu: 50.48 | epoch: 1 pq: 56 rg: 20 | total time: 203.61m | eta: 267.7m
step 02412/05568 (43.32%) | loss: 2.579985 | lrm: 0.88 | dt: 5013.29ms | tok/sec: 209,159 | bf16_mfu: 50.49 | epoch: 1 pq: 56 rg: 22 | total time: 203.69m | eta: 267.6m
step 02413/05568 (43.34%) | loss: 2.585224 | lrm: 0.88 | dt: 5017.58ms | tok/sec: 208,980 | bf16_mfu: 50.45 | epoch: 1 pq: 56 rg: 24 | total time: 203.77m | eta: 267.5m
step 02414/05568 (43.35%) | loss: 2.573560 | lrm: 0.88 | dt: 5016.07ms | tok/sec: 209,043 | bf16_mfu: 50.47 | epoch: 1 pq: 56 rg: 26 | total time: 203.86m | eta: 267.5m
step 02415/05568 (43.37%) | loss: 2.562112 | lrm: 0.88 | dt: 5019.16ms | tok/sec: 208,914 | bf16_mfu: 50.44 | epoch: 1 pq: 56 rg: 28 | total time: 203.94m | eta: 267.4m
step 02416/05568 (43.39%) | loss: 2.568425 | lrm: 0.88 | dt: 7247.36ms | tok/sec: 144,683 | bf16_mfu: 34.93 | epoch: 1 pq: 56 rg: 30 | total time: 204.06m | eta: 267.3m
step 02417/05568 (43.41%) | loss: 2.600718 | lrm: 0.88 | dt: 4981.67ms | tok/sec: 210,486 | bf16_mfu: 50.82 | epoch: 1 pq: 56 rg: 32 | total time: 204.15m | eta: 267.2m
step 02418/05568 (43.43%) | loss: 2.591075 | lrm: 0.88 | dt: 5023.74ms | tok/sec: 208,724 | bf16_mfu: 50.39 | epoch: 1 pq: 56 rg: 34 | total time: 204.23m | eta: 267.2m
step 02419/05568 (43.44%) | loss: 2.578515 | lrm: 0.88 | dt: 5008.62ms | tok/sec: 209,354 | bf16_mfu: 50.54 | epoch: 1 pq: 56 rg: 36 | total time: 204.31m | eta: 267.1m
step 02420/05568 (43.46%) | loss: 2.582560 | lrm: 0.88 | dt: 5021.85ms | tok/sec: 208,802 | bf16_mfu: 50.41 | epoch: 1 pq: 56 rg: 38 | total time: 204.40m | eta: 267.0m
step 02421/05568 (43.48%) | loss: 2.567342 | lrm: 0.88 | dt: 5022.37ms | tok/sec: 208,780 | bf16_mfu: 50.40 | epoch: 1 pq: 56 rg: 40 | total time: 204.48m | eta: 266.9m
step 02422/05568 (43.50%) | loss: 2.567578 | lrm: 0.88 | dt: 5023.88ms | tok/sec: 208,718 | bf16_mfu: 50.39 | epoch: 1 pq: 56 rg: 42 | total time: 204.56m | eta: 266.8m
step 02423/05568 (43.52%) | loss: 2.568564 | lrm: 0.88 | dt: 5020.40ms | tok/sec: 208,862 | bf16_mfu: 50.42 | epoch: 1 pq: 56 rg: 44 | total time: 204.65m | eta: 266.7m
step 02424/05568 (43.53%) | loss: 2.594835 | lrm: 0.88 | dt: 5016.47ms | tok/sec: 209,026 | bf16_mfu: 50.46 | epoch: 1 pq: 56 rg: 46 | total time: 204.73m | eta: 266.6m
step 02425/05568 (43.55%) | loss: 2.584716 | lrm: 0.88 | dt: 5017.64ms | tok/sec: 208,977 | bf16_mfu: 50.45 | epoch: 1 pq: 56 rg: 48 | total time: 204.81m | eta: 266.6m
step 02426/05568 (43.57%) | loss: 2.576941 | lrm: 0.87 | dt: 5028.10ms | tok/sec: 208,543 | bf16_mfu: 50.35 | epoch: 1 pq: 56 rg: 50 | total time: 204.90m | eta: 266.5m
step 02427/05568 (43.59%) | loss: 2.575307 | lrm: 0.87 | dt: 5023.73ms | tok/sec: 208,724 | bf16_mfu: 50.39 | epoch: 1 pq: 56 rg: 52 | total time: 204.98m | eta: 266.4m
step 02428/05568 (43.61%) | loss: 2.597107 | lrm: 0.87 | dt: 5041.66ms | tok/sec: 207,982 | bf16_mfu: 50.21 | epoch: 1 pq: 56 rg: 54 | total time: 205.07m | eta: 266.3m
step 02429/05568 (43.62%) | loss: 2.588884 | lrm: 0.87 | dt: 5008.76ms | tok/sec: 209,348 | bf16_mfu: 50.54 | epoch: 1 pq: 56 rg: 56 | total time: 205.15m | eta: 266.2m
step 02430/05568 (43.64%) | loss: 2.592313 | lrm: 0.87 | dt: 5151.33ms | tok/sec: 203,554 | bf16_mfu: 49.14 | epoch: 1 pq: 56 rg: 58 | total time: 205.24m | eta: 266.1m
step 02431/05568 (43.66%) | loss: 2.598302 | lrm: 0.87 | dt: 5017.81ms | tok/sec: 208,970 | bf16_mfu: 50.45 | epoch: 1 pq: 56 rg: 60 | total time: 205.32m | eta: 266.0m
step 02432/05568 (43.68%) | loss: 2.584695 | lrm: 0.87 | dt: 5016.41ms | tok/sec: 209,029 | bf16_mfu: 50.46 | epoch: 1 pq: 56 rg: 62 | total time: 205.40m | eta: 266.0m
step 02433/05568 (43.70%) | loss: 2.576079 | lrm: 0.87 | dt: 5016.20ms | tok/sec: 209,037 | bf16_mfu: 50.47 | epoch: 1 pq: 56 rg: 64 | total time: 205.49m | eta: 265.9m
step 02434/05568 (43.71%) | loss: 2.585291 | lrm: 0.87 | dt: 5013.29ms | tok/sec: 209,159 | bf16_mfu: 50.49 | epoch: 1 pq: 56 rg: 66 | total time: 205.57m | eta: 265.8m
step 02435/05568 (43.73%) | loss: 2.590243 | lrm: 0.87 | dt: 5024.42ms | tok/sec: 208,695 | bf16_mfu: 50.38 | epoch: 1 pq: 56 rg: 68 | total time: 205.65m | eta: 265.7m
step 02436/05568 (43.75%) | loss: 2.579239 | lrm: 0.87 | dt: 5014.76ms | tok/sec: 209,097 | bf16_mfu: 50.48 | epoch: 1 pq: 56 rg: 68 | total time: 205.74m | eta: 265.6m
step 02437/05568 (43.77%) | loss: 2.574491 | lrm: 0.87 | dt: 5021.45ms | tok/sec: 208,819 | bf16_mfu: 50.41 | epoch: 1 pq: 56 rg: 70 | total time: 205.82m | eta: 265.5m
step 02438/05568 (43.79%) | loss: 2.576524 | lrm: 0.87 | dt: 5010.83ms | tok/sec: 209,262 | bf16_mfu: 50.52 | epoch: 1 pq: 56 rg: 72 | total time: 205.90m | eta: 265.4m
step 02439/05568 (43.80%) | loss: 2.574009 | lrm: 0.87 | dt: 5007.26ms | tok/sec: 209,410 | bf16_mfu: 50.56 | epoch: 1 pq: 56 rg: 74 | total time: 205.99m | eta: 265.3m
step 02440/05568 (43.82%) | loss: 2.579600 | lrm: 0.87 | dt: 5021.16ms | tok/sec: 208,831 | bf16_mfu: 50.42 | epoch: 1 pq: 56 rg: 76 | total time: 206.07m | eta: 265.3m
step 02441/05568 (43.84%) | loss: 2.585959 | lrm: 0.87 | dt: 5019.06ms | tok/sec: 208,918 | bf16_mfu: 50.44 | epoch: 1 pq: 56 rg: 78 | total time: 206.15m | eta: 265.2m
step 02442/05568 (43.86%) | loss: 2.575261 | lrm: 0.87 | dt: 5019.00ms | tok/sec: 208,921 | bf16_mfu: 50.44 | epoch: 1 pq: 56 rg: 80 | total time: 206.24m | eta: 265.1m
step 02443/05568 (43.88%) | loss: 2.575661 | lrm: 0.87 | dt: 5021.39ms | tok/sec: 208,821 | bf16_mfu: 50.41 | epoch: 1 pq: 56 rg: 82 | total time: 206.32m | eta: 265.0m
step 02444/05568 (43.89%) | loss: 2.581951 | lrm: 0.87 | dt: 5029.22ms | tok/sec: 208,496 | bf16_mfu: 50.33 | epoch: 1 pq: 57 rg: 0 | total time: 206.41m | eta: 264.9m
step 02445/05568 (43.91%) | loss: 2.582919 | lrm: 0.87 | dt: 5132.15ms | tok/sec: 204,315 | bf16_mfu: 49.33 | epoch: 1 pq: 57 rg: 2 | total time: 206.49m | eta: 264.8m
step 02446/05568 (43.93%) | loss: 2.577609 | lrm: 0.87 | dt: 5014.46ms | tok/sec: 209,110 | bf16_mfu: 50.48 | epoch: 1 pq: 57 rg: 4 | total time: 206.58m | eta: 264.7m
step 02447/05568 (43.95%) | loss: 2.592639 | lrm: 0.87 | dt: 5015.31ms | tok/sec: 209,074 | bf16_mfu: 50.47 | epoch: 1 pq: 57 rg: 6 | total time: 206.66m | eta: 264.7m
step 02448/05568 (43.97%) | loss: 2.599848 | lrm: 0.87 | dt: 5033.30ms | tok/sec: 208,327 | bf16_mfu: 50.29 | epoch: 1 pq: 57 rg: 8 | total time: 206.74m | eta: 264.6m
step 02449/05568 (43.98%) | loss: 2.584425 | lrm: 0.87 | dt: 5014.65ms | tok/sec: 209,102 | bf16_mfu: 50.48 | epoch: 1 pq: 57 rg: 10 | total time: 206.83m | eta: 264.5m
step 02450/05568 (44.00%) | loss: 2.592374 | lrm: 0.87 | dt: 5023.59ms | tok/sec: 208,730 | bf16_mfu: 50.39 | epoch: 1 pq: 57 rg: 12 | total time: 206.91m | eta: 264.4m
step 02451/05568 (44.02%) | loss: 2.567283 | lrm: 0.87 | dt: 5018.72ms | tok/sec: 208,932 | bf16_mfu: 50.44 | epoch: 1 pq: 57 rg: 14 | total time: 206.99m | eta: 264.3m
step 02452/05568 (44.04%) | loss: 2.586369 | lrm: 0.87 | dt: 5019.34ms | tok/sec: 208,907 | bf16_mfu: 50.43 | epoch: 1 pq: 57 rg: 16 | total time: 207.08m | eta: 264.2m
step 02453/05568 (44.06%) | loss: 2.605584 | lrm: 0.87 | dt: 5021.00ms | tok/sec: 208,837 | bf16_mfu: 50.42 | epoch: 1 pq: 57 rg: 18 | total time: 207.16m | eta: 264.1m
step 02454/05568 (44.07%) | loss: 2.602185 | lrm: 0.87 | dt: 5016.98ms | tok/sec: 209,005 | bf16_mfu: 50.46 | epoch: 1 pq: 57 rg: 20 | total time: 207.24m | eta: 264.1m
step 02455/05568 (44.09%) | loss: 2.591597 | lrm: 0.87 | dt: 5018.92ms | tok/sec: 208,924 | bf16_mfu: 50.44 | epoch: 1 pq: 57 rg: 22 | total time: 207.33m | eta: 264.0m
step 02456/05568 (44.11%) | loss: 2.589502 | lrm: 0.87 | dt: 5018.27ms | tok/sec: 208,951 | bf16_mfu: 50.44 | epoch: 1 pq: 57 rg: 24 | total time: 207.41m | eta: 263.9m
step 02457/05568 (44.13%) | loss: 2.597681 | lrm: 0.87 | dt: 5019.98ms | tok/sec: 208,880 | bf16_mfu: 50.43 | epoch: 1 pq: 57 rg: 26 | total time: 207.50m | eta: 263.8m
step 02458/05568 (44.15%) | loss: 2.603673 | lrm: 0.87 | dt: 5019.13ms | tok/sec: 208,915 | bf16_mfu: 50.44 | epoch: 1 pq: 57 rg: 28 | total time: 207.58m | eta: 263.7m
step 02459/05568 (44.16%) | loss: 2.630077 | lrm: 0.87 | dt: 5027.68ms | tok/sec: 208,560 | bf16_mfu: 50.35 | epoch: 1 pq: 57 rg: 30 | total time: 207.66m | eta: 263.6m
step 02460/05568 (44.18%) | loss: 2.625459 | lrm: 0.87 | dt: 5014.11ms | tok/sec: 209,125 | bf16_mfu: 50.49 | epoch: 1 pq: 57 rg: 32 | total time: 207.75m | eta: 263.5m
step 02461/05568 (44.20%) | loss: 2.631963 | lrm: 0.87 | dt: 5014.59ms | tok/sec: 209,105 | bf16_mfu: 50.48 | epoch: 1 pq: 57 rg: 34 | total time: 207.83m | eta: 263.5m
step 02462/05568 (44.22%) | loss: 2.625717 | lrm: 0.87 | dt: 5013.27ms | tok/sec: 209,160 | bf16_mfu: 50.49 | epoch: 1 pq: 57 rg: 36 | total time: 207.91m | eta: 263.4m
step 02463/05568 (44.23%) | loss: 2.613402 | lrm: 0.87 | dt: 5020.07ms | tok/sec: 208,876 | bf16_mfu: 50.43 | epoch: 1 pq: 57 rg: 38 | total time: 208.00m | eta: 263.3m
step 02464/05568 (44.25%) | loss: 2.613615 | lrm: 0.86 | dt: 5026.01ms | tok/sec: 208,630 | bf16_mfu: 50.37 | epoch: 1 pq: 57 rg: 38 | total time: 208.08m | eta: 263.2m
step 02465/05568 (44.27%) | loss: 2.605149 | lrm: 0.86 | dt: 5016.84ms | tok/sec: 209,011 | bf16_mfu: 50.46 | epoch: 1 pq: 57 rg: 40 | total time: 208.16m | eta: 263.1m
step 02466/05568 (44.29%) | loss: 2.622716 | lrm: 0.86 | dt: 5022.64ms | tok/sec: 208,770 | bf16_mfu: 50.40 | epoch: 1 pq: 57 rg: 42 | total time: 208.25m | eta: 263.0m
step 02467/05568 (44.31%) | loss: 2.616392 | lrm: 0.86 | dt: 5551.03ms | tok/sec: 188,897 | bf16_mfu: 45.60 | epoch: 1 pq: 57 rg: 44 | total time: 208.34m | eta: 262.9m
step 02468/05568 (44.32%) | loss: 2.602240 | lrm: 0.86 | dt: 5008.23ms | tok/sec: 209,370 | bf16_mfu: 50.55 | epoch: 1 pq: 57 rg: 46 | total time: 208.42m | eta: 262.9m
step 02469/05568 (44.34%) | loss: 2.599898 | lrm: 0.86 | dt: 5023.57ms | tok/sec: 208,731 | bf16_mfu: 50.39 | epoch: 1 pq: 57 rg: 48 | total time: 208.51m | eta: 262.8m
step 02470/05568 (44.36%) | loss: 2.589079 | lrm: 0.86 | dt: 5021.91ms | tok/sec: 208,800 | bf16_mfu: 50.41 | epoch: 1 pq: 57 rg: 50 | total time: 208.59m | eta: 262.7m
step 02471/05568 (44.38%) | loss: 2.595514 | lrm: 0.86 | dt: 5024.43ms | tok/sec: 208,695 | bf16_mfu: 50.38 | epoch: 1 pq: 57 rg: 52 | total time: 208.68m | eta: 262.6m
step 02472/05568 (44.40%) | loss: 2.601025 | lrm: 0.86 | dt: 5018.67ms | tok/sec: 208,934 | bf16_mfu: 50.44 | epoch: 1 pq: 57 rg: 54 | total time: 208.76m | eta: 262.5m
step 02473/05568 (44.41%) | loss: 2.613891 | lrm: 0.86 | dt: 5019.99ms | tok/sec: 208,880 | bf16_mfu: 50.43 | epoch: 1 pq: 57 rg: 56 | total time: 208.84m | eta: 262.4m
step 02474/05568 (44.43%) | loss: 2.609333 | lrm: 0.86 | dt: 5018.46ms | tok/sec: 208,943 | bf16_mfu: 50.44 | epoch: 1 pq: 57 rg: 58 | total time: 208.93m | eta: 262.3m
step 02475/05568 (44.45%) | loss: 2.606015 | lrm: 0.86 | dt: 5016.91ms | tok/sec: 209,008 | bf16_mfu: 50.46 | epoch: 1 pq: 57 rg: 60 | total time: 209.01m | eta: 262.3m
step 02476/05568 (44.47%) | loss: 2.584787 | lrm: 0.86 | dt: 5025.06ms | tok/sec: 208,669 | bf16_mfu: 50.38 | epoch: 1 pq: 57 rg: 62 | total time: 209.09m | eta: 262.2m
step 02477/05568 (44.49%) | loss: 2.563547 | lrm: 0.86 | dt: 5009.54ms | tok/sec: 209,316 | bf16_mfu: 50.53 | epoch: 1 pq: 57 rg: 64 | total time: 209.18m | eta: 262.1m
step 02478/05568 (44.50%) | loss: 2.570981 | lrm: 0.86 | dt: 5022.66ms | tok/sec: 208,769 | bf16_mfu: 50.40 | epoch: 1 pq: 57 rg: 66 | total time: 209.26m | eta: 262.0m
step 02479/05568 (44.52%) | loss: 2.589497 | lrm: 0.86 | dt: 5026.84ms | tok/sec: 208,595 | bf16_mfu: 50.36 | epoch: 1 pq: 57 rg: 68 | total time: 209.34m | eta: 261.9m
step 02480/05568 (44.54%) | loss: 2.596007 | lrm: 0.86 | dt: 5016.73ms | tok/sec: 209,016 | bf16_mfu: 50.46 | epoch: 1 pq: 57 rg: 70 | total time: 209.43m | eta: 261.8m
step 02481/05568 (44.56%) | loss: 2.592902 | lrm: 0.86 | dt: 5014.02ms | tok/sec: 209,128 | bf16_mfu: 50.49 | epoch: 1 pq: 57 rg: 72 | total time: 209.51m | eta: 261.7m
step 02482/05568 (44.58%) | loss: 2.609097 | lrm: 0.86 | dt: 5028.68ms | tok/sec: 208,519 | bf16_mfu: 50.34 | epoch: 1 pq: 57 rg: 74 | total time: 209.60m | eta: 261.7m
step 02483/05568 (44.59%) | loss: 2.615614 | lrm: 0.86 | dt: 5015.59ms | tok/sec: 209,063 | bf16_mfu: 50.47 | epoch: 1 pq: 57 rg: 76 | total time: 209.68m | eta: 261.6m
step 02484/05568 (44.61%) | loss: 2.596333 | lrm: 0.86 | dt: 5027.41ms | tok/sec: 208,572 | bf16_mfu: 50.35 | epoch: 1 pq: 57 rg: 78 | total time: 209.76m | eta: 261.5m
step 02485/05568 (44.63%) | loss: 2.603782 | lrm: 0.86 | dt: 5013.79ms | tok/sec: 209,138 | bf16_mfu: 50.49 | epoch: 1 pq: 57 rg: 80 | total time: 209.85m | eta: 261.4m
step 02486/05568 (44.65%) | loss: 2.620051 | lrm: 0.86 | dt: 5017.02ms | tok/sec: 209,003 | bf16_mfu: 50.46 | epoch: 1 pq: 58 rg: 0 | total time: 209.93m | eta: 261.3m
step 02487/05568 (44.67%) | loss: 2.631462 | lrm: 0.86 | dt: 5025.43ms | tok/sec: 208,653 | bf16_mfu: 50.37 | epoch: 1 pq: 58 rg: 2 | total time: 210.01m | eta: 261.2m
step 02488/05568 (44.68%) | loss: 2.621325 | lrm: 0.86 | dt: 5015.61ms | tok/sec: 209,062 | bf16_mfu: 50.47 | epoch: 1 pq: 58 rg: 4 | total time: 210.10m | eta: 261.1m
step 02489/05568 (44.70%) | loss: 2.614002 | lrm: 0.86 | dt: 5012.90ms | tok/sec: 209,175 | bf16_mfu: 50.50 | epoch: 1 pq: 58 rg: 6 | total time: 210.18m | eta: 261.1m
step 02490/05568 (44.72%) | loss: 2.610412 | lrm: 0.86 | dt: 5022.50ms | tok/sec: 208,775 | bf16_mfu: 50.40 | epoch: 1 pq: 58 rg: 8 | total time: 210.27m | eta: 261.0m
step 02491/05568 (44.74%) | loss: 2.606115 | lrm: 0.86 | dt: 5015.64ms | tok/sec: 209,061 | bf16_mfu: 50.47 | epoch: 1 pq: 58 rg: 10 | total time: 210.35m | eta: 260.9m
step 02492/05568 (44.76%) | loss: 2.603597 | lrm: 0.86 | dt: 5009.40ms | tok/sec: 209,321 | bf16_mfu: 50.53 | epoch: 1 pq: 58 rg: 12 | total time: 210.43m | eta: 260.8m
step 02493/05568 (44.77%) | loss: 2.583875 | lrm: 0.86 | dt: 5025.30ms | tok/sec: 208,659 | bf16_mfu: 50.37 | epoch: 1 pq: 58 rg: 12 | total time: 210.52m | eta: 260.7m
step 02494/05568 (44.79%) | loss: 2.594668 | lrm: 0.86 | dt: 5016.22ms | tok/sec: 209,037 | bf16_mfu: 50.47 | epoch: 1 pq: 58 rg: 14 | total time: 210.60m | eta: 260.6m
step 02495/05568 (44.81%) | loss: 2.578519 | lrm: 0.86 | dt: 5016.98ms | tok/sec: 209,005 | bf16_mfu: 50.46 | epoch: 1 pq: 58 rg: 16 | total time: 210.68m | eta: 260.5m
step 02496/05568 (44.83%) | loss: 2.584457 | lrm: 0.86 | dt: 5017.44ms | tok/sec: 208,986 | bf16_mfu: 50.45 | epoch: 1 pq: 58 rg: 18 | total time: 210.77m | eta: 260.4m
step 02497/05568 (44.85%) | loss: 2.587196 | lrm: 0.86 | dt: 5017.88ms | tok/sec: 208,967 | bf16_mfu: 50.45 | epoch: 1 pq: 58 rg: 20 | total time: 210.85m | eta: 260.4m
step 02498/05568 (44.86%) | loss: 2.596719 | lrm: 0.86 | dt: 5014.48ms | tok/sec: 209,109 | bf16_mfu: 50.48 | epoch: 1 pq: 58 rg: 22 | total time: 210.93m | eta: 260.3m
step 02499/05568 (44.88%) | loss: 2.586877 | lrm: 0.86 | dt: 5022.34ms | tok/sec: 208,782 | bf16_mfu: 50.40 | epoch: 1 pq: 58 rg: 24 | total time: 211.02m | eta: 260.2m
Step 02500 | Validation bpb: 0.788623
step 02500/05568 (44.90%) | loss: 2.591481 | lrm: 0.86 | dt: 5026.89ms | tok/sec: 208,593 | bf16_mfu: 50.36 | epoch: 1 pq: 58 rg: 26 | total time: 211.10m | eta: 260.1m
step 02501/05568 (44.92%) | loss: 2.594827 | lrm: 0.86 | dt: 5025.23ms | tok/sec: 208,662 | bf16_mfu: 50.37 | epoch: 1 pq: 58 rg: 28 | total time: 211.19m | eta: 260.0m
step 02502/05568 (44.94%) | loss: 2.591750 | lrm: 0.85 | dt: 5047.15ms | tok/sec: 207,756 | bf16_mfu: 50.16 | epoch: 1 pq: 58 rg: 30 | total time: 211.27m | eta: 259.9m
step 02503/05568 (44.95%) | loss: 2.591012 | lrm: 0.85 | dt: 5021.52ms | tok/sec: 208,816 | bf16_mfu: 50.41 | epoch: 1 pq: 58 rg: 32 | total time: 211.35m | eta: 259.8m
step 02504/05568 (44.97%) | loss: 2.587055 | lrm: 0.85 | dt: 5647.58ms | tok/sec: 185,668 | bf16_mfu: 44.82 | epoch: 1 pq: 58 rg: 34 | total time: 211.45m | eta: 259.8m
step 02505/05568 (44.99%) | loss: 2.600378 | lrm: 0.85 | dt: 4992.89ms | tok/sec: 210,013 | bf16_mfu: 50.70 | epoch: 1 pq: 58 rg: 36 | total time: 211.53m | eta: 259.7m
step 02506/05568 (45.01%) | loss: 2.613087 | lrm: 0.85 | dt: 5023.06ms | tok/sec: 208,752 | bf16_mfu: 50.40 | epoch: 1 pq: 58 rg: 38 | total time: 211.61m | eta: 259.6m
step 02507/05568 (45.03%) | loss: 2.606767 | lrm: 0.85 | dt: 5023.08ms | tok/sec: 208,751 | bf16_mfu: 50.40 | epoch: 1 pq: 58 rg: 40 | total time: 211.70m | eta: 259.5m
step 02508/05568 (45.04%) | loss: 2.604829 | lrm: 0.85 | dt: 5020.04ms | tok/sec: 208,878 | bf16_mfu: 50.43 | epoch: 1 pq: 58 rg: 42 | total time: 211.78m | eta: 259.4m
step 02509/05568 (45.06%) | loss: 2.603573 | lrm: 0.85 | dt: 5510.86ms | tok/sec: 190,274 | bf16_mfu: 45.94 | epoch: 1 pq: 58 rg: 44 | total time: 211.87m | eta: 259.4m
step 02510/05568 (45.08%) | loss: 2.599091 | lrm: 0.85 | dt: 5035.24ms | tok/sec: 208,247 | bf16_mfu: 50.27 | epoch: 1 pq: 58 rg: 46 | total time: 211.96m | eta: 259.3m
step 02511/05568 (45.10%) | loss: 2.610914 | lrm: 0.85 | dt: 5010.31ms | tok/sec: 209,283 | bf16_mfu: 50.52 | epoch: 1 pq: 58 rg: 48 | total time: 212.04m | eta: 259.2m
step 02512/05568 (45.11%) | loss: 2.611670 | lrm: 0.85 | dt: 5030.11ms | tok/sec: 208,459 | bf16_mfu: 50.33 | epoch: 1 pq: 58 rg: 50 | total time: 212.12m | eta: 259.1m
step 02513/05568 (45.13%) | loss: 2.610359 | lrm: 0.85 | dt: 5012.99ms | tok/sec: 209,171 | bf16_mfu: 50.50 | epoch: 1 pq: 58 rg: 52 | total time: 212.21m | eta: 259.0m
step 02514/05568 (45.15%) | loss: 2.601226 | lrm: 0.85 | dt: 5029.52ms | tok/sec: 208,484 | bf16_mfu: 50.33 | epoch: 1 pq: 58 rg: 54 | total time: 212.29m | eta: 258.9m
---------------------------------------
Begin Slurm Epilog: Apr-24-2026 17:28:04
Job ID:        5057009
User ID:       pzolotarev3
Account:       coc
Job name:      nanochat-stage2a
Resources:     cpu=8,gres/gpu:h100=2,mem=96G,node=1
Rsrc Used:     cput=1-07:20:00,vmem=0,walltime=03:55:00,mem=28742056K,energy_used=0
Partition:     ice-gpu
QOS:           coc-ice
Nodes:         atl1-1-03-012-18-0
---------------------------------------
